source_id,source_class,ra_deg,dec_deg,distance_optional,proper_motion_ra_optional,proper_motion_dec_optional,radial_velocity_optional,metadata_json_optional
J0002+6216,pulsar,0.742375,62.26927777777777,,,,,"{""catalogue"": ""ATNF""}"
J0006+1834,pulsar,1.5200000000000002,18.583055555555557,,,,,"{""catalogue"": ""ATNF""}"
J0007+7303,pulsar,1.7570833333333333,73.05205555555555,,,,,"{""catalogue"": ""ATNF""}"
J0012+5431,pulsar,3.0970833333333334,54.52972222222222,,,,,"{""catalogue"": ""ATNF""}"
J0014+4746,pulsar,3.573958333333333,47.77594444444444,,,,,"{""catalogue"": ""ATNF""}"
J0021-0909,pulsar,5.464458333333333,-9.166305555555557,,,,,"{""catalogue"": ""ATNF""}"
J0023+0923,pulsar,5.820322908333334,9.389961222222222,,,,,"{""catalogue"": ""ATNF""}"
J0024-7204aa,pulsar,6.023625,-72.08128333333333,,,,,"{""catalogue"": ""ATNF""}"
J0024-7204ab,pulsar,6.03400625,-72.07988944444445,,,,,"{""catalogue"": ""ATNF""}"
J0024-7204ac,pulsar,6.023625,-72.06805555555555,,,,,"{""catalogue"": ""ATNF""}"
J0024-7204ad,pulsar,6.023625,-72.06805555555555,,,,,"{""catalogue"": ""ATNF""}"
J0024-7204C,pulsar,5.959810833333334,-72.075418,,,,,"{""catalogue"": ""ATNF""}"
J0024-7204D,pulsar,6.057837166666667,-72.07884788888889,,,,,"{""catalogue"": ""ATNF""}"
J0024-7204E,pulsar,6.046272,-72.08893033333332,,,,,"{""catalogue"": ""ATNF""}"
J0024-7204F,pulsar,6.016064458333334,-72.07856063888889,,,,,"{""catalogue"": ""ATNF""}"
J0024-7204G,pulsar,6.033167916666667,-72.07769527777778,,,,,"{""catalogue"": ""ATNF""}"
J0024-7204H,pulsar,6.02793,-72.06855741666666,,,,,"{""catalogue"": ""ATNF""}"
J0024-7204I,pulsar,6.03306125,-72.07768930555555,,,,,"{""catalogue"": ""ATNF""}"
J0024-7204J,pulsar,5.997532083333334,-72.06633077777778,,,,,"{""catalogue"": ""ATNF""}"
J0024-7204L,pulsar,6.0157170833333335,-72.08247861111111,,,,,"{""catalogue"": ""ATNF""}"
J0024-7204M,pulsar,5.97704125,-72.09187666666666,,,,,"{""catalogue"": ""ATNF""}"
J0024-7204N,pulsar,6.038283333333334,-72.0746918611111,,,,,"{""catalogue"": ""ATNF""}"
J0024-7204O,pulsar,6.019385583333333,-72.08160194444444,,,,,"{""catalogue"": ""ATNF""}"
J0024-7204P,pulsar,6.083333333333333,-72.06944444444444,,,,,"{""catalogue"": ""ATNF""}"
J0024-7204Q,pulsar,6.068712083333334,-72.07365677777777,,,,,"{""catalogue"": ""ATNF""}"
J0024-7204R,pulsar,6.031604583333333,-72.08066538888889,,,,,"{""catalogue"": ""ATNF""}"
J0024-7204S,pulsar,6.016580833333334,-72.07843138888889,,,,,"{""catalogue"": ""ATNF""}"
J0024-7204T,pulsar,6.03562125,-72.07748111111111,,,,,"{""catalogue"": ""ATNF""}"
J0024-7204U,pulsar,6.040985833333334,-72.06658005555555,,,,,"{""catalogue"": ""ATNF""}"
J0024-7204V,pulsar,6.023625,-72.08128333333333,,,,,"{""catalogue"": ""ATNF""}"
J0024-7204W,pulsar,6.025241666666667,-72.08030222222222,,,,,"{""catalogue"": ""ATNF""}"
J0024-7204X,pulsar,6.093273541666667,-72.0215115,,,,,"{""catalogue"": ""ATNF""}"
J0024-7204Y,pulsar,6.005844166666668,-72.07828786111111,,,,,"{""catalogue"": ""ATNF""}"
J0024-7204Z,pulsar,6.025170833333334,-72.08374444444443,,,,,"{""catalogue"": ""ATNF""}"
J0026-1955,pulsar,6.65,-19.93305555555556,,,,,"{""catalogue"": ""ATNF""}"
J0026+6320,pulsar,6.710670833333333,63.333575,,,,,"{""catalogue"": ""ATNF""}"
J0030+0451,pulsar,7.61428125,4.861031,,,,,"{""catalogue"": ""ATNF""}"
J0034-0534,pulsar,8.590975916666666,-5.576867222222222,,,,,"{""catalogue"": ""ATNF""}"
J0034-0721,pulsar,8.536959583333333,-7.364835833333333,,,,,"{""catalogue"": ""ATNF""}"
J0036-1033,pulsar,9.062541666666666,-10.553944444444445,,,,,"{""catalogue"": ""ATNF""}"
J0038-2501,pulsar,9.542766666666667,-25.02520277777778,,,,,"{""catalogue"": ""ATNF""}"
J0040+5716,pulsar,10.134957916666666,57.27356472222222,,,,,"{""catalogue"": ""ATNF""}"
J0045-7042,pulsar,11.357041666666667,-70.70197222222222,,,,,"{""catalogue"": ""ATNF""}"
J0045-7319,pulsar,11.3965,-73.3175,,,,,"{""catalogue"": ""ATNF""}"
J0048+3412,pulsar,12.141583333333333,34.202222222222225,,,,,"{""catalogue"": ""ATNF""}"
J0051+0423,pulsar,12.875416666666666,4.380277777777778,,,,,"{""catalogue"": ""ATNF""}"
J0054+6946,pulsar,13.746316666666667,69.77134722222222,,,,,"{""catalogue"": ""ATNF""}"
J0055+5117,pulsar,13.939158749999999,51.290166944444444,,,,,"{""catalogue"": ""ATNF""}"
J0056+4756,pulsar,14.106291666666667,47.936249999999994,,,,,"{""catalogue"": ""ATNF""}"
J0057-7201,pulsar,14.433333333333334,-72.02194444444444,,,,,"{""catalogue"": ""ATNF""}"
J0058+4950,pulsar,14.541583333333334,49.84055555555556,,,,,"{""catalogue"": ""ATNF""}"
J0058-7218,pulsar,14.569583333333332,-72.30166666666666,,,,,"{""catalogue"": ""ATNF""}"
J0100-7211,pulsar,15.179291666666666,-72.19266666666667,,,,,"{""catalogue"": ""ATNF""}"
J0100+8023,pulsar,15.067041666666666,80.39493055555556,,,,,"{""catalogue"": ""ATNF""}"
J0101-6422,pulsar,15.296317916666666,-64.3750475,,,,,"{""catalogue"": ""ATNF""}"
J0102+4839,pulsar,15.711121708333334,48.66187880555555,,,,,"{""catalogue"": ""ATNF""}"
J0102+6537,pulsar,15.63746416666667,65.62039333333333,,,,,"{""catalogue"": ""ATNF""}"
J0106+4855,pulsar,16.60441666666667,48.93105555555555,,,,,"{""catalogue"": ""ATNF""}"
J0107+1322,pulsar,16.916458333333335,13.375472222222223,,,,,"{""catalogue"": ""ATNF""}"
J0108-1431,pulsar,17.03477923333333,-14.530607527777779,,,,,"{""catalogue"": ""ATNF""}"
J0108+6608,pulsar,17.093770416666665,66.14291638888889,,,,,"{""catalogue"": ""ATNF""}"
J0108+6905,pulsar,17.122916666666665,69.09795277777778,,,,,"{""catalogue"": ""ATNF""}"
J0111+6624,pulsar,17.841125,66.403,,,,,"{""catalogue"": ""ATNF""}"
J0111-7131,pulsar,17.869875,-71.52966666666667,,,,,"{""catalogue"": ""ATNF""}"
J0113-7220,pulsar,18.296208333333336,-72.34227777777777,,,,,"{""catalogue"": ""ATNF""}"
J0115+6325,pulsar,18.941125,63.43077777777778,,,,,"{""catalogue"": ""ATNF""}"
J0117+5914,pulsar,19.4110875,59.24399722222223,,,,,"{""catalogue"": ""ATNF""}"
J0122+1416,pulsar,20.505458333333333,14.27138888888889,,,,,"{""catalogue"": ""ATNF""}"
J0125-2327,pulsar,21.254476366666665,-23.452259694444443,,,,,"{""catalogue"": ""ATNF""}"
J0131-7310,pulsar,22.868791666666663,-73.16926111111111,,,,,"{""catalogue"": ""ATNF""}"
J0133-6957,pulsar,23.38525,-69.95824444444445,,,,,"{""catalogue"": ""ATNF""}"
J0134-2937,pulsar,23.57784333333333,-29.621400555555557,,,,,"{""catalogue"": ""ATNF""}"
J0137+1654,pulsar,24.3495,16.911694444444443,,,,,"{""catalogue"": ""ATNF""}"
J0137+6349,pulsar,24.3056875,63.826208333333334,,,,,"{""catalogue"": ""ATNF""}"
J0139+3336,pulsar,24.988458333333334,33.61658333333334,,,,,"{""catalogue"": ""ATNF""}"
J0139+5621,pulsar,24.910666666666664,56.36022222222223,,,,,"{""catalogue"": ""ATNF""}"
J0139+5814,pulsar,24.832250416666668,58.24217194444444,,,,,"{""catalogue"": ""ATNF""}"
J0141+6009,pulsar,25.416408333333333,60.15897222222222,,,,,"{""catalogue"": ""ATNF""}"
J0146+6145,pulsar,26.593416666666666,61.75077777777778,,,,,"{""catalogue"": ""ATNF""}"
J0147+5922,pulsar,26.936014166666663,59.367578888888886,,,,,"{""catalogue"": ""ATNF""}"
J0151-0635,pulsar,27.844657916666666,-6.584163055555555,,,,,"{""catalogue"": ""ATNF""}"
J0152+0948,pulsar,28.098875000000003,9.802777777777779,,,,,"{""catalogue"": ""ATNF""}"
J0152-1637,pulsar,28.045224583333333,-16.631566944444444,,,,,"{""catalogue"": ""ATNF""}"
J0154+1833,pulsar,28.653678041666666,18.564099444444444,,,,,"{""catalogue"": ""ATNF""}"
J0156+3949,pulsar,29.23,39.82472222222223,,,,,"{""catalogue"": ""ATNF""}"
J0157+6212,pulsar,29.4580975,62.20740222222223,,,,,"{""catalogue"": ""ATNF""}"
J0201+7005,pulsar,30.42226666666667,70.08836388888888,,,,,"{""catalogue"": ""ATNF""}"
J0203-0150,pulsar,30.891300624999996,-1.833774277777778,,,,,"{""catalogue"": ""ATNF""}"
J0205+6449,pulsar,31.40801029166667,64.82814841666666,,,,,"{""catalogue"": ""ATNF""}"
J0206-4028,pulsar,31.5053875,-40.46767222222223,,,,,"{""catalogue"": ""ATNF""}"
J0209+5759,pulsar,32.405433333333335,57.995919444444446,,,,,"{""catalogue"": ""ATNF""}"
J0210+5845,pulsar,32.73083333333333,58.75111111111111,,,,,"{""catalogue"": ""ATNF""}"
J0211-8159,pulsar,32.99583333333333,-81.99338888888889,,,,,"{""catalogue"": ""ATNF""}"
J0212+5222,pulsar,33.21724166666667,52.38041666666667,,,,,"{""catalogue"": ""ATNF""}"
J0214+5222,pulsar,33.73029708333333,52.37804166666667,,,,,"{""catalogue"": ""ATNF""}"
J0215+6218,pulsar,33.98594166666666,62.30926944444444,,,,,"{""catalogue"": ""ATNF""}"
J0218+4232,pulsar,34.5264940375,42.538159763888885,,,,,"{""catalogue"": ""ATNF""}"
J0220+3626,pulsar,35.1755,36.44880555555555,,,,,"{""catalogue"": ""ATNF""}"
J0227+3356,pulsar,36.737750000000005,33.941044444444444,,,,,"{""catalogue"": ""ATNF""}"
J0231+7026,pulsar,37.80829166666666,70.44274444444444,,,,,"{""catalogue"": ""ATNF""}"
J0242+62,pulsar,40.645833333333336,62.947222222222216,,,,,"{""catalogue"": ""ATNF""}"
J0248+4230,pulsar,42.12917916666667,42.505691666666664,,,,,"{""catalogue"": ""ATNF""}"
J0248+6021,pulsar,42.07757083333333,60.35964444444445,,,,,"{""catalogue"": ""ATNF""}"
J0250+5854,pulsar,42.574083333333334,58.90036111111111,,,,,"{""catalogue"": ""ATNF""}"
J0251+2606,pulsar,42.76064041666667,26.102769444444444,,,,,"{""catalogue"": ""ATNF""}"
J0255-5304,pulsar,43.98455208333333,-53.07257638888889,,,,,"{""catalogue"": ""ATNF""}"
J0302+2252,pulsar,45.633291666666665,22.87002777777778,,,,,"{""catalogue"": ""ATNF""}"
J0304+1932,pulsar,46.13797916666667,19.547611111111113,,,,,"{""catalogue"": ""ATNF""}"
J0307+7443,pulsar,46.98291666666667,74.72027777777778,,,,,"{""catalogue"": ""ATNF""}"
J0318+0253,pulsar,49.56475416666667,2.8837444444444444,,,,,"{""catalogue"": ""ATNF""}"
J0323+3944,pulsar,50.861091249999994,39.747889722222226,,,,,"{""catalogue"": ""ATNF""}"
J0324+5239,pulsar,51.23108333333333,52.65869444444444,,,,,"{""catalogue"": ""ATNF""}"
J0325+6744,pulsar,51.27129166666667,67.74983055555556,,,,,"{""catalogue"": ""ATNF""}"
J0329+1654,pulsar,52.285624999999996,16.900555555555552,,,,,"{""catalogue"": ""ATNF""}"
J0332+5434,pulsar,53.24754,54.578702500000006,,,,,"{""catalogue"": ""ATNF""}"
J0335+4555,pulsar,53.819340000000004,45.93151444444444,,,,,"{""catalogue"": ""ATNF""}"
J0335+6623,pulsar,53.98775,66.38988888888889,,,,,"{""catalogue"": ""ATNF""}"
J0337+1715,pulsar,54.432607875,17.25411888888889,,,,,"{""catalogue"": ""ATNF""}"
J0337+79,pulsar,54.34166666666667,79.02888888888889,,,,,"{""catalogue"": ""ATNF""}"
J0340+4130,pulsar,55.097033170833335,41.51258086111111,,,,,"{""catalogue"": ""ATNF""}"
J0343-3000,pulsar,55.86641666666667,-30.007638888888888,,,,,"{""catalogue"": ""ATNF""}"
J0343+5312,pulsar,55.80375,53.21483333333334,,,,,"{""catalogue"": ""ATNF""}"
J0344-0901,pulsar,56.156129166666666,-9.017405555555557,,,,,"{""catalogue"": ""ATNF""}"
J0348+0432,pulsar,57.18182916666667,4.536516111111111,,,,,"{""catalogue"": ""ATNF""}"
J0349+2340,pulsar,57.48908333333333,23.68138888888889,,,,,"{""catalogue"": ""ATNF""}"
J0357+3205,pulsar,59.46875,32.09027777777778,,,,,"{""catalogue"": ""ATNF""}"
J0357+5236,pulsar,59.43683458333334,52.61597027777778,,,,,"{""catalogue"": ""ATNF""}"
J0358+4155,pulsar,59.5132275,41.921952777777776,,,,,"{""catalogue"": ""ATNF""}"
J0358+5413,pulsar,59.72384916666667,54.22049555555556,,,,,"{""catalogue"": ""ATNF""}"
J0358+6627,pulsar,59.658037500000006,66.46293611111112,,,,,"{""catalogue"": ""ATNF""}"
J0359+5414,pulsar,59.858375,54.248805555555556,,,,,"{""catalogue"": ""ATNF""}"
J0401-7608,pulsar,60.465625,-76.13693055555557,,,,,"{""catalogue"": ""ATNF""}"
J0402+4825,pulsar,60.66930416666666,48.43264166666666,,,,,"{""catalogue"": ""ATNF""}"
J0405+3347,pulsar,61.37319583333333,33.783427777777774,,,,,"{""catalogue"": ""ATNF""}"
J0406+6138,pulsar,61.62533583333333,61.64483555555555,,,,,"{""catalogue"": ""ATNF""}"
J0407+1607,pulsar,61.97891249999999,16.121222222222222,,,,,"{""catalogue"": ""ATNF""}"
J0410-31,pulsar,62.6625,-31.12472222222222,,,,,"{""catalogue"": ""ATNF""}"
J0415+6954,pulsar,63.981887500000006,69.90274722222223,,,,,"{""catalogue"": ""ATNF""}"
J0418-4154,pulsar,64.51572833333333,-41.90400555555556,,,,,"{""catalogue"": ""ATNF""}"
J0418+5732,pulsar,64.64111249999999,57.53969722222222,,,,,"{""catalogue"": ""ATNF""}"
J0418+6635,pulsar,64.69992125,66.59020166666666,,,,,"{""catalogue"": ""ATNF""}"
J0420-5022,pulsar,65.00812499999999,-50.38002777777778,,,,,"{""catalogue"": ""ATNF""}"
J0421-0345,pulsar,65.38981666666666,-3.7518333333333334,,,,,"{""catalogue"": ""ATNF""}"
J0421+3255,pulsar,65.38833333333332,32.93055555555555,,,,,"{""catalogue"": ""ATNF""}"
J0426+4933,pulsar,66.52838750000001,49.56068333333333,,,,,"{""catalogue"": ""ATNF""}"
J0435+2749,pulsar,68.96590833333333,27.817138888888888,,,,,"{""catalogue"": ""ATNF""}"
J0437-4715,pulsar,69.31623405708334,-47.25253075388889,,,,,"{""catalogue"": ""ATNF""}"
J0448-2749,pulsar,72.17319583333334,-27.82965,,,,,"{""catalogue"": ""ATNF""}"
J0449-7031,pulsar,72.273625,-70.52547222222222,,,,,"{""catalogue"": ""ATNF""}"
J0450-1248,pulsar,72.5365875,-12.801972222222222,,,,,"{""catalogue"": ""ATNF""}"
J0452-1759,pulsar,73.14210708333334,-17.98982527777778,,,,,"{""catalogue"": ""ATNF""}"
J0453+1559,pulsar,73.43922366666666,15.98925175,,,,,"{""catalogue"": ""ATNF""}"
J0454+4529,pulsar,73.747125,45.49630555555556,,,,,"{""catalogue"": ""ATNF""}"
J0454+5543,pulsar,73.53229416666667,55.72817694444445,,,,,"{""catalogue"": ""ATNF""}"
J0455-6951,pulsar,73.948125,-69.85952777777777,,,,,"{""catalogue"": ""ATNF""}"
J0456-7031,pulsar,74.01041666666667,-70.5185,,,,,"{""catalogue"": ""ATNF""}"
J0457+23,pulsar,74.275,23.566666666666666,,,,,"{""catalogue"": ""ATNF""}"
J0457-6337,pulsar,74.28245833333334,-63.62511111111111,,,,,"{""catalogue"": ""ATNF""}"
J0458-0505,pulsar,74.65467083333334,-5.08475,,,,,"{""catalogue"": ""ATNF""}"
J0459-0210,pulsar,74.96642083333333,-2.1685,,,,,"{""catalogue"": ""ATNF""}"
J0501+4516,pulsar,75.27816666666666,45.276088888888886,,,,,"{""catalogue"": ""ATNF""}"
J0502+4654,pulsar,75.51900416666666,46.901691666666665,,,,,"{""catalogue"": ""ATNF""}"
J0502-6617,pulsar,75.71054166666667,-66.29966666666667,,,,,"{""catalogue"": ""ATNF""}"
J0506+50,pulsar,76.55875,50.50833333333333,,,,,"{""catalogue"": ""ATNF""}"
J0509+0856,pulsar,77.34264520833334,8.940284666666667,,,,,"{""catalogue"": ""ATNF""}"
J0509+3801,pulsar,77.38245,38.02168972222222,,,,,"{""catalogue"": ""ATNF""}"
J0511-6508,pulsar,77.98541666666668,-65.14347222222223,,,,,"{""catalogue"": ""ATNF""}"
J0514-4002A,pulsar,78.52788629166666,-40.04691472222222,,,,,"{""catalogue"": ""ATNF""}"
J0514-4002B,pulsar,78.52804166666667,-40.046638888888886,,,,,"{""catalogue"": ""ATNF""}"
J0514-4002C,pulsar,78.52787500000001,-40.04705555555555,,,,,"{""catalogue"": ""ATNF""}"
J0514-4002D,pulsar,78.52804166666667,-40.04672222222222,,,,,"{""catalogue"": ""ATNF""}"
J0514-4002E,pulsar,78.52783333333333,-40.04658333333333,,,,,"{""catalogue"": ""ATNF""}"
J0514-4002F,pulsar,78.52791666666667,-40.04680555555555,,,,,"{""catalogue"": ""ATNF""}"
J0514-4002G,pulsar,78.527625,-40.04669444444444,,,,,"{""catalogue"": ""ATNF""}"
J0514-4002H,pulsar,78.52749999999999,-40.04666666666667,,,,,"{""catalogue"": ""ATNF""}"
J0514-4002I,pulsar,78.528125,-40.04672222222222,,,,,"{""catalogue"": ""ATNF""}"
J0514-4002J,pulsar,78.52791666666667,-40.04666666666667,,,,,"{""catalogue"": ""ATNF""}"
J0514-4002K,pulsar,78.52833333333334,-40.04666666666667,,,,,"{""catalogue"": ""ATNF""}"
J0514-4002L,pulsar,78.52833333333334,-40.04666666666667,,,,,"{""catalogue"": ""ATNF""}"
J0514-4002M,pulsar,78.52833333333334,-40.04666666666667,,,,,"{""catalogue"": ""ATNF""}"
J0514-4002N,pulsar,78.52791666666667,-40.046388888888885,,,,,"{""catalogue"": ""ATNF""}"
J0514-4408,pulsar,78.71745833333334,-44.14371666666666,,,,,"{""catalogue"": ""ATNF""}"
J0517+2212,pulsar,79.32144583333333,22.214416666666665,,,,,"{""catalogue"": ""ATNF""}"
J0518+5125,pulsar,79.6089375,51.43297222222222,,,,,"{""catalogue"": ""ATNF""}"
J0518+5416,pulsar,79.7216625,54.28055555555555,,,,,"{""catalogue"": ""ATNF""}"
J0519-6932,pulsar,79.94548749999998,-69.53985555555555,,,,,"{""catalogue"": ""ATNF""}"
J0520-2553,pulsar,80.15077083333333,-25.886747222222223,,,,,"{""catalogue"": ""ATNF""}"
J0522-6847,pulsar,80.59608333333333,-68.78394444444444,,,,,"{""catalogue"": ""ATNF""}"
J0523-7125,pulsar,80.95275000000001,-71.43127222222223,,,,,"{""catalogue"": ""ATNF""}"
J0525+1115,pulsar,81.48520125000002,11.2553,,,,,"{""catalogue"": ""ATNF""}"
J0525-6607,pulsar,81.50375000000001,-66.07674999999999,,,,,"{""catalogue"": ""ATNF""}"
J0528+2200,pulsar,82.21776666666668,22.00111111111111,,,,,"{""catalogue"": ""ATNF""}"
J0529-0715,pulsar,82.2873875,-7.257341666666667,,,,,"{""catalogue"": ""ATNF""}"
J0529-6652,pulsar,82.46208333333333,-66.87774999999999,,,,,"{""catalogue"": ""ATNF""}"
J0532-6639,pulsar,83.24795833333333,-66.66036111111111,,,,,"{""catalogue"": ""ATNF""}"
J0533+0402,pulsar,83.35761666666667,4.03325,,,,,"{""catalogue"": ""ATNF""}"
J0533-4524,pulsar,83.307875,-45.413944444444446,,,,,"{""catalogue"": ""ATNF""}"
J0533+6759,pulsar,83.47975041666666,67.9881913888889,,,,,"{""catalogue"": ""ATNF""}"
J0534+2200,pulsar,83.63322083333333,22.01446111111111,,,,,"{""catalogue"": ""ATNF""}"
J0534-6703,pulsar,83.65070833333333,-67.06355555555555,,,,,"{""catalogue"": ""ATNF""}"
J0536-7543,pulsar,84.12841666666665,-75.73188888888889,,,,,"{""catalogue"": ""ATNF""}"
J0537-6910,pulsar,84.44756666666667,-69.1721888888889,,,,,"{""catalogue"": ""ATNF""}"
J0538+2817,pulsar,84.604405,28.285878055555557,,,,,"{""catalogue"": ""ATNF""}"
J0540+3207,pulsar,85.15465,32.127027777777776,,,,,"{""catalogue"": ""ATNF""}"
J0540-6919,pulsar,85.046675,-69.33171388888888,,,,,"{""catalogue"": ""ATNF""}"
J0540-7125,pulsar,85.12833333333334,-71.42538888888889,,,,,"{""catalogue"": ""ATNF""}"
J0543+2329,pulsar,85.79025,23.484722222222224,,,,,"{""catalogue"": ""ATNF""}"
J0543-6851,pulsar,85.96962500000001,-68.85702777777777,,,,,"{""catalogue"": ""ATNF""}"
J0546+2441,pulsar,86.61983333333333,24.689166666666665,,,,,"{""catalogue"": ""ATNF""}"
J0554+3107,pulsar,88.520875,31.128055555555555,,,,,"{""catalogue"": ""ATNF""}"
J0555-7056,pulsar,88.75770833333333,-70.946,,,,,"{""catalogue"": ""ATNF""}"
J0557+1550,pulsar,89.38103825,15.835012777777779,,,,,"{""catalogue"": ""ATNF""}"
J0557-2948,pulsar,89.38749791666666,-29.80466777777778,,,,,"{""catalogue"": ""ATNF""}"
J0600-5756,pulsar,90.19375,-57.94833333333333,,,,,"{""catalogue"": ""ATNF""}"
J0601-0527,pulsar,90.49573,-5.464130833333334,,,,,"{""catalogue"": ""ATNF""}"
J0605+3757,pulsar,91.27309958333332,37.959988888888894,,,,,"{""catalogue"": ""ATNF""}"
J0608+1635,pulsar,92.21525833333334,16.585944444444443,,,,,"{""catalogue"": ""ATNF""}"
J0609+2130,pulsar,92.49535875000001,21.500788888888888,,,,,"{""catalogue"": ""ATNF""}"
J0610-2100,pulsar,92.5566530625,-21.007749758333333,,,,,"{""catalogue"": ""ATNF""}"
J0611+1436,pulsar,92.82770416666668,14.614444444444445,,,,,"{""catalogue"": ""ATNF""}"
J0612+3721,pulsar,93.20286125,37.36037777777778,,,,,"{""catalogue"": ""ATNF""}"
J0612+37216,pulsar,93.18375,37.361111111111114,,,,,"{""catalogue"": ""ATNF""}"
J0613-0200,pulsar,93.43323292083333,-2.0131215055555556,,,,,"{""catalogue"": ""ATNF""}"
J0613+3731,pulsar,93.300625,37.52730555555556,,,,,"{""catalogue"": ""ATNF""}"
J0614+2229,pulsar,93.5708575,22.499124444444444,,,,,"{""catalogue"": ""ATNF""}"
J0614-3329,pulsar,93.543117625,-33.49836977777778,,,,,"{""catalogue"": ""ATNF""}"
J0621+0336,pulsar,95.29675416666666,3.6126444444444443,,,,,"{""catalogue"": ""ATNF""}"
J0621+1002,pulsar,95.34214316666666,10.044093111111112,,,,,"{""catalogue"": ""ATNF""}"
J0621+2514,pulsar,95.29522583333332,25.234397222222224,,,,,"{""catalogue"": ""ATNF""}"
J0622+3749,pulsar,95.54379166666666,37.82044444444445,,,,,"{""catalogue"": ""ATNF""}"
J0623+0340,pulsar,95.94482916666666,3.6685555555555553,,,,,"{""catalogue"": ""ATNF""}"
J0624-0424,pulsar,96.08345,-4.414013888888889,,,,,"{""catalogue"": ""ATNF""}"
J0627+0649,pulsar,96.97345250000001,6.831702777777777,,,,,"{""catalogue"": ""ATNF""}"
J0627+0706,pulsar,96.93405,7.109166666666666,,,,,"{""catalogue"": ""ATNF""}"
J0628+0909,pulsar,97.1507625,9.153861111111112,,,,,"{""catalogue"": ""ATNF""}"
J0629+2415,pulsar,97.27386374999999,24.261540555555555,,,,,"{""catalogue"": ""ATNF""}"
J0630-0046,pulsar,97.61231666666666,-0.7682916666666667,,,,,"{""catalogue"": ""ATNF""}"
J0630-2834,pulsar,97.7058516375,-28.578549669444445,,,,,"{""catalogue"": ""ATNF""}"
J0631+0646,pulsar,97.96825,6.770611111111111,,,,,"{""catalogue"": ""ATNF""}"
J0631+1036,pulsar,97.86468333333333,10.617361111111112,,,,,"{""catalogue"": ""ATNF""}"
J0633+0632,pulsar,98.43420833333333,6.543027777777778,,,,,"{""catalogue"": ""ATNF""}"
J0633+1746,pulsar,98.47563749999999,17.770252499999998,,,,,"{""catalogue"": ""ATNF""}"
J0633-2015,pulsar,98.28691666666666,-20.25197222222222,,,,,"{""catalogue"": ""ATNF""}"
J0635+0533,pulsar,98.82499999999999,5.553055555555555,,,,,"{""catalogue"": ""ATNF""}"
J0636-3044,pulsar,99.28750000000001,-30.845,,,,,"{""catalogue"": ""ATNF""}"
J0636-4549,pulsar,99.14059999999999,-45.82572777777778,,,,,"{""catalogue"": ""ATNF""}"
J0636+5128,pulsar,99.02019776666666,51.483323741666666,,,,,"{""catalogue"": ""ATNF""}"
J0645+5158,pulsar,101.49617629166667,51.97080920277778,,,,,"{""catalogue"": ""ATNF""}"
J0646+0905,pulsar,101.62927083333334,9.097111111111111,,,,,"{""catalogue"": ""ATNF""}"
J0646-54,pulsar,101.59333333333333,-54.8825,,,,,"{""catalogue"": ""ATNF""}"
J0647+0913,pulsar,101.81533333333333,9.233194444444445,,,,,"{""catalogue"": ""ATNF""}"
J0652-0142,pulsar,103.046275,-1.7084166666666667,,,,,"{""catalogue"": ""ATNF""}"
J0653+4706,pulsar,103.27422083333333,47.10747777777778,,,,,"{""catalogue"": ""ATNF""}"
J0653+8051,pulsar,103.31287499999999,80.86672777777777,,,,,"{""catalogue"": ""ATNF""}"
J0656-2228,pulsar,104.12586250000001,-22.473763888888886,,,,,"{""catalogue"": ""ATNF""}"
J0656-5449,pulsar,104.204125,-54.82081111111111,,,,,"{""catalogue"": ""ATNF""}"
J0658+0022,pulsar,104.56337083333334,0.3764722222222222,,,,,"{""catalogue"": ""ATNF""}"
J0658+2936,pulsar,104.43591666666667,29.608055555555556,,,,,"{""catalogue"": ""ATNF""}"
J0659+1414,pulsar,104.95081666666667,14.238722222222222,,,,,"{""catalogue"": ""ATNF""}"
J0700+6418,pulsar,105.15750833333334,64.30311111111111,,,,,"{""catalogue"": ""ATNF""}"
J0702-4956,pulsar,105.66375,-49.94283333333333,,,,,"{""catalogue"": ""ATNF""}"
J0709+0458,pulsar,107.28485579166667,4.980970583333334,,,,,"{""catalogue"": ""ATNF""}"
J0709-5923,pulsar,107.38555416666668,-59.39877777777778,,,,,"{""catalogue"": ""ATNF""}"
J0711+0931,pulsar,107.90075,9.523611111111112,,,,,"{""catalogue"": ""ATNF""}"
J0711-6830,pulsar,107.975750175,-68.51315681666667,,,,,"{""catalogue"": ""ATNF""}"
J0719-2545,pulsar,109.78075,-25.75006388888889,,,,,"{""catalogue"": ""ATNF""}"
J0720-3125,pulsar,110.10400833333333,-31.430578611111113,,,,,"{""catalogue"": ""ATNF""}"
J0721-2038,pulsar,110.42876958333333,-20.635294722222223,,,,,"{""catalogue"": ""ATNF""}"
J0723-2050,pulsar,110.77000000000001,-20.83111111111111,,,,,"{""catalogue"": ""ATNF""}"
J0725-1635,pulsar,111.25168333333335,-16.59606111111111,,,,,"{""catalogue"": ""ATNF""}"
J0726-2612,pulsar,111.53383333333333,-26.210583333333332,,,,,"{""catalogue"": ""ATNF""}"
J0729-1448,pulsar,112.31854166666668,-14.810222222222222,,,,,"{""catalogue"": ""ATNF""}"
J0729-1836,pulsar,112.38473708333333,-18.611734444444444,,,,,"{""catalogue"": ""ATNF""}"
J0732+2314,pulsar,113.15631499999999,23.248391666666667,,,,,"{""catalogue"": ""ATNF""}"
J0733-2345,pulsar,113.3525,-23.76561111111111,,,,,"{""catalogue"": ""ATNF""}"
J0734-1559,pulsar,113.69039583333333,-15.988399999999999,,,,,"{""catalogue"": ""ATNF""}"
J0736-6304,pulsar,114.08337499999999,-63.071111111111115,,,,,"{""catalogue"": ""ATNF""}"
J0737-2202,pulsar,114.43362916666668,-22.034811111111114,,,,,"{""catalogue"": ""ATNF""}"
J0737-3039A,pulsar,114.46353507916668,-30.661309530555553,,,,,"{""catalogue"": ""ATNF""}"
J0737-3039B,pulsar,114.46353507916668,-30.661309530555553,,,,,"{""catalogue"": ""ATNF""}"
J0738-4042,pulsar,114.634425,-40.710950000000004,,,,,"{""catalogue"": ""ATNF""}"
J0738+6904,pulsar,114.59416666666667,69.07222222222222,,,,,"{""catalogue"": ""ATNF""}"
J0740+6620,pulsar,115.1908031875,66.34264434722222,,,,,"{""catalogue"": ""ATNF""}"
J0742-2822,pulsar,115.70440833333333,-28.378822222222222,,,,,"{""catalogue"": ""ATNF""}"
J0742+4110,pulsar,115.55080749999999,41.17079888888889,,,,,"{""catalogue"": ""ATNF""}"
J0742+4334,pulsar,115.67554166666667,43.56727777777778,,,,,"{""catalogue"": ""ATNF""}"
J0745-5353,pulsar,116.26866666666668,-53.88598888888889,,,,,"{""catalogue"": ""ATNF""}"
J0746-4529,pulsar,116.74799166666666,-45.49073611111111,,,,,"{""catalogue"": ""ATNF""}"
J0747+6646,pulsar,116.9153625,66.78243611111111,,,,,"{""catalogue"": ""ATNF""}"
J0749-4247,pulsar,117.45697916666667,-42.79503888888889,,,,,"{""catalogue"": ""ATNF""}"
J0750-6846,pulsar,117.64937499999999,-68.77605833333334,,,,,"{""catalogue"": ""ATNF""}"
J0751+1807,pulsar,117.7881472125,18.127357333333332,,,,,"{""catalogue"": ""ATNF""}"
J0753-0816,pulsar,118.38749999999999,-8.32638888888889,,,,,"{""catalogue"": ""ATNF""}"
J0754+3231,pulsar,118.66953333333335,32.53227777777778,,,,,"{""catalogue"": ""ATNF""}"
J0758-1528,pulsar,119.62112833333333,-15.469093888888889,,,,,"{""catalogue"": ""ATNF""}"
J0803-0942,pulsar,120.86186666666666,-9.714113888888889,,,,,"{""catalogue"": ""ATNF""}"
J0804-3647,pulsar,121.0925,-36.793194444444445,,,,,"{""catalogue"": ""ATNF""}"
J0806-4123,pulsar,121.59750000000001,-41.37525,,,,,"{""catalogue"": ""ATNF""}"
J0807-5421,pulsar,121.94660416666667,-54.357350000000004,,,,,"{""catalogue"": ""ATNF""}"
J0808-3937,pulsar,122.04845833333333,-39.63136111111111,,,,,"{""catalogue"": ""ATNF""}"
J0809-4753,pulsar,122.43264583333334,-47.89852777777778,,,,,"{""catalogue"": ""ATNF""}"
J0812-3905,pulsar,123.061675,-39.096922222222226,,,,,"{""catalogue"": ""ATNF""}"
J0814+7429,pulsar,123.74791666666665,74.48491666666666,,,,,"{""catalogue"": ""ATNF""}"
J0815+0939,pulsar,123.78656666666669,9.664083333333334,,,,,"{""catalogue"": ""ATNF""}"
J0815+4611,pulsar,123.99775958333335,46.19812222222222,,,,,"{""catalogue"": ""ATNF""}"
J0818-3049,pulsar,124.70541666666668,-30.825277777777778,,,,,"{""catalogue"": ""ATNF""}"
J0818-3232,pulsar,124.6080625,-32.54181388888889,,,,,"{""catalogue"": ""ATNF""}"
J0820-1350,pulsar,125.10992375000002,-13.848849722222223,,,,,"{""catalogue"": ""ATNF""}"
J0820-3826,pulsar,125.24970416666667,-38.445249999999994,,,,,"{""catalogue"": ""ATNF""}"
J0820-3921,pulsar,125.20462500000001,-39.36547222222222,,,,,"{""catalogue"": ""ATNF""}"
J0820-4114,pulsar,125.06441666666666,-41.24311111111111,,,,,"{""catalogue"": ""ATNF""}"
J0821-4221,pulsar,125.43598333333333,-42.35707222222222,,,,,"{""catalogue"": ""ATNF""}"
J0821-4300,pulsar,125.48902208333334,-43.00474277777778,,,,,"{""catalogue"": ""ATNF""}"
J0823+0159,pulsar,125.79068791666666,1.9867969444444444,,,,,"{""catalogue"": ""ATNF""}"
J0824+0028,pulsar,126.10350091666666,0.46682416666666665,,,,,"{""catalogue"": ""ATNF""}"
J0826+2637,pulsar,126.71461166666667,26.6225825,,,,,"{""catalogue"": ""ATNF""}"
J0828-3417,pulsar,127.06916666666666,-34.28527777777778,,,,,"{""catalogue"": ""ATNF""}"
J0831-4406,pulsar,127.88512500000002,-44.10330555555556,,,,,"{""catalogue"": ""ATNF""}"
J0834-4159,pulsar,128.57419583333333,-41.99333055555556,,,,,"{""catalogue"": ""ATNF""}"
J0835-3707,pulsar,128.76283333333333,-37.13097222222222,,,,,"{""catalogue"": ""ATNF""}"
J0835-4510,pulsar,128.83588120833335,-45.17635419444444,,,,,"{""catalogue"": ""ATNF""}"
J0836-4233,pulsar,129.024375,-42.556916666666666,,,,,"{""catalogue"": ""ATNF""}"
J0837+0610,pulsar,129.27350833333335,6.170711111111111,,,,,"{""catalogue"": ""ATNF""}"
J0837-2454,pulsar,129.49054166666667,-24.90833333333333,,,,,"{""catalogue"": ""ATNF""}"
J0837-4135,pulsar,129.33830958333334,-41.58737861111111,,,,,"{""catalogue"": ""ATNF""}"
J0838-2621,pulsar,129.5783375,-26.358208333333334,,,,,"{""catalogue"": ""ATNF""}"
J0838-3947,pulsar,129.6283333333333,-39.78944444444444,,,,,"{""catalogue"": ""ATNF""}"
J0839-66,pulsar,129.9041666666667,-66.58111111111111,,,,,"{""catalogue"": ""ATNF""}"
J0840-5332,pulsar,130.14052499999997,-53.54331944444444,,,,,"{""catalogue"": ""ATNF""}"
J0842-4851,pulsar,130.52268458333333,-48.85572222222223,,,,,"{""catalogue"": ""ATNF""}"
J0843+0719,pulsar,130.89091666666667,7.3132777777777775,,,,,"{""catalogue"": ""ATNF""}"
J0843-5022,pulsar,130.79118333333335,-50.37863888888889,,,,,"{""catalogue"": ""ATNF""}"
J0843+67,pulsar,130.845,67.21888888888888,,,,,"{""catalogue"": ""ATNF""}"
J0846-3533,pulsar,131.52516666666668,-35.56144444444444,,,,,"{""catalogue"": ""ATNF""}"
J0847-4316,pulsar,131.98887499999998,-43.282444444444444,,,,,"{""catalogue"": ""ATNF""}"
J0849-6322,pulsar,132.42745833333333,-63.37638888888889,,,,,"{""catalogue"": ""ATNF""}"
J0849+8028,pulsar,132.25625,80.48308333333334,,,,,"{""catalogue"": ""ATNF""}"
J0854+5449,pulsar,133.60718958333334,54.82466166666667,,,,,"{""catalogue"": ""ATNF""}"
J0855-3331,pulsar,133.91005416666664,-33.52758333333333,,,,,"{""catalogue"": ""ATNF""}"
J0855-4644,pulsar,133.90075,-46.73705555555556,,,,,"{""catalogue"": ""ATNF""}"
J0855-4658,pulsar,133.83154166666665,-46.972944444444444,,,,,"{""catalogue"": ""ATNF""}"
J0856-6137,pulsar,134.24695833333334,-61.63130833333334,,,,,"{""catalogue"": ""ATNF""}"
J0857+3349,pulsar,134.27945833333334,33.82138888888889,,,,,"{""catalogue"": ""ATNF""}"
J0857-4424,pulsar,134.48263333333333,-44.40295833333333,,,,,"{""catalogue"": ""ATNF""}"
J0900-3144,pulsar,135.18313786666667,-31.741915333333335,,,,,"{""catalogue"": ""ATNF""}"
J0901-4624,pulsar,135.41716666666667,-46.41347222222222,,,,,"{""catalogue"": ""ATNF""}"
J0902-6325,pulsar,135.635,-63.419999999999995,,,,,"{""catalogue"": ""ATNF""}"
J0904-4246,pulsar,136.24617916666665,-42.77038888888889,,,,,"{""catalogue"": ""ATNF""}"
J0904-7459,pulsar,136.04362500000002,-74.99491666666667,,,,,"{""catalogue"": ""ATNF""}"
J0905-4536,pulsar,136.34958333333333,-45.61472222222223,,,,,"{""catalogue"": ""ATNF""}"
J0905-5127,pulsar,136.4665,-51.46501388888889,,,,,"{""catalogue"": ""ATNF""}"
J0905-6019,pulsar,136.31352083333334,-60.32279444444445,,,,,"{""catalogue"": ""ATNF""}"
J0907-5157,pulsar,136.81625416666668,-51.96648888888889,,,,,"{""catalogue"": ""ATNF""}"
J0908-1739,pulsar,137.1590925,-17.660463888888888,,,,,"{""catalogue"": ""ATNF""}"
J0908-4913,pulsar,137.14775,-49.21805555555556,,,,,"{""catalogue"": ""ATNF""}"
J0909-7212,pulsar,137.39920833333332,-72.20248333333333,,,,,"{""catalogue"": ""ATNF""}"
J0912-3851,pulsar,138.17791666666665,-38.850833333333334,,,,,"{""catalogue"": ""ATNF""}"
J0919-6040,pulsar,139.86612499999998,-60.68066666666667,,,,,"{""catalogue"": ""ATNF""}"
J0921-5202,pulsar,140.49949375,-52.044019444444444,,,,,"{""catalogue"": ""ATNF""}"
J0921+6254,pulsar,140.30889583333334,62.903863888888885,,,,,"{""catalogue"": ""ATNF""}"
J0922+0638,pulsar,140.558425,6.639805555555555,,,,,"{""catalogue"": ""ATNF""}"
J0922-4949,pulsar,140.5623375,-49.82002222222223,,,,,"{""catalogue"": ""ATNF""}"
J0924-5302,pulsar,141.03634166666666,-53.04516666666667,,,,,"{""catalogue"": ""ATNF""}"
J0924-5814,pulsar,141.12841666666668,-58.23475,,,,,"{""catalogue"": ""ATNF""}"
J0925+6103,pulsar,141.3231045833333,61.05114,,,,,"{""catalogue"": ""ATNF""}"
J0927+2345,pulsar,141.93858333333333,23.752972222222223,,,,,"{""catalogue"": ""ATNF""}"
J0930-1854,pulsar,142.64695833333332,-18.908638888888888,,,,,"{""catalogue"": ""ATNF""}"
J0930-2301,pulsar,142.51174999999998,-23.029166666666665,,,,,"{""catalogue"": ""ATNF""}"
J0931-1902,pulsar,142.829654775,-19.048618833333336,,,,,"{""catalogue"": ""ATNF""}"
J0932-3217,pulsar,143.163125,-32.287277777777774,,,,,"{""catalogue"": ""ATNF""}"
J0932-5327,pulsar,143.09525,-53.45305555555556,,,,,"{""catalogue"": ""ATNF""}"
J0934-4154,pulsar,143.7425,-41.90541666666667,,,,,"{""catalogue"": ""ATNF""}"
J0934-5249,pulsar,143.61765416666665,-52.824250000000006,,,,,"{""catalogue"": ""ATNF""}"
J0940-5428,pulsar,145.24258333333333,-54.47794444444445,,,,,"{""catalogue"": ""ATNF""}"
J0941-5244,pulsar,145.42144583333334,-52.73457777777778,,,,,"{""catalogue"": ""ATNF""}"
J0942-5552,pulsar,145.56199999999998,-55.881972222222224,,,,,"{""catalogue"": ""ATNF""}"
J0942-5657,pulsar,145.72676666666666,-56.96200277777778,,,,,"{""catalogue"": ""ATNF""}"
J0943+1631,pulsar,145.87541666666667,16.526944444444442,,,,,"{""catalogue"": ""ATNF""}"
J0943+2253,pulsar,145.88498958333332,22.884905555555555,,,,,"{""catalogue"": ""ATNF""}"
J0943-5305,pulsar,145.78333333333333,-53.088055555555556,,,,,"{""catalogue"": ""ATNF""}"
J0944-1354,pulsar,146.12064958333332,-13.911563888888889,,,,,"{""catalogue"": ""ATNF""}"
J0944+4106,pulsar,146.075575,41.10126388888889,,,,,"{""catalogue"": ""ATNF""}"
J0945-4833,pulsar,146.40939166666666,-48.554027777777776,,,,,"{""catalogue"": ""ATNF""}"
J0946+0951,pulsar,146.53166666666667,9.865277777777777,,,,,"{""catalogue"": ""ATNF""}"
J0947+2740,pulsar,146.83869583333333,27.67875,,,,,"{""catalogue"": ""ATNF""}"
J0949-6902,pulsar,147.33569583333332,-69.04488888888889,,,,,"{""catalogue"": ""ATNF""}"
J0951-71,pulsar,147.85,-71.31694444444445,,,,,"{""catalogue"": ""ATNF""}"
J0952-0607,pulsar,148.03467254166668,-6.123191666666666,,,,,"{""catalogue"": ""ATNF""}"
J0952-3839,pulsar,148.07166666666666,-38.652833333333334,,,,,"{""catalogue"": ""ATNF""}"
J0953+0755,pulsar,148.28879041666664,7.926597222222223,,,,,"{""catalogue"": ""ATNF""}"
J0954-5430,pulsar,148.52519166666667,-54.514672222222224,,,,,"{""catalogue"": ""ATNF""}"
J0955-5304,pulsar,148.87275416666665,-53.071288888888894,,,,,"{""catalogue"": ""ATNF""}"
J0955-6150,pulsar,148.83666666666667,-61.83777777777778,,,,,"{""catalogue"": ""ATNF""}"
J0957-5432,pulsar,149.483375,-54.534416666666665,,,,,"{""catalogue"": ""ATNF""}"
J0959-4809,pulsar,149.85921666666664,-48.16318611111111,,,,,"{""catalogue"": ""ATNF""}"
J1000+08,pulsar,150.15833333333333,8.332777777777778,,,,,"{""catalogue"": ""ATNF""}"
J1000-5149,pulsar,150.11725416666667,-51.83281111111111,,,,,"{""catalogue"": ""ATNF""}"
J1001-5507,pulsar,150.40770833333335,-55.118833333333335,,,,,"{""catalogue"": ""ATNF""}"
J1001-5559,pulsar,150.28583333333336,-55.98338888888889,,,,,"{""catalogue"": ""ATNF""}"
J1001-5939,pulsar,150.38429166666668,-59.654944444444446,,,,,"{""catalogue"": ""ATNF""}"
J1002-5559,pulsar,150.74124999999998,-55.993611111111115,,,,,"{""catalogue"": ""ATNF""}"
J1002-5919,pulsar,150.58541666666665,-59.327000000000005,,,,,"{""catalogue"": ""ATNF""}"
J1003-4747,pulsar,150.83970416666668,-47.78366388888889,,,,,"{""catalogue"": ""ATNF""}"
J1006-6311,pulsar,151.6525,-63.19477777777777,,,,,"{""catalogue"": ""ATNF""}"
J1012-2337,pulsar,153.1405,-23.639555555555557,,,,,"{""catalogue"": ""ATNF""}"
J1012-4235,pulsar,153.05392083333334,-42.59817777777778,,,,,"{""catalogue"": ""ATNF""}"
J1012+5307,pulsar,153.13932686666666,53.11729541111111,,,,,"{""catalogue"": ""ATNF""}"
J1012-5830,pulsar,153.22875,-58.50711111111111,,,,,"{""catalogue"": ""ATNF""}"
J1012-5857,pulsar,153.20195833333332,-58.96347222222222,,,,,"{""catalogue"": ""ATNF""}"
J1013-5934,pulsar,153.3827,-59.574063888888894,,,,,"{""catalogue"": ""ATNF""}"
J1014-48,pulsar,153.575,-48.82833333333333,,,,,"{""catalogue"": ""ATNF""}"
J1015-5719,pulsar,153.9081666666667,-57.32022222222223,,,,,"{""catalogue"": ""ATNF""}"
J1016-5345,pulsar,154.12972916666666,-53.75396111111111,,,,,"{""catalogue"": ""ATNF""}"
J1016-5819,pulsar,154.05029583333334,-58.31696388888889,,,,,"{""catalogue"": ""ATNF""}"
J1016-5857,pulsar,154.0881666666667,-58.953361111111114,,,,,"{""catalogue"": ""ATNF""}"
J1017+3011,pulsar,154.40120833333333,30.19613888888889,,,,,"{""catalogue"": ""ATNF""}"
J1017-5621,pulsar,154.3034625,-56.35847777777778,,,,,"{""catalogue"": ""ATNF""}"
J1017-7156,pulsar,154.4638365375,-71.94489307777778,,,,,"{""catalogue"": ""ATNF""}"
J1018-1523,pulsar,154.5529975,-15.386177777777778,,,,,"{""catalogue"": ""ATNF""}"
J1018-1642,pulsar,154.66816666666668,-16.702805555555553,,,,,"{""catalogue"": ""ATNF""}"
J1019-5749,pulsar,154.96724999999998,-57.81830555555556,,,,,"{""catalogue"": ""ATNF""}"
J1020-5921,pulsar,155.05845833333336,-59.35944444444445,,,,,"{""catalogue"": ""ATNF""}"
J1020-6026,pulsar,155.04754166666666,-60.43508333333333,,,,,"{""catalogue"": ""ATNF""}"
J1021-5601,pulsar,155.35341666666667,-56.03080555555555,,,,,"{""catalogue"": ""ATNF""}"
J1022+1001,pulsar,155.74164333333334,10.031300000000002,,,,,"{""catalogue"": ""ATNF""}"
J1022-5813,pulsar,155.61708333333334,-58.225,,,,,"{""catalogue"": ""ATNF""}"
J1023+0038,pulsar,155.94869666666665,0.6446793055555555,,,,,"{""catalogue"": ""ATNF""}"
J1023-5746,pulsar,155.76208333333332,-57.768055555555556,,,,,"{""catalogue"": ""ATNF""}"
J1024-0719,pulsar,156.16113070833336,-7.322086713888889,,,,,"{""catalogue"": ""ATNF""}"
J1028-5819,pulsar,157.11666666666667,-58.318111111111115,,,,,"{""catalogue"": ""ATNF""}"
J1031-6117,pulsar,157.75933333333336,-61.29738888888889,,,,,"{""catalogue"": ""ATNF""}"
J1032-5206,pulsar,158.115375,-52.102361111111115,,,,,"{""catalogue"": ""ATNF""}"
J1032-5911,pulsar,158.02031666666667,-59.19855555555555,,,,,"{""catalogue"": ""ATNF""}"
J1034-3224,pulsar,158.58129166666666,-32.407222222222224,,,,,"{""catalogue"": ""ATNF""}"
J1035-6345,pulsar,158.76283333333333,-63.755113888888886,,,,,"{""catalogue"": ""ATNF""}"
J1035-6720,pulsar,158.86449166666668,-67.33685888888888,,,,,"{""catalogue"": ""ATNF""}"
J1036-4353,pulsar,159.125896375,-43.885757,,,,,"{""catalogue"": ""ATNF""}"
J1036-4926,pulsar,159.05467083333335,-49.43922222222222,,,,,"{""catalogue"": ""ATNF""}"
J1036-6559,pulsar,159.0835,-65.98590833333333,,,,,"{""catalogue"": ""ATNF""}"
J1036-8317,pulsar,159.16900416666667,-83.29889444444444,,,,,"{""catalogue"": ""ATNF""}"
J1038+0032,pulsar,159.61222083333334,0.5454444444444444,,,,,"{""catalogue"": ""ATNF""}"
J1038-5831,pulsar,159.58208333333332,-58.52421666666667,,,,,"{""catalogue"": ""ATNF""}"
J1041-1942,pulsar,160.40081666666666,-19.703780555555554,,,,,"{""catalogue"": ""ATNF""}"
J1042-5521,pulsar,160.50202208333332,-55.35160916666667,,,,,"{""catalogue"": ""ATNF""}"
J1043-6116,pulsar,160.98025416666667,-61.280766666666665,,,,,"{""catalogue"": ""ATNF""}"
J1044-5737,pulsar,161.13666666666666,-57.62202777777778,,,,,"{""catalogue"": ""ATNF""}"
J1045-0436,pulsar,161.4913525,-4.606498333333333,,,,,"{""catalogue"": ""ATNF""}"
J1045-4509,pulsar,161.45910335833335,-45.16502895833333,,,,,"{""catalogue"": ""ATNF""}"
J1046+0304,pulsar,161.68012500000003,3.0685833333333337,,,,,"{""catalogue"": ""ATNF""}"
J1046-5813,pulsar,161.578375,-58.23111111111111,,,,,"{""catalogue"": ""ATNF""}"
J1047-3032,pulsar,161.7533875,-30.538333333333334,,,,,"{""catalogue"": ""ATNF""}"
J1047-6709,pulsar,161.86784166666666,-67.164185,,,,,"{""catalogue"": ""ATNF""}"
J1048+2339,pulsar,162.18090980833335,23.664834527777778,,,,,"{""catalogue"": ""ATNF""}"
J1048+5349,pulsar,162.02691666666666,53.83108333333334,,,,,"{""catalogue"": ""ATNF""}"
J1048-5832,pulsar,162.054375,-58.53505555555555,,,,,"{""catalogue"": ""ATNF""}"
J1048-5838,pulsar,162.0523375,-58.638616666666664,,,,,"{""catalogue"": ""ATNF""}"
J1049+5822,pulsar,162.40791666666667,58.37141666666667,,,,,"{""catalogue"": ""ATNF""}"
J1049-5833,pulsar,162.45975,-58.56238888888888,,,,,"{""catalogue"": ""ATNF""}"
J1050-5953,pulsar,162.52966666666669,-59.88927777777778,,,,,"{""catalogue"": ""ATNF""}"
J1052-5954,pulsar,163.15879166666667,-59.91225,,,,,"{""catalogue"": ""ATNF""}"
J1052-6348,pulsar,163.22245833333335,-63.80461111111111,,,,,"{""catalogue"": ""ATNF""}"
J1054-5943,pulsar,163.740625,-59.72058333333334,,,,,"{""catalogue"": ""ATNF""}"
J1054-5946,pulsar,163.6269166666667,-59.775277777777774,,,,,"{""catalogue"": ""ATNF""}"
J1054-6452,pulsar,163.53683333333333,-64.87708333333333,,,,,"{""catalogue"": ""ATNF""}"
J1055-6022,pulsar,163.95208333333335,-60.38111111111111,,,,,"{""catalogue"": ""ATNF""}"
J1055-6028,pulsar,163.91329166666665,-60.47708333333333,,,,,"{""catalogue"": ""ATNF""}"
J1055-6236,pulsar,163.97754166666664,-62.613416666666666,,,,,"{""catalogue"": ""ATNF""}"
J1055-6905,pulsar,163.93629166666668,-69.0865,,,,,"{""catalogue"": ""ATNF""}"
J1056-5709,pulsar,164.18245833333333,-57.15958333333333,,,,,"{""catalogue"": ""ATNF""}"
J1056-6258,pulsar,164.10660000000001,-62.97991388888889,,,,,"{""catalogue"": ""ATNF""}"
J1056-7117,pulsar,164.19158333333334,-71.298165,,,,,"{""catalogue"": ""ATNF""}"
J1057-4754,pulsar,164.47140833333333,-47.916,,,,,"{""catalogue"": ""ATNF""}"
J1057-5226,pulsar,164.49602083333332,-52.44898055555555,,,,,"{""catalogue"": ""ATNF""}"
J1057-5851,pulsar,164.28958333333333,-58.85194444444445,,,,,"{""catalogue"": ""ATNF""}"
J1057-7914,pulsar,164.36541666666665,-79.23988888888888,,,,,"{""catalogue"": ""ATNF""}"
J1058-5957,pulsar,164.64270833333336,-59.96011111111111,,,,,"{""catalogue"": ""ATNF""}"
J1059-5742,pulsar,164.7537025,-57.70404166666667,,,,,"{""catalogue"": ""ATNF""}"
J1059+6459,pulsar,164.86458333333334,64.99222222222222,,,,,"{""catalogue"": ""ATNF""}"
J1101-6101,pulsar,165.43733333333336,-61.02766666666667,,,,,"{""catalogue"": ""ATNF""}"
J1101-6424,pulsar,165.4049679166667,-64.41092555555556,,,,,"{""catalogue"": ""ATNF""}"
J1103-5403,pulsar,165.88872500000002,-54.062012499999994,,,,,"{""catalogue"": ""ATNF""}"
J1103-6025,pulsar,165.88116666666667,-60.426775,,,,,"{""catalogue"": ""ATNF""}"
J1104-6103,pulsar,166.071925,-61.05107777777778,,,,,"{""catalogue"": ""ATNF""}"
J1105+02,pulsar,166.38333333333333,2.480761111111111,,,,,"{""catalogue"": ""ATNF""}"
J1105-4353,pulsar,166.3535,-43.88472222222222,,,,,"{""catalogue"": ""ATNF""}"
J1105-6037,pulsar,166.252,-60.62119444444445,,,,,"{""catalogue"": ""ATNF""}"
J1105-6107,pulsar,166.3589166666667,-61.13026111111111,,,,,"{""catalogue"": ""ATNF""}"
J1106-6438,pulsar,166.61849999999998,-64.65,,,,,"{""catalogue"": ""ATNF""}"
J1107-5907,pulsar,166.89358333333334,-59.12186111111111,,,,,"{""catalogue"": ""ATNF""}"
J1107-5947,pulsar,166.99458333333334,-59.78444444444444,,,,,"{""catalogue"": ""ATNF""}"
J1107-6143,pulsar,166.80125,-61.73305555555556,,,,,"{""catalogue"": ""ATNF""}"
J1110-5637,pulsar,167.50154666666666,-56.62571388888889,,,,,"{""catalogue"": ""ATNF""}"
J1111-6039,pulsar,167.95291666666668,-60.656388888888884,,,,,"{""catalogue"": ""ATNF""}"
J1112-6103,pulsar,168.0617083333333,-61.058638888888886,,,,,"{""catalogue"": ""ATNF""}"
J1112-6613,pulsar,168.16005833333332,-66.21796194444444,,,,,"{""catalogue"": ""ATNF""}"
J1112-6926,pulsar,168.21158333333332,-69.44231388888889,,,,,"{""catalogue"": ""ATNF""}"
J1114-6100,pulsar,168.59454166666666,-61.008916666666664,,,,,"{""catalogue"": ""ATNF""}"
J1115-0956,pulsar,168.86400416666666,-9.948083333333333,,,,,"{""catalogue"": ""ATNF""}"
J1115+5030,pulsar,168.91,50.503413888888886,,,,,"{""catalogue"": ""ATNF""}"
J1115-6052,pulsar,168.9738416666667,-60.871836111111115,,,,,"{""catalogue"": ""ATNF""}"
J1116-2444,pulsar,169.0969166666667,-24.748916666666666,,,,,"{""catalogue"": ""ATNF""}"
J1116-4122,pulsar,169.179525,-41.37887777777778,,,,,"{""catalogue"": ""ATNF""}"
J1117-6154,pulsar,169.34920833333334,-61.90611111111111,,,,,"{""catalogue"": ""ATNF""}"
J1117-6447,pulsar,169.4375,-64.79944444444445,,,,,"{""catalogue"": ""ATNF""}"
J1119-6127,pulsar,169.80958333333334,-61.463750000000005,,,,,"{""catalogue"": ""ATNF""}"
J1119-7936,pulsar,169.92,-79.60841666666666,,,,,"{""catalogue"": ""ATNF""}"
J1120-3618,pulsar,170.097325,-36.32790777777778,,,,,"{""catalogue"": ""ATNF""}"
J1121-5444,pulsar,170.32954166666667,-54.73475,,,,,"{""catalogue"": ""ATNF""}"
J1122-3546,pulsar,170.57184916666668,-35.77533111111111,,,,,"{""catalogue"": ""ATNF""}"
J1123-4844,pulsar,170.8152125,-48.73965277777778,,,,,"{""catalogue"": ""ATNF""}"
J1123-6102,pulsar,170.92375,-61.03505555555555,,,,,"{""catalogue"": ""ATNF""}"
J1123-6259,pulsar,170.981375,-62.98636666666667,,,,,"{""catalogue"": ""ATNF""}"
J1123-6651,pulsar,170.96754166666668,-66.86363055555555,,,,,"{""catalogue"": ""ATNF""}"
J1124-3653,pulsar,171.00465000000003,-36.88863888888889,,,,,"{""catalogue"": ""ATNF""}"
J1124-5638,pulsar,171.23529166666668,-56.64436111111111,,,,,"{""catalogue"": ""ATNF""}"
J1124-5916,pulsar,171.16250000000002,-59.27194444444444,,,,,"{""catalogue"": ""ATNF""}"
J1124-6421,pulsar,171.24791666666667,-64.35472222222222,,,,,"{""catalogue"": ""ATNF""}"
J1125-5825,pulsar,171.43485683333333,-58.4213555,,,,,"{""catalogue"": ""ATNF""}"
J1125-6014,pulsar,171.4801234625,-60.235193180555555,,,,,"{""catalogue"": ""ATNF""}"
J1125+7819,pulsar,171.49940266666664,78.33019873888888,,,,,"{""catalogue"": ""ATNF""}"
J1126-2737,pulsar,171.50833333333333,-27.619722222222222,,,,,"{""catalogue"": ""ATNF""}"
J1126-6054,pulsar,171.7192,-60.9111,,,,,"{""catalogue"": ""ATNF""}"
J1126-6942,pulsar,171.59025000000003,-69.70438888888889,,,,,"{""catalogue"": ""ATNF""}"
J1128-6219,pulsar,172.19458333333333,-62.31916666666667,,,,,"{""catalogue"": ""ATNF""}"
J1130+09,pulsar,172.72916666666666,9.346819444444446,,,,,"{""catalogue"": ""ATNF""}"
J1130-5826,pulsar,172.56804166666666,-58.433972222222216,,,,,"{""catalogue"": ""ATNF""}"
J1130-5925,pulsar,172.5435,-59.426138888888886,,,,,"{""catalogue"": ""ATNF""}"
J1130-6807,pulsar,172.63297083333333,-68.12458888888888,,,,,"{""catalogue"": ""ATNF""}"
J1132-4700,pulsar,173.06050000000002,-47.01013888888889,,,,,"{""catalogue"": ""ATNF""}"
J1132-5627,pulsar,173.06558333333334,-56.45802777777778,,,,,"{""catalogue"": ""ATNF""}"
J1133-6250,pulsar,173.46437500000002,-62.847388888888894,,,,,"{""catalogue"": ""ATNF""}"
J1135-49,pulsar,173.98333333333335,-49.42527777777777,,,,,"{""catalogue"": ""ATNF""}"
J1135-6055,pulsar,173.78489583333334,-60.9268,,,,,"{""catalogue"": ""ATNF""}"
J1136+1551,pulsar,174.01299916666665,15.853939722222222,,,,,"{""catalogue"": ""ATNF""}"
J1136-5525,pulsar,174.00900000000001,-55.41858333333333,,,,,"{""catalogue"": ""ATNF""}"
J1136-6527,pulsar,174.1050833333333,-65.45541666666666,,,,,"{""catalogue"": ""ATNF""}"
J1137-6700,pulsar,174.3837041666667,-67.00916944444444,,,,,"{""catalogue"": ""ATNF""}"
J1137+7528,pulsar,174.25857208333335,75.4673086388889,,,,,"{""catalogue"": ""ATNF""}"
J1138-6207,pulsar,174.59008333333333,-62.13313888888889,,,,,"{""catalogue"": ""ATNF""}"
J1141-3107,pulsar,175.35678750000002,-31.13127777777778,,,,,"{""catalogue"": ""ATNF""}"
J1141-3322,pulsar,175.42815,-33.37703055555556,,,,,"{""catalogue"": ""ATNF""}"
J1141-6545,pulsar,175.279225,-65.75530919444445,,,,,"{""catalogue"": ""ATNF""}"
J1142+0119,pulsar,175.7089375,1.3265805555555557,,,,,"{""catalogue"": ""ATNF""}"
J1142-6230,pulsar,175.71874999999997,-62.501083333333334,,,,,"{""catalogue"": ""ATNF""}"
J1143-5158,pulsar,175.81277083333333,-51.97774722222223,,,,,"{""catalogue"": ""ATNF""}"
J1143-5536,pulsar,175.79079166666668,-55.60125,,,,,"{""catalogue"": ""ATNF""}"
J1144-6146,pulsar,176.14499999999998,-61.780277777777776,,,,,"{""catalogue"": ""ATNF""}"
J1144-6217,pulsar,176.00879166666667,-62.29175,,,,,"{""catalogue"": ""ATNF""}"
J1146-6030,pulsar,176.53214666666668,-60.51656166666667,,,,,"{""catalogue"": ""ATNF""}"
J1146-6610,pulsar,176.74322125,-66.18093277777778,,,,,"{""catalogue"": ""ATNF""}"
J1148-5725,pulsar,177.118875,-57.42016666666667,,,,,"{""catalogue"": ""ATNF""}"
J1148-6415,pulsar,177.15750000000003,-64.25916666666667,,,,,"{""catalogue"": ""ATNF""}"
J1151-6108,pulsar,177.98691666666664,-61.13822222222222,,,,,"{""catalogue"": ""ATNF""}"
J1152-5800,pulsar,178.04166666666669,-58.00944444444445,,,,,"{""catalogue"": ""ATNF""}"
J1152-6012,pulsar,178.22416666666666,-60.20583333333334,,,,,"{""catalogue"": ""ATNF""}"
J1152-6056,pulsar,178.156,-60.93944444444444,,,,,"{""catalogue"": ""ATNF""}"
J1153-2117,pulsar,178.24166666666667,-21.298055555555557,,,,,"{""catalogue"": ""ATNF""}"
J1154-6250,pulsar,178.58375,-62.83408333333333,,,,,"{""catalogue"": ""ATNF""}"
J1156-1318,pulsar,179.175,-13.306111111111111,,,,,"{""catalogue"": ""ATNF""}"
J1156-5707,pulsar,179.03104166666668,-57.11725,,,,,"{""catalogue"": ""ATNF""}"
J1156-5909,pulsar,179.08958333333334,-59.153416666666665,,,,,"{""catalogue"": ""ATNF""}"
J1157-5112,pulsar,179.28402499999999,-51.21559444444445,,,,,"{""catalogue"": ""ATNF""}"
J1157-6224,pulsar,179.31336249999998,-62.41414722222222,,,,,"{""catalogue"": ""ATNF""}"
J1159-6409,pulsar,179.84041666666664,-64.16583333333334,,,,,"{""catalogue"": ""ATNF""}"
J1159-7910,pulsar,179.89879166666665,-79.16822222222223,,,,,"{""catalogue"": ""ATNF""}"
J1201-6306,pulsar,180.34587500000004,-63.116527777777776,,,,,"{""catalogue"": ""ATNF""}"
J1202-5820,pulsar,180.61802083333333,-58.34267777777778,,,,,"{""catalogue"": ""ATNF""}"
J1204-6843,pulsar,181.153,-68.72144166666666,,,,,"{""catalogue"": ""ATNF""}"
J1207-4508,pulsar,181.83025,-45.13586111111111,,,,,"{""catalogue"": ""ATNF""}"
J1207-5050,pulsar,181.84334966666665,-50.84407777777778,,,,,"{""catalogue"": ""ATNF""}"
J1208-6238,pulsar,182.05816666666666,-62.63425,,,,,"{""catalogue"": ""ATNF""}"
J1210-5226,pulsar,182.50379166666667,-52.441222222222216,,,,,"{""catalogue"": ""ATNF""}"
J1210-5559,pulsar,182.5249460833333,-55.984402805555554,,,,,"{""catalogue"": ""ATNF""}"
J1210-6322,pulsar,182.69491666666667,-63.37247222222222,,,,,"{""catalogue"": ""ATNF""}"
J1210-6550,pulsar,182.67499999999998,-65.8346111111111,,,,,"{""catalogue"": ""ATNF""}"
J1211-6324,pulsar,182.85075,-63.41255555555556,,,,,"{""catalogue"": ""ATNF""}"
J1214-5830,pulsar,183.53508333333332,-58.507194444444444,,,,,"{""catalogue"": ""ATNF""}"
J1215-5328,pulsar,183.75258333333332,-53.47544444444445,,,,,"{""catalogue"": ""ATNF""}"
J1216-50,pulsar,184.08333333333337,-50.45027777777778,,,,,"{""catalogue"": ""ATNF""}"
J1216-6223,pulsar,184.17483333333337,-62.399166666666666,,,,,"{""catalogue"": ""ATNF""}"
J1216-6410,pulsar,184.03058166666668,-64.16922944444445,,,,,"{""catalogue"": ""ATNF""}"
J1220-6318,pulsar,185.07441666666668,-63.312916666666666,,,,,"{""catalogue"": ""ATNF""}"
J1221-0633,pulsar,185.35316291666666,-6.564356388888888,,,,,"{""catalogue"": ""ATNF""}"
J1222-5738,pulsar,185.71791666666667,-57.638888888888886,,,,,"{""catalogue"": ""ATNF""}"
J1223-5856,pulsar,185.91725,-58.94691666666667,,,,,"{""catalogue"": ""ATNF""}"
J1224-6208,pulsar,186.184375,-62.14475,,,,,"{""catalogue"": ""ATNF""}"
J1224-6407,pulsar,186.092725,-64.13163055555555,,,,,"{""catalogue"": ""ATNF""}"
J1225-5556,pulsar,186.43261249999998,-55.94531666666666,,,,,"{""catalogue"": ""ATNF""}"
J1225-6035,pulsar,186.36929166666667,-60.59377777777778,,,,,"{""catalogue"": ""ATNF""}"
J1225-6408,pulsar,186.4283333333333,-64.14527777777778,,,,,"{""catalogue"": ""ATNF""}"
J1226+0005,pulsar,186.56,0.09555555555555555,,,,,"{""catalogue"": ""ATNF""}"
J1226-3223,pulsar,186.69428333333332,-32.38361111111111,,,,,"{""catalogue"": ""ATNF""}"
J1227-4853,pulsar,186.9946833333333,-48.895205833333335,,,,,"{""catalogue"": ""ATNF""}"
J1227-6208,pulsar,186.75183875,-62.145496944444446,,,,,"{""catalogue"": ""ATNF""}"
J1231-1411,pulsar,187.79713833333335,-14.195452777777778,,,,,"{""catalogue"": ""ATNF""}"
J1231-4609,pulsar,187.9406666666667,-46.16255555555556,,,,,"{""catalogue"": ""ATNF""}"
J1231-6303,pulsar,187.80416666666667,-63.055,,,,,"{""catalogue"": ""ATNF""}"
J1231-6511,pulsar,187.9329166666667,-65.19666666666667,,,,,"{""catalogue"": ""ATNF""}"
J1232-4742,pulsar,188.07958333333332,-47.71413888888889,,,,,"{""catalogue"": ""ATNF""}"
J1232-6501,pulsar,188.07433333333333,-65.01759166666666,,,,,"{""catalogue"": ""ATNF""}"
J1233-6312,pulsar,188.38125,-63.20805555555556,,,,,"{""catalogue"": ""ATNF""}"
J1233-6344,pulsar,188.41625000000002,-63.74861111111111,,,,,"{""catalogue"": ""ATNF""}"
J1234-3630,pulsar,188.55,-36.51141666666667,,,,,"{""catalogue"": ""ATNF""}"
J1235-6354,pulsar,188.9905,-63.90844444444444,,,,,"{""catalogue"": ""ATNF""}"
J1236-0159,pulsar,189.01041666666666,-1.9861111111111112,,,,,"{""catalogue"": ""ATNF""}"
J1236-5033,pulsar,189.24645833333332,-50.56008333333333,,,,,"{""catalogue"": ""ATNF""}"
J1237-6725,pulsar,189.35791666666665,-67.42608333333334,,,,,"{""catalogue"": ""ATNF""}"
J1238+2152,pulsar,189.59654166666664,21.86975,,,,,"{""catalogue"": ""ATNF""}"
J1239+2453,pulsar,189.91858916666666,24.897025,,,,,"{""catalogue"": ""ATNF""}"
J1239-6832,pulsar,189.9956666666667,-68.54137222222222,,,,,"{""catalogue"": ""ATNF""}"
J1240-4124,pulsar,190.073375,-41.41436111111111,,,,,"{""catalogue"": ""ATNF""}"
J1243-5735,pulsar,190.89741666666666,-57.595222222222226,,,,,"{""catalogue"": ""ATNF""}"
J1243-6423,pulsar,190.82125416666665,-64.389925,,,,,"{""catalogue"": ""ATNF""}"
J1244-1812,pulsar,191.10741666666667,-18.2045,,,,,"{""catalogue"": ""ATNF""}"
J1244-5053,pulsar,191.04783333333333,-50.88905555555556,,,,,"{""catalogue"": ""ATNF""}"
J1244-6359,pulsar,191.1987208333333,-63.9965,,,,,"{""catalogue"": ""ATNF""}"
J1244-6531,pulsar,191.15958333333333,-65.52,,,,,"{""catalogue"": ""ATNF""}"
J1245-6238,pulsar,191.338,-62.64886111111111,,,,,"{""catalogue"": ""ATNF""}"
J1246+2253,pulsar,191.7056791666667,22.895352777777777,,,,,"{""catalogue"": ""ATNF""}"
J1248-6344,pulsar,192.19316666666668,-63.736000000000004,,,,,"{""catalogue"": ""ATNF""}"
J1248-6444,pulsar,192.13695833333335,-64.73333333333333,,,,,"{""catalogue"": ""ATNF""}"
J1249-6507,pulsar,192.47633333333332,-65.12216666666666,,,,,"{""catalogue"": ""ATNF""}"
J1251-7407,pulsar,192.97058333333334,-74.12084444444444,,,,,"{""catalogue"": ""ATNF""}"
J1252-6314,pulsar,193.17758333333333,-63.24241666666667,,,,,"{""catalogue"": ""ATNF""}"
J1253-5820,pulsar,193.36809166666666,-58.34469166666667,,,,,"{""catalogue"": ""ATNF""}"
J1254-6150,pulsar,193.63533333333334,-61.84744444444445,,,,,"{""catalogue"": ""ATNF""}"
J1255-6131,pulsar,193.97858333333335,-61.51947222222222,,,,,"{""catalogue"": ""ATNF""}"
J1257-1027,pulsar,194.26984374999998,-10.451541944444443,,,,,"{""catalogue"": ""ATNF""}"
J1259-6741,pulsar,194.84433333333334,-67.69451944444445,,,,,"{""catalogue"": ""ATNF""}"
J1300+1240,pulsar,195.01490291666667,12.68235336111111,,,,,"{""catalogue"": ""ATNF""}"
J1300-6602,pulsar,195.11220833333334,-66.038,,,,,"{""catalogue"": ""ATNF""}"
J1301+0833,pulsar,195.4094166666667,8.565972222222223,,,,,"{""catalogue"": ""ATNF""}"
J1301-6305,pulsar,195.4406666666667,-63.09275,,,,,"{""catalogue"": ""ATNF""}"
J1301-6310,pulsar,195.36791666666667,-63.17791666666666,,,,,"{""catalogue"": ""ATNF""}"
J1302-3258,pulsar,195.60625000000002,-32.97666666666667,,,,,"{""catalogue"": ""ATNF""}"
J1302-63,pulsar,195.51666666666668,-63.74805555555556,,,,,"{""catalogue"": ""ATNF""}"
J1302-6313,pulsar,195.57999999999998,-63.224722222222226,,,,,"{""catalogue"": ""ATNF""}"
J1302-6350,pulsar,195.69849307083334,-63.83573016388889,,,,,"{""catalogue"": ""ATNF""}"
J1303-6305,pulsar,195.75008333333335,-63.083555555555556,,,,,"{""catalogue"": ""ATNF""}"
J1304+12,pulsar,196.1125,12.04111111111111,,,,,"{""catalogue"": ""ATNF""}"
J1305-6203,pulsar,196.33808333333334,-62.05585277777777,,,,,"{""catalogue"": ""ATNF""}"
J1305-6256,pulsar,196.36666666666667,-62.94416666666666,,,,,"{""catalogue"": ""ATNF""}"
J1305-6455,pulsar,196.3477916666667,-64.92458333333335,,,,,"{""catalogue"": ""ATNF""}"
J1306-4035,pulsar,196.73458333333332,-40.58980555555556,,,,,"{""catalogue"": ""ATNF""}"
J1306-6242,pulsar,196.68583333333333,-62.700833333333335,,,,,"{""catalogue"": ""ATNF""}"
J1306-6617,pulsar,196.65883333333332,-66.28922222222222,,,,,"{""catalogue"": ""ATNF""}"
J1307-6318,pulsar,196.9779166666667,-63.30972222222222,,,,,"{""catalogue"": ""ATNF""}"
J1307-67,pulsar,196.92083333333332,-67.05749999999999,,,,,"{""catalogue"": ""ATNF""}"
J1308+2127,pulsar,197.201125,21.45188333333333,,,,,"{""catalogue"": ""ATNF""}"
J1308-4650,pulsar,197.1857875,-46.84158333333333,,,,,"{""catalogue"": ""ATNF""}"
J1308-5844,pulsar,197.08783333333332,-58.73716666666667,,,,,"{""catalogue"": ""ATNF""}"
J1309-6415,pulsar,197.31916666666666,-64.26638888888888,,,,,"{""catalogue"": ""ATNF""}"
J1309-6526,pulsar,197.25120833333335,-65.43794444444445,,,,,"{""catalogue"": ""ATNF""}"
J1311-1228,pulsar,197.96937083333336,-12.46711111111111,,,,,"{""catalogue"": ""ATNF""}"
J1311-3430,pulsar,197.9405175,-34.508430555555556,,,,,"{""catalogue"": ""ATNF""}"
J1312+0051,pulsar,198.19434299999998,0.8500288888888888,,,,,"{""catalogue"": ""ATNF""}"
J1312+1810A,pulsar,198.23,18.168055555555558,,,,,"{""catalogue"": ""ATNF""}"
J1312+1810B,pulsar,198.23,18.168055555555558,,,,,"{""catalogue"": ""ATNF""}"
J1312+1810C,pulsar,198.23,18.168055555555558,,,,,"{""catalogue"": ""ATNF""}"
J1312+1810D,pulsar,198.23,18.168055555555558,,,,,"{""catalogue"": ""ATNF""}"
J1312-5402,pulsar,198.01961666666665,-54.045138888888886,,,,,"{""catalogue"": ""ATNF""}"
J1312-5516,pulsar,198.22305416666666,-55.279805555555555,,,,,"{""catalogue"": ""ATNF""}"
J1312-6400,pulsar,198.02983333333333,-64.01544444444444,,,,,"{""catalogue"": ""ATNF""}"
J1313+0931,pulsar,198.34583333333333,9.532222222222224,,,,,"{""catalogue"": ""ATNF""}"
J1314-6101,pulsar,198.5975,-61.02111111111111,,,,,"{""catalogue"": ""ATNF""}"
J1316-6232,pulsar,199.19291666666666,-62.536722222222224,,,,,"{""catalogue"": ""ATNF""}"
J1317-0157,pulsar,199.41854125,-1.9583583333333332,,,,,"{""catalogue"": ""ATNF""}"
J1317-5759,pulsar,199.44287500000002,-57.99180555555556,,,,,"{""catalogue"": ""ATNF""}"
J1317-6302,pulsar,199.43620833333333,-63.04783333333333,,,,,"{""catalogue"": ""ATNF""}"
J1319-6056,pulsar,199.834375,-60.946330555555555,,,,,"{""catalogue"": ""ATNF""}"
J1319-6105,pulsar,199.85966666666667,-61.090611111111116,,,,,"{""catalogue"": ""ATNF""}"
J1320-3512,pulsar,200.05283333333335,-35.20722222222223,,,,,"{""catalogue"": ""ATNF""}"
J1320-5359,pulsar,200.22467083333333,-53.984722222222224,,,,,"{""catalogue"": ""ATNF""}"
J1321-5922,pulsar,200.41483333333332,-59.38113888888889,,,,,"{""catalogue"": ""ATNF""}"
J1321+8323,pulsar,200.44013125,83.39428666666667,,,,,"{""catalogue"": ""ATNF""}"
J1322-6241,pulsar,200.63395833333334,-62.69819444444444,,,,,"{""catalogue"": ""ATNF""}"
J1322-6329,pulsar,200.57500000000002,-63.493611111111115,,,,,"{""catalogue"": ""ATNF""}"
J1324-6146,pulsar,201.18291666666667,-61.766666666666666,,,,,"{""catalogue"": ""ATNF""}"
J1324-6302,pulsar,201.056875,-63.03919444444444,,,,,"{""catalogue"": ""ATNF""}"
J1325-6253,pulsar,201.27037791666666,-62.894331666666666,,,,,"{""catalogue"": ""ATNF""}"
J1326-4728A,pulsar,201.6652916666667,-47.503233333333334,,,,,"{""catalogue"": ""ATNF""}"
J1326-4728B,pulsar,201.7065125,-47.49017222222222,,,,,"{""catalogue"": ""ATNF""}"
J1326-5859,pulsar,201.74257083333333,-58.99146944444445,,,,,"{""catalogue"": ""ATNF""}"
J1326-6408,pulsar,201.6351375,-64.14550000000001,,,,,"{""catalogue"": ""ATNF""}"
J1326-6700,pulsar,201.51137500000002,-67.01366666666667,,,,,"{""catalogue"": ""ATNF""}"
J1327-0755,pulsar,201.98995,-7.924944444444445,,,,,"{""catalogue"": ""ATNF""}"
J1327-6222,pulsar,201.82156666666666,-62.37929444444445,,,,,"{""catalogue"": ""ATNF""}"
J1327-6301,pulsar,201.78096666666667,-63.020975,,,,,"{""catalogue"": ""ATNF""}"
J1327-6400,pulsar,201.79279166666666,-64.00363888888889,,,,,"{""catalogue"": ""ATNF""}"
J1328-4357,pulsar,202.02679999999998,-43.96225555555556,,,,,"{""catalogue"": ""ATNF""}"
J1328-4921,pulsar,202.13991666666666,-49.35927777777778,,,,,"{""catalogue"": ""ATNF""}"
J1329-6158,pulsar,202.26375,-61.98305555555556,,,,,"{""catalogue"": ""ATNF""}"
J1331-5245,pulsar,202.75004166666668,-52.75705555555555,,,,,"{""catalogue"": ""ATNF""}"
J1332-3032,pulsar,203.21866666666665,-30.53813888888889,,,,,"{""catalogue"": ""ATNF""}"
J1333-4449,pulsar,203.4367875,-44.82395,,,,,"{""catalogue"": ""ATNF""}"
J1334-5839,pulsar,203.62545458333335,-58.65459583333333,,,,,"{""catalogue"": ""ATNF""}"
J1336-2522,pulsar,204.08683333333332,-25.36711111111111,,,,,"{""catalogue"": ""ATNF""}"
J1337-4441,pulsar,204.36562083333334,-44.69508333333333,,,,,"{""catalogue"": ""ATNF""}"
J1337-6306,pulsar,204.33479166666666,-63.10647222222222,,,,,"{""catalogue"": ""ATNF""}"
J1337-6423,pulsar,204.38284583333333,-64.38469861111112,,,,,"{""catalogue"": ""ATNF""}"
J1338-6204,pulsar,204.53852916666665,-62.07186111111111,,,,,"{""catalogue"": ""ATNF""}"
J1339-4712,pulsar,204.98578583333335,-47.20153333333334,,,,,"{""catalogue"": ""ATNF""}"
J1339-6618,pulsar,204.98583333333335,-66.30216666666666,,,,,"{""catalogue"": ""ATNF""}"
J1340-6456,pulsar,205.00133333333332,-64.94525,,,,,"{""catalogue"": ""ATNF""}"
J1341-6023,pulsar,205.28070833333334,-60.39297222222222,,,,,"{""catalogue"": ""ATNF""}"
J1341-6220,pulsar,205.427625,-62.339083333333335,,,,,"{""catalogue"": ""ATNF""}"
J1342+2822A,pulsar,205.50279166666664,28.37538888888889,,,,,"{""catalogue"": ""ATNF""}"
J1342+2822B,pulsar,205.54619624999998,28.377816944444444,,,,,"{""catalogue"": ""ATNF""}"
J1342+2822C,pulsar,205.54833333333332,28.377222222222223,,,,,"{""catalogue"": ""ATNF""}"
J1342+2822D,pulsar,205.5425,28.37666666666667,,,,,"{""catalogue"": ""ATNF""}"
J1342+2822E,pulsar,205.54833333333332,28.377222222222223,,,,,"{""catalogue"": ""ATNF""}"
J1342+2822F,pulsar,205.54833333333332,28.377222222222223,,,,,"{""catalogue"": ""ATNF""}"
J1343+6634,pulsar,205.99691666666666,66.57362499999999,,,,,"{""catalogue"": ""ATNF""}"
J1344-5855,pulsar,206.22104166666665,-58.92354722222222,,,,,"{""catalogue"": ""ATNF""}"
J1344-6059,pulsar,206.16499999999996,-60.99194444444444,,,,,"{""catalogue"": ""ATNF""}"
J1345-6115,pulsar,206.435125,-61.2585,,,,,"{""catalogue"": ""ATNF""}"
J1346-4918,pulsar,206.59312500000001,-49.302,,,,,"{""catalogue"": ""ATNF""}"
J1347-5947,pulsar,206.83075,-59.79438888888889,,,,,"{""catalogue"": ""ATNF""}"
J1348-6307,pulsar,207.17666666666668,-63.117777777777775,,,,,"{""catalogue"": ""ATNF""}"
J1349-6130,pulsar,207.40258333333333,-61.504755555555555,,,,,"{""catalogue"": ""ATNF""}"
J1350-5115,pulsar,207.56732916666667,-51.25682222222222,,,,,"{""catalogue"": ""ATNF""}"
J1350-6225,pulsar,207.68520833333335,-62.42883333333333,,,,,"{""catalogue"": ""ATNF""}"
J1352-6803,pulsar,208.1435416666667,-68.06030555555556,,,,,"{""catalogue"": ""ATNF""}"
J1354+2454,pulsar,208.51666666666668,24.901666666666664,,,,,"{""catalogue"": ""ATNF""}"
J1354-6249,pulsar,208.64583333333334,-62.825,,,,,"{""catalogue"": ""ATNF""}"
J1355-5153,pulsar,208.99454999999998,-51.898319444444446,,,,,"{""catalogue"": ""ATNF""}"
J1355-5747,pulsar,208.90395833333335,-57.7875,,,,,"{""catalogue"": ""ATNF""}"
J1355-5925,pulsar,208.99629166666665,-59.416916666666665,,,,,"{""catalogue"": ""ATNF""}"
J1355-6206,pulsar,208.83891666666665,-62.105583333333335,,,,,"{""catalogue"": ""ATNF""}"
J1356-5521,pulsar,209.21065833333333,-55.3536,,,,,"{""catalogue"": ""ATNF""}"
J1357-6429,pulsar,209.260125,-64.49172222222222,,,,,"{""catalogue"": ""ATNF""}"
J1359-6038,pulsar,209.99269999999999,-60.63543055555556,,,,,"{""catalogue"": ""ATNF""}"
J1400-1431,pulsar,210.15418170833334,-14.529734722222223,,,,,"{""catalogue"": ""ATNF""}"
J1400-6325,pulsar,210.19037500000002,-63.4285,,,,,"{""catalogue"": ""ATNF""}"
J1401-6357,pulsar,210.46854166666668,-63.961666666666666,,,,,"{""catalogue"": ""ATNF""}"
J1402+1306,pulsar,210.69333333333333,13.116111111111111,,,,,"{""catalogue"": ""ATNF""}"
J1402-5021,pulsar,210.73333333333335,-50.36194444444445,,,,,"{""catalogue"": ""ATNF""}"
J1403-0314,pulsar,210.92083333333332,-3.2577777777777777,,,,,"{""catalogue"": ""ATNF""}"
J1403-6310,pulsar,210.80833333333337,-63.174166666666665,,,,,"{""catalogue"": ""ATNF""}"
J1403-7646,pulsar,210.76708333333335,-76.78263888888888,,,,,"{""catalogue"": ""ATNF""}"
J1404+1159,pulsar,211.1541125,11.987777777777778,,,,,"{""catalogue"": ""ATNF""}"
J1405-4656,pulsar,211.3392729166667,-46.933975,,,,,"{""catalogue"": ""ATNF""}"
J1405-5641,pulsar,211.30170833333335,-56.69005555555555,,,,,"{""catalogue"": ""ATNF""}"
J1406-4233,pulsar,211.5199583333333,-42.55572222222222,,,,,"{""catalogue"": ""ATNF""}"
J1406-5806,pulsar,211.505,-58.10888888888889,,,,,"{""catalogue"": ""ATNF""}"
J1406-6121,pulsar,211.7085,-61.35775,,,,,"{""catalogue"": ""ATNF""}"
J1407-6048,pulsar,211.99433333333334,-60.81633333333333,,,,,"{""catalogue"": ""ATNF""}"
J1407-6153,pulsar,211.98541666666665,-61.89972222222222,,,,,"{""catalogue"": ""ATNF""}"
J1409-6953,pulsar,212.3204166666667,-69.89288888888889,,,,,"{""catalogue"": ""ATNF""}"
J1410-6132,pulsar,212.5982958333333,-61.53559722222222,,,,,"{""catalogue"": ""ATNF""}"
J1410-7404,pulsar,212.53070833333334,-74.08147777777778,,,,,"{""catalogue"": ""ATNF""}"
J1411+2551,pulsar,212.82860833333334,25.852330555555557,,,,,"{""catalogue"": ""ATNF""}"
J1412-6111,pulsar,213.24841666666666,-61.191805555555554,,,,,"{""catalogue"": ""ATNF""}"
J1412-6145,pulsar,213.03179166666666,-61.75791111111111,,,,,"{""catalogue"": ""ATNF""}"
J1412+7922,pulsar,213.23277916666663,79.36774861111111,,,,,"{""catalogue"": ""ATNF""}"
J1413-6141,pulsar,213.29112500000002,-61.68694444444444,,,,,"{""catalogue"": ""ATNF""}"
J1413-6205,pulsar,213.37458333333333,-62.09388888888889,,,,,"{""catalogue"": ""ATNF""}"
J1413-6222,pulsar,213.27279166666665,-62.37438888888889,,,,,"{""catalogue"": ""ATNF""}"
J1413-6307,pulsar,213.38048333333333,-63.12651388888889,,,,,"{""catalogue"": ""ATNF""}"
J1414-6802,pulsar,213.60708333333332,-68.04944444444445,,,,,"{""catalogue"": ""ATNF""}"
J1415-6621,pulsar,213.88029166666666,-66.35338888888889,,,,,"{""catalogue"": ""ATNF""}"
J1416-5033,pulsar,214.18583333333336,-50.55472222222222,,,,,"{""catalogue"": ""ATNF""}"
J1416-6037,pulsar,214.12745833333335,-60.63319444444444,,,,,"{""catalogue"": ""ATNF""}"
J1417-4402,pulsar,214.3775,-44.049277777777775,,,,,"{""catalogue"": ""ATNF""}"
J1418-3921,pulsar,214.70951250000002,-39.35514166666667,,,,,"{""catalogue"": ""ATNF""}"
J1418-5945,pulsar,214.63458333333335,-59.75,,,,,"{""catalogue"": ""ATNF""}"
J1418-6058,pulsar,214.67791666666668,-60.96361111111111,,,,,"{""catalogue"": ""ATNF""}"
J1420-5416,pulsar,215.12129166666668,-54.27297222222222,,,,,"{""catalogue"": ""ATNF""}"
J1420-5625,pulsar,215.01275833333332,-56.43194444444444,,,,,"{""catalogue"": ""ATNF""}"
J1420-6048,pulsar,215.03432083333334,-60.804563888888886,,,,,"{""catalogue"": ""ATNF""}"
J1421-4409,pulsar,215.3373494583333,-44.15126472222222,,,,,"{""catalogue"": ""ATNF""}"
J1422-6138,pulsar,215.61790416666668,-61.6412,,,,,"{""catalogue"": ""ATNF""}"
J1423-6953,pulsar,215.861625,-69.89522777777779,,,,,"{""catalogue"": ""ATNF""}"
J1424-5556,pulsar,216.05316666666667,-55.937194444444444,,,,,"{""catalogue"": ""ATNF""}"
J1424-56,pulsar,216.09583333333333,-56.67972222222222,,,,,"{""catalogue"": ""ATNF""}"
J1424-5822,pulsar,216.133875,-58.38213888888889,,,,,"{""catalogue"": ""ATNF""}"
J1424-6438,pulsar,216.24666666666667,-64.63611111111112,,,,,"{""catalogue"": ""ATNF""}"
J1425-5723,pulsar,216.40233333333333,-57.391888888888886,,,,,"{""catalogue"": ""ATNF""}"
J1425-5759,pulsar,216.49629166666665,-57.98616666666667,,,,,"{""catalogue"": ""ATNF""}"
J1425-6210,pulsar,216.2820833333333,-62.16802777777777,,,,,"{""catalogue"": ""ATNF""}"
J1427-4158,pulsar,216.96154166666665,-41.982305555555556,,,,,"{""catalogue"": ""ATNF""}"
J1428-5530,pulsar,217.10933333333332,-55.51390555555555,,,,,"{""catalogue"": ""ATNF""}"
J1429-5911,pulsar,217.49416666666664,-59.1935,,,,,"{""catalogue"": ""ATNF""}"
J1429-5935,pulsar,217.35791666666665,-59.599694444444445,,,,,"{""catalogue"": ""ATNF""}"
J1430-5712,pulsar,217.567375,-57.20872222222223,,,,,"{""catalogue"": ""ATNF""}"
J1430-6623,pulsar,217.66972916666666,-66.38487500000001,,,,,"{""catalogue"": ""ATNF""}"
J1431-4715,pulsar,217.93590708333335,-47.25765944444444,,,,,"{""catalogue"": ""ATNF""}"
J1431-5740,pulsar,217.76456375,-57.66990833333333,,,,,"{""catalogue"": ""ATNF""}"
J1431-6328,pulsar,213.33845833333334,-63.469055555555556,,,,,"{""catalogue"": ""ATNF""}"
J1432-5032,pulsar,218.21779166666664,-50.53813888888889,,,,,"{""catalogue"": ""ATNF""}"
J1433-6038,pulsar,218.30491666666666,-60.64297222222222,,,,,"{""catalogue"": ""ATNF""}"
J1434-5943,pulsar,218.74295833333335,-59.72822222222222,,,,,"{""catalogue"": ""ATNF""}"
J1434-6006,pulsar,218.52208333333334,-60.10805555555556,,,,,"{""catalogue"": ""ATNF""}"
J1434-6029,pulsar,218.66291666666666,-60.496944444444445,,,,,"{""catalogue"": ""ATNF""}"
J1434+7257,pulsar,218.49890416666668,72.95736444444445,,,,,"{""catalogue"": ""ATNF""}"
J1435-5954,pulsar,218.7508666666667,-59.91375,,,,,"{""catalogue"": ""ATNF""}"
J1435-6100,pulsar,218.83448541666667,-61.01609888888889,,,,,"{""catalogue"": ""ATNF""}"
J1437-5959,pulsar,219.25795833333333,-59.98372222222223,,,,,"{""catalogue"": ""ATNF""}"
J1437-6146,pulsar,219.31379166666667,-61.76722222222222,,,,,"{""catalogue"": ""ATNF""}"
J1439-5501,pulsar,219.91559166666667,-55.023228055555556,,,,,"{""catalogue"": ""ATNF""}"
J1439+7655,pulsar,219.84166666666667,76.92944444444444,,,,,"{""catalogue"": ""ATNF""}"
J1440-6344,pulsar,220.13025,-63.74677777777778,,,,,"{""catalogue"": ""ATNF""}"
J1441-6137,pulsar,220.43458333333334,-61.623333333333335,,,,,"{""catalogue"": ""ATNF""}"
J1443-5122,pulsar,220.86237500000001,-51.37388888888889,,,,,"{""catalogue"": ""ATNF""}"
J1444-5941,pulsar,221.19375,-59.68861111111111,,,,,"{""catalogue"": ""ATNF""}"
J1444-6026,pulsar,221.02508333333333,-60.43594444444444,,,,,"{""catalogue"": ""ATNF""}"
J1446-4701,pulsar,221.64880022500003,-47.02410613888889,,,,,"{""catalogue"": ""ATNF""}"
J1449-5846,pulsar,222.35595833333332,-58.77788888888889,,,,,"{""catalogue"": ""ATNF""}"
J1452-5851,pulsar,223.2191666666667,-58.85366666666667,,,,,"{""catalogue"": ""ATNF""}"
J1452-6036,pulsar,223.21618750000002,-60.60873055555556,,,,,"{""catalogue"": ""ATNF""}"
J1453+1902,pulsar,223.44049734583334,19.03669838888889,,,,,"{""catalogue"": ""ATNF""}"
J1453-6413,pulsar,223.38610416666666,-64.22111111111111,,,,,"{""catalogue"": ""ATNF""}"
J1454-5846,pulsar,223.54545000000002,-58.776316666666666,,,,,"{""catalogue"": ""ATNF""}"
J1455-3330,pulsar,223.94987773333332,-33.51288525,,,,,"{""catalogue"": ""ATNF""}"
J1456-6843,pulsar,223.99967916666665,-68.72763888888889,,,,,"{""catalogue"": ""ATNF""}"
J1457-5122,pulsar,224.41705416666667,-51.38191666666667,,,,,"{""catalogue"": ""ATNF""}"
J1457-5900,pulsar,224.4125,-59.01416666666667,,,,,"{""catalogue"": ""ATNF""}"
J1457-5902,pulsar,224.38291666666666,-59.03444444444444,,,,,"{""catalogue"": ""ATNF""}"
J1459-6053,pulsar,224.87495833333332,-60.88908333333333,,,,,"{""catalogue"": ""ATNF""}"
J1501-0046,pulsar,225.43731583333334,-0.7732,,,,,"{""catalogue"": ""ATNF""}"
J1501-5637,pulsar,225.4625,-56.63,,,,,"{""catalogue"": ""ATNF""}"
J1502+4653,pulsar,225.582625,46.89094444444444,,,,,"{""catalogue"": ""ATNF""}"
J1502-5653,pulsar,225.73912083333335,-56.894225,,,,,"{""catalogue"": ""ATNF""}"
J1502-5828,pulsar,225.6825,-58.47833333333333,,,,,"{""catalogue"": ""ATNF""}"
J1502-6128,pulsar,225.6243333333333,-61.48063888888889,,,,,"{""catalogue"": ""ATNF""}"
J1502-6752,pulsar,225.5775625,-67.87132194444443,,,,,"{""catalogue"": ""ATNF""}"
J1503+2111,pulsar,225.97750000000002,21.185916666666667,,,,,"{""catalogue"": ""ATNF""}"
J1504-5621,pulsar,226.20475,-56.35888888888889,,,,,"{""catalogue"": ""ATNF""}"
J1504-5659,pulsar,226.13327916666665,-56.98872222222222,,,,,"{""catalogue"": ""ATNF""}"
J1506-5158,pulsar,226.66458333333333,-51.96944444444445,,,,,"{""catalogue"": ""ATNF""}"
J1507-4352,pulsar,226.89239583333335,-43.86779166666667,,,,,"{""catalogue"": ""ATNF""}"
J1507-5800,pulsar,226.7646,-58.01561111111111,,,,,"{""catalogue"": ""ATNF""}"
J1507-6640,pulsar,226.9526416666667,-66.68273888888889,,,,,"{""catalogue"": ""ATNF""}"
J1509+5531,pulsar,227.35679083333332,55.525665,,,,,"{""catalogue"": ""ATNF""}"
J1509-5850,pulsar,227.36315,-58.84889166666667,,,,,"{""catalogue"": ""ATNF""}"
J1509-6015,pulsar,227.28125,-60.25516666666667,,,,,"{""catalogue"": ""ATNF""}"
J1510-4422,pulsar,227.70374999999999,-44.368611111111115,,,,,"{""catalogue"": ""ATNF""}"
J1511-5414,pulsar,227.96368750000002,-54.24453333333334,,,,,"{""catalogue"": ""ATNF""}"
J1511-5835,pulsar,227.77916666666667,-58.59111111111111,,,,,"{""catalogue"": ""ATNF""}"
J1512-5431,pulsar,228.02374999999998,-54.52194444444444,,,,,"{""catalogue"": ""ATNF""}"
J1512-5759,pulsar,228.17933333333332,-57.999944444444445,,,,,"{""catalogue"": ""ATNF""}"
J1513-2550,pulsar,228.347169125,-25.84202361111111,,,,,"{""catalogue"": ""ATNF""}"
J1513-5739,pulsar,228.49579166666666,-57.65038888888889,,,,,"{""catalogue"": ""ATNF""}"
J1513-5908,pulsar,228.48254583333335,-59.136,,,,,"{""catalogue"": ""ATNF""}"
J1513-5946,pulsar,228.43658333333335,-59.775527777777775,,,,,"{""catalogue"": ""ATNF""}"
J1513-6013,pulsar,228.47508333333334,-60.22402777777778,,,,,"{""catalogue"": ""ATNF""}"
J1514-4834,pulsar,228.56067916666666,-48.57221388888889,,,,,"{""catalogue"": ""ATNF""}"
J1514-4946,pulsar,228.57964208333334,-49.77097666666666,,,,,"{""catalogue"": ""ATNF""}"
J1514-5316,pulsar,228.66733333333332,-53.26730555555555,,,,,"{""catalogue"": ""ATNF""}"
J1514-5925,pulsar,228.74624999999997,-59.42875,,,,,"{""catalogue"": ""ATNF""}"
J1515-5720,pulsar,228.78845833333332,-57.34726388888889,,,,,"{""catalogue"": ""ATNF""}"
J1516-43,pulsar,229.13458333333335,-43.333333333333336,,,,,"{""catalogue"": ""ATNF""}"
J1517-32,pulsar,229.25416666666666,-32.43472222222222,,,,,"{""catalogue"": ""ATNF""}"
J1517-4356,pulsar,229.36391666666668,-43.93830555555555,,,,,"{""catalogue"": ""ATNF""}"
J1517-4636,pulsar,229.3724,-46.60016666666667,,,,,"{""catalogue"": ""ATNF""}"
J1518+0204A,pulsar,229.63882333333333,2.0909861111111114,,,,,"{""catalogue"": ""ATNF""}"
J1518+0204B,pulsar,229.631075,2.0876305555555557,,,,,"{""catalogue"": ""ATNF""}"
J1518+0204C,pulsar,229.63662038750002,2.0799486944444445,,,,,"{""catalogue"": ""ATNF""}"
J1518+0204D,pulsar,229.63833333333335,2.0811111111111114,,,,,"{""catalogue"": ""ATNF""}"
J1518+0204E,pulsar,229.64166666666668,2.082777777777778,,,,,"{""catalogue"": ""ATNF""}"
J1518+0204F,pulsar,229.63833333333335,2.0811111111111114,,,,,"{""catalogue"": ""ATNF""}"
J1518-0627,pulsar,229.74629333333334,-6.452138888888889,,,,,"{""catalogue"": ""ATNF""}"
J1518-3952,pulsar,229.73736666666667,-39.875083333333336,,,,,"{""catalogue"": ""ATNF""}"
J1518+4904,pulsar,229.56999618333336,49.07618088611112,,,,,"{""catalogue"": ""ATNF""}"
J1518-5415,pulsar,229.55625,-54.2625,,,,,"{""catalogue"": ""ATNF""}"
J1519-5734,pulsar,229.94829166666668,-57.57044444444445,,,,,"{""catalogue"": ""ATNF""}"
J1519-6106,pulsar,229.89920833333332,-61.11516666666667,,,,,"{""catalogue"": ""ATNF""}"
J1519-6308,pulsar,229.78983333333335,-63.13875,,,,,"{""catalogue"": ""ATNF""}"
J1522-5525,pulsar,230.52791666666667,-55.421527777777776,,,,,"{""catalogue"": ""ATNF""}"
J1522-5735,pulsar,230.52208333333334,-57.583333333333336,,,,,"{""catalogue"": ""ATNF""}"
J1522-5829,pulsar,230.67601666666667,-58.48411527777778,,,,,"{""catalogue"": ""ATNF""}"
J1523-3235,pulsar,230.90708333333333,-32.59502777777778,,,,,"{""catalogue"": ""ATNF""}"
J1524-5625,pulsar,231.20775,-56.42316666666667,,,,,"{""catalogue"": ""ATNF""}"
J1524-5706,pulsar,231.08925000000002,-57.10962222222222,,,,,"{""catalogue"": ""ATNF""}"
J1524-5819,pulsar,231.10270833333334,-58.32058333333334,,,,,"{""catalogue"": ""ATNF""}"
J1525-5417,pulsar,231.368125,-54.288888888888884,,,,,"{""catalogue"": ""ATNF""}"
J1525-5523,pulsar,231.40026666666665,-55.39088888888889,,,,,"{""catalogue"": ""ATNF""}"
J1525-5545,pulsar,231.367225,-55.763845,,,,,"{""catalogue"": ""ATNF""}"
J1525-5605,pulsar,231.42270833333333,-56.08694444444445,,,,,"{""catalogue"": ""ATNF""}"
J1526-2744,pulsar,231.68792916666666,-27.734975000000002,,,,,"{""catalogue"": ""ATNF""}"
J1526-5633,pulsar,231.67166666666668,-56.56194444444444,,,,,"{""catalogue"": ""ATNF""}"
J1527-3931,pulsar,231.99511666666663,-39.52616666666667,,,,,"{""catalogue"": ""ATNF""}"
J1527-5552,pulsar,231.91972499999997,-55.868986666666665,,,,,"{""catalogue"": ""ATNF""}"
J1528-3146,pulsar,232.1456425,-31.768565555555554,,,,,"{""catalogue"": ""ATNF""}"
J1528-4109,pulsar,232.03347083333335,-41.158,,,,,"{""catalogue"": ""ATNF""}"
J1528-5547,pulsar,232.16325,-55.78972222222222,,,,,"{""catalogue"": ""ATNF""}"
J1528-5838,pulsar,232.10125,-58.63361111111111,,,,,"{""catalogue"": ""ATNF""}"
J1529-3828,pulsar,232.31294416666665,-38.47940277777778,,,,,"{""catalogue"": ""ATNF""}"
J1529-5355,pulsar,232.48999999999998,-53.92666666666666,,,,,"{""catalogue"": ""ATNF""}"
J1529-5611,pulsar,232.39916666666664,-56.19138888888889,,,,,"{""catalogue"": ""ATNF""}"
J1530-5327,pulsar,232.61204999999998,-53.465561111111114,,,,,"{""catalogue"": ""ATNF""}"
J1530-6343,pulsar,232.6983666666667,-63.720444444444446,,,,,"{""catalogue"": ""ATNF""}"
J1531-4012,pulsar,232.78354166666668,-40.20858333333334,,,,,"{""catalogue"": ""ATNF""}"
J1531-5610,pulsar,232.86625416666666,-56.18203611111111,,,,,"{""catalogue"": ""ATNF""}"
J1532+2745,pulsar,233.04318583333333,27.763784166666667,,,,,"{""catalogue"": ""ATNF""}"
J1532-5308,pulsar,233.14791666666665,-53.135,,,,,"{""catalogue"": ""ATNF""}"
J1534-4428,pulsar,233.71666666666667,-44.469277777777776,,,,,"{""catalogue"": ""ATNF""}"
J1534-5334,pulsar,233.53449166666667,-53.57212777777778,,,,,"{""catalogue"": ""ATNF""}"
J1534-5405,pulsar,233.63995833333334,-54.09436111111111,,,,,"{""catalogue"": ""ATNF""}"
J1535-4114,pulsar,233.821125,-41.23419444444445,,,,,"{""catalogue"": ""ATNF""}"
J1535-4415,pulsar,233.983,-44.25233333333333,,,,,"{""catalogue"": ""ATNF""}"
J1535-5450,pulsar,233.99275000000003,-54.84055555555556,,,,,"{""catalogue"": ""ATNF""}"
J1535-5848,pulsar,233.81983333333332,-58.807694444444444,,,,,"{""catalogue"": ""ATNF""}"
J1536-3602,pulsar,234.072425,-36.04966666666667,,,,,"{""catalogue"": ""ATNF""}"
J1536-4948,pulsar,234.09675379166666,-49.815191111111105,,,,,"{""catalogue"": ""ATNF""}"
J1536-5433,pulsar,234.02008333333333,-54.55416666666667,,,,,"{""catalogue"": ""ATNF""}"
J1536-5907,pulsar,234.0738333333333,-59.117666666666665,,,,,"{""catalogue"": ""ATNF""}"
J1537+1155,pulsar,234.29150720833334,11.93206496388889,,,,,"{""catalogue"": ""ATNF""}"
J1537-4912,pulsar,234.3675,-49.200833333333335,,,,,"{""catalogue"": ""ATNF""}"
J1537-5153,pulsar,234.31554166666666,-51.885,,,,,"{""catalogue"": ""ATNF""}"
J1537-5312,pulsar,234.40706108333336,-53.20696027777778,,,,,"{""catalogue"": ""ATNF""}"
J1537-5645,pulsar,234.4625,-56.75111111111111,,,,,"{""catalogue"": ""ATNF""}"
J1538+2345,pulsar,234.52529166666665,23.75111111111111,,,,,"{""catalogue"": ""ATNF""}"
J1538-5438,pulsar,234.70395833333333,-54.63805555555555,,,,,"{""catalogue"": ""ATNF""}"
J1538-5519,pulsar,234.67012499999998,-55.32944444444445,,,,,"{""catalogue"": ""ATNF""}"
J1538-5551,pulsar,234.68756666666664,-55.86026388888889,,,,,"{""catalogue"": ""ATNF""}"
J1538-5621,pulsar,234.680375,-56.36541666666667,,,,,"{""catalogue"": ""ATNF""}"
J1538-5638,pulsar,234.52374999999998,-56.63666666666666,,,,,"{""catalogue"": ""ATNF""}"
J1538-5732,pulsar,234.57575,-57.54147222222222,,,,,"{""catalogue"": ""ATNF""}"
J1538-5750,pulsar,234.53504166666667,-57.83808333333334,,,,,"{""catalogue"": ""ATNF""}"
J1539-4828,pulsar,234.9201666666667,-48.4825,,,,,"{""catalogue"": ""ATNF""}"
J1539-5521,pulsar,234.78320833333333,-55.35311111111111,,,,,"{""catalogue"": ""ATNF""}"
J1539-5626,pulsar,234.80858333333333,-56.440638888888884,,,,,"{""catalogue"": ""ATNF""}"
J1539-6322,pulsar,234.85291666666666,-63.38144444444445,,,,,"{""catalogue"": ""ATNF""}"
J1540-5736,pulsar,235.24591666666666,-57.615833333333335,,,,,"{""catalogue"": ""ATNF""}"
J1541-42,pulsar,235.47916666666666,-42.31388888888888,,,,,"{""catalogue"": ""ATNF""}"
J1541+47,pulsar,235.27308333333335,47.050958333333334,,,,,"{""catalogue"": ""ATNF""}"
J1541-5535,pulsar,235.45666666666668,-55.58361111111111,,,,,"{""catalogue"": ""ATNF""}"
J1542-5034,pulsar,235.68883333333332,-50.567683333333335,,,,,"{""catalogue"": ""ATNF""}"
J1542-5133,pulsar,235.58304166666665,-51.55972222222222,,,,,"{""catalogue"": ""ATNF""}"
J1542-5303,pulsar,235.727125,-53.061388888888885,,,,,"{""catalogue"": ""ATNF""}"
J1543-0620,pulsar,235.87557208333334,-6.345925555555556,,,,,"{""catalogue"": ""ATNF""}"
J1543+0929,pulsar,235.91177083333335,9.487871944444443,,,,,"{""catalogue"": ""ATNF""}"
J1543-5013,pulsar,235.99270833333333,-50.23277777777778,,,,,"{""catalogue"": ""ATNF""}"
J1543-5149,pulsar,235.93395750000002,-51.831856944444446,,,,,"{""catalogue"": ""ATNF""}"
J1543-5459,pulsar,235.985125,-54.987500000000004,,,,,"{""catalogue"": ""ATNF""}"
J1544-0713,pulsar,236.09802916666663,-7.233061111111112,,,,,"{""catalogue"": ""ATNF""}"
J1544+4937,pulsar,236.01871291666666,49.63204833333334,,,,,"{""catalogue"": ""ATNF""}"
J1544-5308,pulsar,236.24928916666667,-53.14637583333333,,,,,"{""catalogue"": ""ATNF""}"
J1545-4550,pulsar,236.483106075,-45.84375765833334,,,,,"{""catalogue"": ""ATNF""}"
J1546-3747A,pulsar,236.51433333333333,-37.786138888888885,,,,,"{""catalogue"": ""ATNF""}"
J1546-5302,pulsar,236.53083333333336,-53.03972222222222,,,,,"{""catalogue"": ""ATNF""}"
J1546-5925,pulsar,236.62227333333334,-59.42913083333333,,,,,"{""catalogue"": ""ATNF""}"
J1547-0944,pulsar,236.94190833333332,-9.7355,,,,,"{""catalogue"": ""ATNF""}"
J1547-5709,pulsar,236.85052000000002,-57.15488052777778,,,,,"{""catalogue"": ""ATNF""}"
J1547-5750,pulsar,236.8775,-57.8415,,,,,"{""catalogue"": ""ATNF""}"
J1547-5839,pulsar,236.89579166666667,-58.65272222222222,,,,,"{""catalogue"": ""ATNF""}"
J1548-4821,pulsar,237.0969166666667,-48.36380555555556,,,,,"{""catalogue"": ""ATNF""}"
J1548-4927,pulsar,237.08112500000001,-49.461222222222226,,,,,"{""catalogue"": ""ATNF""}"
J1548-5607,pulsar,237.18339583333335,-56.126194444444444,,,,,"{""catalogue"": ""ATNF""}"
J1549+2113,pulsar,237.4205875,21.224138888888888,,,,,"{""catalogue"": ""ATNF""}"
J1549-4848,pulsar,237.33783333333332,-48.80986111111111,,,,,"{""catalogue"": ""ATNF""}"
J1549-57,pulsar,237.27083333333331,-57.36027777777778,,,,,"{""catalogue"": ""ATNF""}"
J1549-5722,pulsar,237.44958333333335,-57.367222222222225,,,,,"{""catalogue"": ""ATNF""}"
J1550-5242,pulsar,237.51229166666667,-52.70194444444445,,,,,"{""catalogue"": ""ATNF""}"
J1550-5317,pulsar,237.52,-53.28916666666667,,,,,"{""catalogue"": ""ATNF""}"
J1550-5418,pulsar,237.72551608333333,-54.30669836111111,,,,,"{""catalogue"": ""ATNF""}"
J1551-0658,pulsar,237.7800625,-6.968472222222222,,,,,"{""catalogue"": ""ATNF""}"
J1551-4424,pulsar,237.95008333333334,-44.41166666666666,,,,,"{""catalogue"": ""ATNF""}"
J1551-5310,pulsar,237.92083333333332,-53.18347222222222,,,,,"{""catalogue"": ""ATNF""}"
J1551-6214,pulsar,237.90328333333335,-62.239825,,,,,"{""catalogue"": ""ATNF""}"
J1552-4937,pulsar,238.05529541666667,-49.63048444444445,,,,,"{""catalogue"": ""ATNF""}"
J1552+5437,pulsar,238.22221320833333,54.61827405555555,,,,,"{""catalogue"": ""ATNF""}"
J1553-5456,pulsar,238.498375,-54.935069444444444,,,,,"{""catalogue"": ""ATNF""}"
J1554-5209,pulsar,238.613125,-52.16063888888889,,,,,"{""catalogue"": ""ATNF""}"
J1554-5512,pulsar,238.66875000000002,-55.20916666666667,,,,,"{""catalogue"": ""ATNF""}"
J1555-0515,pulsar,238.91707083333333,-5.265944444444444,,,,,"{""catalogue"": ""ATNF""}"
J1555-2341,pulsar,238.88826666666665,-23.686083333333332,,,,,"{""catalogue"": ""ATNF""}"
J1555-2908,pulsar,238.91941062499998,-29.141228666666667,,,,,"{""catalogue"": ""ATNF""}"
J1555-3134,pulsar,238.8248,-31.57225,,,,,"{""catalogue"": ""ATNF""}"
J1556-5358,pulsar,239.21458333333334,-53.981944444444444,,,,,"{""catalogue"": ""ATNF""}"
J1557-4258,pulsar,239.251075,-42.97018333333334,,,,,"{""catalogue"": ""ATNF""}"
J1557-5151,pulsar,239.3720833333333,-51.852333333333334,,,,,"{""catalogue"": ""ATNF""}"
J1558-5419,pulsar,239.67270833333333,-54.323888888888895,,,,,"{""catalogue"": ""ATNF""}"
J1558-5756,pulsar,239.62720833333333,-57.94058333333333,,,,,"{""catalogue"": ""ATNF""}"
J1558-67,pulsar,239.5875,-67.59972222222221,,,,,"{""catalogue"": ""ATNF""}"
J1559-4438,pulsar,239.92302552499999,-44.64608382722222,,,,,"{""catalogue"": ""ATNF""}"
J1559-5545,pulsar,239.83625,-55.76305555555555,,,,,"{""catalogue"": ""ATNF""}"
J1600-3053,pulsar,240.216262925,-30.89705349722222,,,,,"{""catalogue"": ""ATNF""}"
J1600-5044,pulsar,240.22089583333332,-50.73925,,,,,"{""catalogue"": ""ATNF""}"
J1600-5751,pulsar,240.08291666666668,-57.85425,,,,,"{""catalogue"": ""ATNF""}"
J1600-5916,pulsar,240.14583333333334,-59.283055555555556,,,,,"{""catalogue"": ""ATNF""}"
J1601-5244,pulsar,240.36374999999998,-52.73583333333333,,,,,"{""catalogue"": ""ATNF""}"
J1601-5335,pulsar,240.478375,-53.59558333333334,,,,,"{""catalogue"": ""ATNF""}"
J1602+3901,pulsar,240.57850000000002,39.01716666666667,,,,,"{""catalogue"": ""ATNF""}"
J1602-4957,pulsar,240.57583333333332,-49.95888888888889,,,,,"{""catalogue"": ""ATNF""}"
J1602-5100,pulsar,240.5780416666667,-51.001694444444446,,,,,"{""catalogue"": ""ATNF""}"
J1603-1655,pulsar,240.78750000000002,-16.924444444444447,,,,,"{""catalogue"": ""ATNF""}"
J1603-2531,pulsar,240.7701054166667,-25.52997222222222,,,,,"{""catalogue"": ""ATNF""}"
J1603-2712,pulsar,240.78359583333332,-27.22433333333333,,,,,"{""catalogue"": ""ATNF""}"
J1603-3539,pulsar,240.9737375,-35.66586111111111,,,,,"{""catalogue"": ""ATNF""}"
J1603-5312,pulsar,240.96200000000002,-53.21611111111111,,,,,"{""catalogue"": ""ATNF""}"
J1603-5657,pulsar,240.88108333333335,-56.962275000000005,,,,,"{""catalogue"": ""ATNF""}"
J1603-7202,pulsar,240.89864682916667,-72.04243280833333,,,,,"{""catalogue"": ""ATNF""}"
J1604-3142,pulsar,241.15227499999997,-31.701777777777778,,,,,"{""catalogue"": ""ATNF""}"
J1604-4718,pulsar,241.12254166666668,-47.31330555555555,,,,,"{""catalogue"": ""ATNF""}"
J1604-4909,pulsar,241.09573333333333,-49.16610555555555,,,,,"{""catalogue"": ""ATNF""}"
J1604-7203,pulsar,241.12157083333332,-72.05846111111111,,,,,"{""catalogue"": ""ATNF""}"
J1605+3249,pulsar,241.32716666666664,32.82166666666667,,,,,"{""catalogue"": ""ATNF""}"
J1605-5215,pulsar,241.32916666666665,-52.263333333333335,,,,,"{""catalogue"": ""ATNF""}"
J1605-5257,pulsar,241.3177708333333,-52.95966666666667,,,,,"{""catalogue"": ""ATNF""}"
J1607-0032,pulsar,241.80024916666667,-0.5448686111111111,,,,,"{""catalogue"": ""ATNF""}"
J1607-5140,pulsar,241.95541666666665,-51.67111111111111,,,,,"{""catalogue"": ""ATNF""}"
J1607-6449,pulsar,241.9529625,-64.82863333333333,,,,,"{""catalogue"": ""ATNF""}"
J1609-1930,pulsar,242.27229166666663,-19.502222222222223,,,,,"{""catalogue"": ""ATNF""}"
J1609-4616,pulsar,242.42137499999995,-46.27291666666667,,,,,"{""catalogue"": ""ATNF""}"
J1609-5158,pulsar,242.36124999999998,-51.97166666666667,,,,,"{""catalogue"": ""ATNF""}"
J1610-1322,pulsar,242.67820833333337,-13.372777777777777,,,,,"{""catalogue"": ""ATNF""}"
J1610-5006,pulsar,242.68458333333336,-50.11172222222223,,,,,"{""catalogue"": ""ATNF""}"
J1610-5303,pulsar,242.5534166666667,-53.06361111111111,,,,,"{""catalogue"": ""ATNF""}"
J1611-4811,pulsar,242.76125000000002,-48.19416666666666,,,,,"{""catalogue"": ""ATNF""}"
J1611-4949,pulsar,242.94429166666666,-49.83255555555556,,,,,"{""catalogue"": ""ATNF""}"
J1611-5209,pulsar,242.76404166666669,-52.15614722222222,,,,,"{""catalogue"": ""ATNF""}"
J1611-5847,pulsar,242.96380416666668,-58.795091666666664,,,,,"{""catalogue"": ""ATNF""}"
J1612+2008,pulsar,243.0976333333333,20.138424999999998,,,,,"{""catalogue"": ""ATNF""}"
J1612-2408,pulsar,243.1085833333333,-24.134444444444444,,,,,"{""catalogue"": ""ATNF""}"
J1612-5022,pulsar,243.11678333333336,-50.382583333333336,,,,,"{""catalogue"": ""ATNF""}"
J1612-5136,pulsar,243.00249999999997,-51.615,,,,,"{""catalogue"": ""ATNF""}"
J1612-5805,pulsar,243.11589999999998,-58.09144444444445,,,,,"{""catalogue"": ""ATNF""}"
J1613-4714,pulsar,243.37090833333332,-47.24066944444444,,,,,"{""catalogue"": ""ATNF""}"
J1613-5211,pulsar,243.42691666666664,-52.189166666666665,,,,,"{""catalogue"": ""ATNF""}"
J1613-5234,pulsar,243.48954166666664,-52.57138888888889,,,,,"{""catalogue"": ""ATNF""}"
J1614+0737,pulsar,243.67044166666665,7.625277777777778,,,,,"{""catalogue"": ""ATNF""}"
J1614-2230,pulsar,243.65211475,-22.50869336111111,,,,,"{""catalogue"": ""ATNF""}"
J1614-2318,pulsar,243.51019583333337,-23.306805555555556,,,,,"{""catalogue"": ""ATNF""}"
J1614-3846,pulsar,243.6771666666667,-38.77638888888889,,,,,"{""catalogue"": ""ATNF""}"
J1614-3937,pulsar,243.6301125,-39.62466666666667,,,,,"{""catalogue"": ""ATNF""}"
J1614-5048,pulsar,243.54704166666667,-50.80097222222222,,,,,"{""catalogue"": ""ATNF""}"
J1614-5144,pulsar,243.6904166666667,-51.746944444444445,,,,,"{""catalogue"": ""ATNF""}"
J1614-5402,pulsar,243.70991666666671,-54.046388888888885,,,,,"{""catalogue"": ""ATNF""}"
J1615-2940,pulsar,243.970125,-29.671111111111113,,,,,"{""catalogue"": ""ATNF""}"
J1615-4958,pulsar,243.82241666666664,-49.967222222222226,,,,,"{""catalogue"": ""ATNF""}"
J1615-5137,pulsar,243.82,-51.62,,,,,"{""catalogue"": ""ATNF""}"
J1615-5444,pulsar,243.7549625,-54.742333333333335,,,,,"{""catalogue"": ""ATNF""}"
J1615-5537,pulsar,243.91845833333335,-55.61680555555556,,,,,"{""catalogue"": ""ATNF""}"
J1616-5017,pulsar,244.12454166666666,-50.28747222222222,,,,,"{""catalogue"": ""ATNF""}"
J1616-5109,pulsar,244.12875,-51.15472222222222,,,,,"{""catalogue"": ""ATNF""}"
J1616-5208,pulsar,244.09749999999997,-52.14666666666667,,,,,"{""catalogue"": ""ATNF""}"
J1617-4216,pulsar,244.3474166666667,-42.283055555555556,,,,,"{""catalogue"": ""ATNF""}"
J1617-4608,pulsar,244.39627083333338,-46.14347222222222,,,,,"{""catalogue"": ""ATNF""}"
J1617-5055,pulsar,244.37208333333336,-50.92033333333333,,,,,"{""catalogue"": ""ATNF""}"
J1618-36,pulsar,244.63375000000002,-36.06166666666666,,,,,"{""catalogue"": ""ATNF""}"
J1618-3921,pulsar,244.57843666666665,-39.35050416666667,,,,,"{""catalogue"": ""ATNF""}"
J1618-4624,pulsar,244.71989912500004,-46.409708333333334,,,,,"{""catalogue"": ""ATNF""}"
J1618-4723,pulsar,244.52833333333334,-47.38863888888889,,,,,"{""catalogue"": ""ATNF""}"
J1619-3345,pulsar,244.7583333333333,-33.750277777777775,,,,,"{""catalogue"": ""ATNF""}"
J1620-4927,pulsar,245.17299999999997,-49.46030555555556,,,,,"{""catalogue"": ""ATNF""}"
J1620-5414,pulsar,245.06016666666665,-54.24769444444445,,,,,"{""catalogue"": ""ATNF""}"
J1621-5039,pulsar,245.26962500000002,-50.6635,,,,,"{""catalogue"": ""ATNF""}"
J1621-5243,pulsar,245.48250000000002,-52.72888888888889,,,,,"{""catalogue"": ""ATNF""}"
J1622-0315,pulsar,245.74845208333335,-3.260368888888889,,,,,"{""catalogue"": ""ATNF""}"
J1622-3751,pulsar,245.51908333333336,-37.853861111111115,,,,,"{""catalogue"": ""ATNF""}"
J1622-4332,pulsar,245.68945000000002,-43.54116666666666,,,,,"{""catalogue"": ""ATNF""}"
J1622-4347,pulsar,245.62525,-43.78927777777778,,,,,"{""catalogue"": ""ATNF""}"
J1622-4802,pulsar,245.69662500000004,-48.03697222222222,,,,,"{""catalogue"": ""ATNF""}"
J1622-4845,pulsar,245.52270833333336,-48.77472222222222,,,,,"{""catalogue"": ""ATNF""}"
J1622-4944,pulsar,245.65625000000003,-49.74166666666667,,,,,"{""catalogue"": ""ATNF""}"
J1622-4950,pulsar,245.68666666666667,-49.848444444444446,,,,,"{""catalogue"": ""ATNF""}"
J1622-6617,pulsar,245.51528375,-66.28804944444444,,,,,"{""catalogue"": ""ATNF""}"
J1623-0841,pulsar,245.9278445833333,-8.6935,,,,,"{""catalogue"": ""ATNF""}"
J1623-0908,pulsar,245.82358291666662,-9.146870277777778,,,,,"{""catalogue"": ""ATNF""}"
J1623-2631,pulsar,245.9092575,-26.531602499999998,,,,,"{""catalogue"": ""ATNF""}"
J1623-4256,pulsar,245.9512125,-42.94794444444444,,,,,"{""catalogue"": ""ATNF""}"
J1623-4949,pulsar,245.9783333333333,-49.81777777777778,,,,,"{""catalogue"": ""ATNF""}"
J1623-5005,pulsar,245.76712499999996,-50.08752777777778,,,,,"{""catalogue"": ""ATNF""}"
J1623-6936,pulsar,245.96420833333332,-69.61341666666667,,,,,"{""catalogue"": ""ATNF""}"
J1624-39,pulsar,246.10416666666663,-39.85,,,,,"{""catalogue"": ""ATNF""}"
J1624-4041,pulsar,246.0413625,-40.69158333333333,,,,,"{""catalogue"": ""ATNF""}"
J1624-4411,pulsar,246.08900416666665,-44.192722222222216,,,,,"{""catalogue"": ""ATNF""}"
J1624-4613,pulsar,246.07791666666665,-46.217222222222226,,,,,"{""catalogue"": ""ATNF""}"
J1624-4721,pulsar,246.22870833333332,-47.3575,,,,,"{""catalogue"": ""ATNF""}"
J1624+5850,pulsar,246.00401666666667,58.83771388888889,,,,,"{""catalogue"": ""ATNF""}"
J1624+8643,pulsar,246.1363333333333,86.72033611111111,,,,,"{""catalogue"": ""ATNF""}"
J1625-0021,pulsar,246.29315791666667,-0.35804444444444444,,,,,"{""catalogue"": ""ATNF""}"
J1625-4048,pulsar,246.2930416666667,-40.805972222222216,,,,,"{""catalogue"": ""ATNF""}"
J1625-4904,pulsar,246.32520833333336,-49.076,,,,,"{""catalogue"": ""ATNF""}"
J1625-4913,pulsar,246.318375,-49.229055555555554,,,,,"{""catalogue"": ""ATNF""}"
J1626-4537,pulsar,246.70408333333336,-45.623777777777775,,,,,"{""catalogue"": ""ATNF""}"
J1626-4807,pulsar,246.67708333333331,-48.13166666666667,,,,,"{""catalogue"": ""ATNF""}"
J1626-6621,pulsar,246.52854583333334,-66.35424166666667,,,,,"{""catalogue"": ""ATNF""}"
J1627+1419,pulsar,246.8281625,14.322416666666667,,,,,"{""catalogue"": ""ATNF""}"
J1627+3219,pulsar,246.985,32.3275,,,,,"{""catalogue"": ""ATNF""}"
J1627-4706,pulsar,246.86979166666669,-47.11394444444445,,,,,"{""catalogue"": ""ATNF""}"
J1627-4845,pulsar,246.79308333333333,-48.75222222222222,,,,,"{""catalogue"": ""ATNF""}"
J1627-5547,pulsar,246.83783333333332,-55.797888888888885,,,,,"{""catalogue"": ""ATNF""}"
J1627-5936,pulsar,246.96912499999996,-59.61536111111111,,,,,"{""catalogue"": ""ATNF""}"
J1628-3205,pulsar,247.02916666666664,-32.09691666666667,,,,,"{""catalogue"": ""ATNF""}"
J1628+4406,pulsar,247.2096328333333,44.111836583333336,,,,,"{""catalogue"": ""ATNF""}"
J1628-4804,pulsar,247.11179166666665,-48.08305555555556,,,,,"{""catalogue"": ""ATNF""}"
J1628-4828,pulsar,247.12875,-48.47833333333333,,,,,"{""catalogue"": ""ATNF""}"
J1629-3636,pulsar,247.39920833333338,-36.603611111111114,,,,,"{""catalogue"": ""ATNF""}"
J1629-3825,pulsar,247.31090833333332,-38.42480555555555,,,,,"{""catalogue"": ""ATNF""}"
J1629-6902,pulsar,247.2865441666667,-69.045915,,,,,"{""catalogue"": ""ATNF""}"
J1630-2609,pulsar,247.62079166666666,-26.163055555555555,,,,,"{""catalogue"": ""ATNF""}"
J1630+3550,pulsar,247.64977775000003,35.84512027777778,,,,,"{""catalogue"": ""ATNF""}"
J1630+3734,pulsar,247.65194554166666,37.57836027777778,,,,,"{""catalogue"": ""ATNF""}"
J1630-4719,pulsar,247.51029166666666,-47.32833333333333,,,,,"{""catalogue"": ""ATNF""}"
J1630-4733,pulsar,247.656125,-47.55138888888889,,,,,"{""catalogue"": ""ATNF""}"
J1631-1612,pulsar,247.968625,-16.214444444444442,,,,,"{""catalogue"": ""ATNF""}"
J1631-4155,pulsar,247.82637499999996,-41.91769444444444,,,,,"{""catalogue"": ""ATNF""}"
J1632-1013,pulsar,248.22583333333336,-10.221666666666668,,,,,"{""catalogue"": ""ATNF""}"
J1632-4509,pulsar,248.05833333333334,-45.152499999999996,,,,,"{""catalogue"": ""ATNF""}"
J1632-4621,pulsar,248.2075541666667,-46.3635,,,,,"{""catalogue"": ""ATNF""}"
J1632-4757,pulsar,248.06941666666668,-47.959583333333335,,,,,"{""catalogue"": ""ATNF""}"
J1632-4818,pulsar,248.1654166666667,-48.31494444444444,,,,,"{""catalogue"": ""ATNF""}"
J1633-2009,pulsar,248.48041666666668,-20.16916666666667,,,,,"{""catalogue"": ""ATNF""}"
J1633-4453,pulsar,248.44603333333333,-44.8855,,,,,"{""catalogue"": ""ATNF""}"
J1633-4805,pulsar,248.2725,-48.093333333333334,,,,,"{""catalogue"": ""ATNF""}"
J1633-5015,pulsar,248.25035875,-50.25232166666667,,,,,"{""catalogue"": ""ATNF""}"
J1634+02,pulsar,248.70833333333334,2.5675,,,,,"{""catalogue"": ""ATNF""}"
J1634-4229,pulsar,248.56110416666664,-42.49563888888889,,,,,"{""catalogue"": ""ATNF""}"
J1634-5107,pulsar,248.52079166666664,-51.129333333333335,,,,,"{""catalogue"": ""ATNF""}"
J1634-5640,pulsar,248.579875,-56.68019444444444,,,,,"{""catalogue"": ""ATNF""}"
J1635-1511,pulsar,248.94733333333332,-15.197777777777778,,,,,"{""catalogue"": ""ATNF""}"
J1635+2332,pulsar,248.77233333333334,23.53977777777778,,,,,"{""catalogue"": ""ATNF""}"
J1635+2418,pulsar,248.85742083333332,24.31313888888889,,,,,"{""catalogue"": ""ATNF""}"
J1635-4513,pulsar,248.98083333333332,-45.22416666666667,,,,,"{""catalogue"": ""ATNF""}"
J1635-4735,pulsar,248.96601666666666,-47.58980833333334,,,,,"{""catalogue"": ""ATNF""}"
J1635-4944,pulsar,248.98083333333332,-49.74333333333333,,,,,"{""catalogue"": ""ATNF""}"
J1635-5954,pulsar,248.7878333333333,-59.91138888888889,,,,,"{""catalogue"": ""ATNF""}"
J1636-2614,pulsar,249.0479416666667,-26.24638888888889,,,,,"{""catalogue"": ""ATNF""}"
J1636-4440,pulsar,249.06887500000002,-44.67361111111111,,,,,"{""catalogue"": ""ATNF""}"
J1636-4803,pulsar,249.13333333333338,-48.06527777777777,,,,,"{""catalogue"": ""ATNF""}"
J1636-4933,pulsar,249.22979166666667,-49.55277777777778,,,,,"{""catalogue"": ""ATNF""}"
J1637-4335,pulsar,249.48666666666668,-43.595,,,,,"{""catalogue"": ""ATNF""}"
J1637-4450,pulsar,249.47145833333335,-44.84063888888889,,,,,"{""catalogue"": ""ATNF""}"
J1637-4553,pulsar,249.49455,-45.89078333333333,,,,,"{""catalogue"": ""ATNF""}"
J1637-4642,pulsar,249.30729166666669,-46.703944444444446,,,,,"{""catalogue"": ""ATNF""}"
J1637-4721,pulsar,249.29749999999999,-47.350833333333334,,,,,"{""catalogue"": ""ATNF""}"
J1637-4816,pulsar,249.49450000000002,-48.269999999999996,,,,,"{""catalogue"": ""ATNF""}"
J1638-3815,pulsar,249.65562083333336,-38.25094444444444,,,,,"{""catalogue"": ""ATNF""}"
J1638-3951,pulsar,249.5648333333333,-39.86638888888889,,,,,"{""catalogue"": ""ATNF""}"
J1638+4005,pulsar,249.56767916666666,40.09899166666667,,,,,"{""catalogue"": ""ATNF""}"
J1638-4233,pulsar,249.60295833333336,-42.56527777777777,,,,,"{""catalogue"": ""ATNF""}"
J1638-4344,pulsar,249.72033333333331,-43.73444444444444,,,,,"{""catalogue"": ""ATNF""}"
J1638-4417,pulsar,249.69260833333334,-44.28422222222222,,,,,"{""catalogue"": ""ATNF""}"
J1638-4608,pulsar,249.59691666666666,-46.137055555555555,,,,,"{""catalogue"": ""ATNF""}"
J1638-4725,pulsar,249.55391666666668,-47.425555555555555,,,,,"{""catalogue"": ""ATNF""}"
J1638-5226,pulsar,249.74983333333333,-52.44927777777777,,,,,"{""catalogue"": ""ATNF""}"
J1639-4359,pulsar,249.77854166666668,-43.99777777777778,,,,,"{""catalogue"": ""ATNF""}"
J1639-4604,pulsar,249.83833749999997,-46.07586111111112,,,,,"{""catalogue"": ""ATNF""}"
J1640+2224,pulsar,250.06977112083334,22.402451127777777,,,,,"{""catalogue"": ""ATNF""}"
J1640-4631,pulsar,250.18133333333336,-46.5265,,,,,"{""catalogue"": ""ATNF""}"
J1640-4648,pulsar,250.1984166666667,-46.8125,,,,,"{""catalogue"": ""ATNF""}"
J1640-4715,pulsar,250.05454166666667,-47.26058333333334,,,,,"{""catalogue"": ""ATNF""}"
J1640-4951,pulsar,250.18150000000003,-49.85058333333333,,,,,"{""catalogue"": ""ATNF""}"
J1641-2347,pulsar,250.3251666666667,-23.793333333333337,,,,,"{""catalogue"": ""ATNF""}"
J1641+3627A,pulsar,250.42029245833334,36.45416077777778,,,,,"{""catalogue"": ""ATNF""}"
J1641+3627B,pulsar,250.41829766666666,36.43291333333333,,,,,"{""catalogue"": ""ATNF""}"
J1641+3627C,pulsar,250.42086450000002,36.45076216666667,,,,,"{""catalogue"": ""ATNF""}"
J1641+3627D,pulsar,250.4266468,36.45783391666667,,,,,"{""catalogue"": ""ATNF""}"
J1641+3627E,pulsar,250.42509208333334,36.45971322222223,,,,,"{""catalogue"": ""ATNF""}"
J1641+3627F,pulsar,250.4358575,36.47111205555556,,,,,"{""catalogue"": ""ATNF""}"
J1641-5317,pulsar,250.31629166666667,-53.29688888888889,,,,,"{""catalogue"": ""ATNF""}"
J1641+8049,pulsar,250.33682541666667,80.83136505555555,,,,,"{""catalogue"": ""ATNF""}"
J1643-1224,pulsar,250.90900915833333,-12.416297861111111,,,,,"{""catalogue"": ""ATNF""}"
J1643+1338,pulsar,250.9755833333333,13.645527777777778,,,,,"{""catalogue"": ""ATNF""}"
J1643-4505,pulsar,250.90379166666668,-45.09605555555556,,,,,"{""catalogue"": ""ATNF""}"
J1643-4522,pulsar,250.83499999999998,-45.36694444444444,,,,,"{""catalogue"": ""ATNF""}"
J1643-4550,pulsar,250.80633333333333,-45.84847222222223,,,,,"{""catalogue"": ""ATNF""}"
J1644-4559,pulsar,251.20530416666668,-45.98603055555556,,,,,"{""catalogue"": ""ATNF""}"
J1644-4657,pulsar,251.16041666666666,-46.96055555555556,,,,,"{""catalogue"": ""ATNF""}"
J1645-0317,pulsar,251.25850250000002,-3.2993941666666666,,,,,"{""catalogue"": ""ATNF""}"
J1645+1012,pulsar,251.39339583333333,10.204455555555555,,,,,"{""catalogue"": ""ATNF""}"
J1646-1910,pulsar,251.57775,-19.170555555555556,,,,,"{""catalogue"": ""ATNF""}"
J1646-2142,pulsar,251.5776433333333,-21.700691666666668,,,,,"{""catalogue"": ""ATNF""}"
J1646-4308,pulsar,251.73041666666666,-43.13527777777778,,,,,"{""catalogue"": ""ATNF""}"
J1646-4346,pulsar,251.71375,-43.77722222222222,,,,,"{""catalogue"": ""ATNF""}"
J1646-5123,pulsar,251.6514583333333,-51.387388888888886,,,,,"{""catalogue"": ""ATNF""}"
J1646-6831,pulsar,251.72879166666667,-68.53102777777778,,,,,"{""catalogue"": ""ATNF""}"
J1647-3607,pulsar,251.9437916666667,-36.117777777777775,,,,,"{""catalogue"": ""ATNF""}"
J1647-4552,pulsar,251.79250000000005,-45.87133333333333,,,,,"{""catalogue"": ""ATNF""}"
J1647+6608,pulsar,251.8855041666667,66.13951111111112,,,,,"{""catalogue"": ""ATNF""}"
J1648-3256,pulsar,252.0252916666667,-32.94466666666666,,,,,"{""catalogue"": ""ATNF""}"
J1648-4458,pulsar,252.0541666666667,-44.973888888888894,,,,,"{""catalogue"": ""ATNF""}"
J1648-4611,pulsar,252.09184583333334,-46.18770833333333,,,,,"{""catalogue"": ""ATNF""}"
J1648-6044,pulsar,252.21345833333336,-60.74041666666667,,,,,"{""catalogue"": ""ATNF""}"
J1649+2533,pulsar,252.4342916666667,25.551944444444445,,,,,"{""catalogue"": ""ATNF""}"
J1649-3805,pulsar,252.45092499999998,-38.09975,,,,,"{""catalogue"": ""ATNF""}"
J1649-3935,pulsar,252.27783333333332,-39.59561111111111,,,,,"{""catalogue"": ""ATNF""}"
J1649-4349,pulsar,252.33508333333336,-43.822833333333335,,,,,"{""catalogue"": ""ATNF""}"
J1649-4653,pulsar,252.35254166666664,-46.88591666666667,,,,,"{""catalogue"": ""ATNF""}"
J1649-4729,pulsar,252.32612500000002,-47.49805555555556,,,,,"{""catalogue"": ""ATNF""}"
J1649-5553,pulsar,252.37958333333333,-55.894444444444446,,,,,"{""catalogue"": ""ATNF""}"
J1650-1654,pulsar,252.61320583333332,-16.911745,,,,,"{""catalogue"": ""ATNF""}"
J1650-4126,pulsar,252.55489166666666,-41.442722222222216,,,,,"{""catalogue"": ""ATNF""}"
J1650-4341,pulsar,252.68616666666662,-43.69188888888888,,,,,"{""catalogue"": ""ATNF""}"
J1650-4502,pulsar,252.63458333333332,-45.04369444444444,,,,,"{""catalogue"": ""ATNF""}"
J1650-4601,pulsar,252.5775833333333,-46.02183333333333,,,,,"{""catalogue"": ""ATNF""}"
J1650-4921,pulsar,252.6462875,-49.35104444444445,,,,,"{""catalogue"": ""ATNF""}"
J1651-1709,pulsar,252.8822916666667,-17.15611111111111,,,,,"{""catalogue"": ""ATNF""}"
J1651-4246,pulsar,252.95332083333332,-42.76943611111111,,,,,"{""catalogue"": ""ATNF""}"
J1651-4519,pulsar,252.98833333333334,-45.319722222222225,,,,,"{""catalogue"": ""ATNF""}"
J1651-5222,pulsar,252.92900833333337,-52.38288333333333,,,,,"{""catalogue"": ""ATNF""}"
J1651-5255,pulsar,252.9225416666667,-52.929916666666664,,,,,"{""catalogue"": ""ATNF""}"
J1651-7642,pulsar,252.7827916666667,-76.71097222222222,,,,,"{""catalogue"": ""ATNF""}"
J1652-1400,pulsar,253.0694875,-14.00761111111111,,,,,"{""catalogue"": ""ATNF""}"
J1652-2404,pulsar,253.24383333333336,-24.06416666666667,,,,,"{""catalogue"": ""ATNF""}"
J1652+2651,pulsar,253.01279166666666,26.861222222222224,,,,,"{""catalogue"": ""ATNF""}"
J1652-4406,pulsar,253.24791666666667,-44.10138888888889,,,,,"{""catalogue"": ""ATNF""}"
J1653-0158,pulsar,253.40855754166665,-1.9769147222222223,,,,,"{""catalogue"": ""ATNF""}"
J1653-2054,pulsar,253.37929166666666,-20.915305555555555,,,,,"{""catalogue"": ""ATNF""}"
J1653-3838,pulsar,253.41582499999998,-38.63911111111111,,,,,"{""catalogue"": ""ATNF""}"
J1653-4030,pulsar,253.39262499999998,-40.50038888888889,,,,,"{""catalogue"": ""ATNF""}"
J1653-4105,pulsar,253.355725,-41.090444444444444,,,,,"{""catalogue"": ""ATNF""}"
J1653-4249,pulsar,253.4175833333333,-42.81758333333334,,,,,"{""catalogue"": ""ATNF""}"
J1653-4315,pulsar,253.37375,-43.250277777777775,,,,,"{""catalogue"": ""ATNF""}"
J1653-4854,pulsar,253.48625,-48.91416666666667,,,,,"{""catalogue"": ""ATNF""}"
J1654-26,pulsar,253.6625,-26.605,,,,,"{""catalogue"": ""ATNF""}"
J1654-2713,pulsar,253.59841666666665,-27.21722222222222,,,,,"{""catalogue"": ""ATNF""}"
J1654-3710,pulsar,253.68510833333335,-37.18252777777778,,,,,"{""catalogue"": ""ATNF""}"
J1654-4140,pulsar,253.59791666666663,-41.67333333333333,,,,,"{""catalogue"": ""ATNF""}"
J1654-4245,pulsar,253.59199999999998,-42.76083333333333,,,,,"{""catalogue"": ""ATNF""}"
J1655-3048,pulsar,253.85220833333335,-30.811666666666667,,,,,"{""catalogue"": ""ATNF""}"
J1655-3844,pulsar,253.91108333333332,-38.73583333333333,,,,,"{""catalogue"": ""ATNF""}"
J1656-3621,pulsar,254.13731249999998,-36.36658333333334,,,,,"{""catalogue"": ""ATNF""}"
J1656+6203,pulsar,254.04287499999998,62.06400277777777,,,,,"{""catalogue"": ""ATNF""}"
J1657-0406A,pulsar,254.28791666666666,-4.1002777777777775,,,,,"{""catalogue"": ""ATNF""}"
J1657-0406B,pulsar,254.28791666666666,-4.1002777777777775,,,,,"{""catalogue"": ""ATNF""}"
J1657+3304,pulsar,254.461175,33.076013888888895,,,,,"{""catalogue"": ""ATNF""}"
J1657-4432,pulsar,254.40304166666667,-44.538888888888884,,,,,"{""catalogue"": ""ATNF""}"
J1658-2823,pulsar,254.51249999999996,-28.384444444444444,,,,,"{""catalogue"": ""ATNF""}"
J1658+3630,pulsar,254.6104991666666,36.508359722222224,,,,,"{""catalogue"": ""ATNF""}"
J1658-4306,pulsar,254.56916666666663,-43.11388888888889,,,,,"{""catalogue"": ""ATNF""}"
J1658-4958,pulsar,254.7288333333333,-49.982888888888894,,,,,"{""catalogue"": ""ATNF""}"
J1658-5324,pulsar,254.66393162499998,-53.40194527777778,,,,,"{""catalogue"": ""ATNF""}"
J1659-1305,pulsar,254.9711666666667,-13.085833333333333,,,,,"{""catalogue"": ""ATNF""}"
J1659-4316,pulsar,254.9849166666667,-43.26833333333333,,,,,"{""catalogue"": ""ATNF""}"
J1659-4439,pulsar,254.91433333333333,-44.650277777777774,,,,,"{""catalogue"": ""ATNF""}"
J1700-0954,pulsar,255.01344999999998,-9.912,,,,,"{""catalogue"": ""ATNF""}"
J1700-3312,pulsar,255.22075416666667,-33.21291666666667,,,,,"{""catalogue"": ""ATNF""}"
J1700-3611,pulsar,255.2055,-36.198055555555555,,,,,"{""catalogue"": ""ATNF""}"
J1700-3919,pulsar,255.0927916666667,-39.31667222222222,,,,,"{""catalogue"": ""ATNF""}"
J1700-4012,pulsar,255.160625,-40.21072222222222,,,,,"{""catalogue"": ""ATNF""}"
J1700-4422,pulsar,255.22362500000003,-44.37416666666667,,,,,"{""catalogue"": ""ATNF""}"
J1700-4939,pulsar,255.09399999999997,-49.65416666666667,,,,,"{""catalogue"": ""ATNF""}"
J1701-3006A,pulsar,255.3021225833333,-30.10838138888889,,,,,"{""catalogue"": ""ATNF""}"
J1701-3006B,pulsar,255.3027820833333,-30.113623333333337,,,,,"{""catalogue"": ""ATNF""}"
J1701-3006C,pulsar,255.303608,-30.11650416666667,,,,,"{""catalogue"": ""ATNF""}"
J1701-3006D,pulsar,255.30651291666666,-30.111821944444447,,,,,"{""catalogue"": ""ATNF""}"
J1701-3006E,pulsar,255.30530583333334,-30.113025,,,,,"{""catalogue"": ""ATNF""}"
J1701-3006F,pulsar,255.30342583333334,-30.114394444444446,,,,,"{""catalogue"": ""ATNF""}"
J1701-3006G,pulsar,255.3083333333333,-30.111666666666668,,,,,"{""catalogue"": ""ATNF""}"
J1701-3130,pulsar,255.43130416666665,-31.510194444444444,,,,,"{""catalogue"": ""ATNF""}"
J1701-3726,pulsar,255.32687499999997,-37.440888888888885,,,,,"{""catalogue"": ""ATNF""}"
J1701-4533,pulsar,255.37147499999998,-45.56352777777777,,,,,"{""catalogue"": ""ATNF""}"
J1701-4958,pulsar,255.3034583333333,-49.975833333333334,,,,,"{""catalogue"": ""ATNF""}"
J1702-3932,pulsar,255.55983333333333,-39.544444444444444,,,,,"{""catalogue"": ""ATNF""}"
J1702-4128,pulsar,255.71883333333335,-41.48005555555556,,,,,"{""catalogue"": ""ATNF""}"
J1702-4217,pulsar,255.65183333333334,-42.28366666666666,,,,,"{""catalogue"": ""ATNF""}"
J1702-4306,pulsar,255.61400000000003,-43.11252777777778,,,,,"{""catalogue"": ""ATNF""}"
J1702-4310,pulsar,255.61225000000002,-43.17777777777778,,,,,"{""catalogue"": ""ATNF""}"
J1702-4428,pulsar,255.7191666666667,-44.4675,,,,,"{""catalogue"": ""ATNF""}"
J1703-18,pulsar,255.85833333333335,-18.815,,,,,"{""catalogue"": ""ATNF""}"
J1703-1846,pulsar,255.96288125000004,-18.770790277777778,,,,,"{""catalogue"": ""ATNF""}"
J1703-3241,pulsar,255.8439166666667,-32.696666666666665,,,,,"{""catalogue"": ""ATNF""}"
J1703-4442,pulsar,255.8357916666667,-44.711666666666666,,,,,"{""catalogue"": ""ATNF""}"
J1703-4851,pulsar,255.97725416666668,-48.866955555555556,,,,,"{""catalogue"": ""ATNF""}"
J1704-3756,pulsar,256.23944166666666,-37.945249999999994,,,,,"{""catalogue"": ""ATNF""}"
J1704-5236,pulsar,256.1690375,-52.615944444444445,,,,,"{""catalogue"": ""ATNF""}"
J1704-6016,pulsar,256.06166666666667,-60.281666666666666,,,,,"{""catalogue"": ""ATNF""}"
J1705-1903,pulsar,256.3625,-19.134444444444444,,,,,"{""catalogue"": ""ATNF""}"
J1705-1906,pulsar,256.40041249999996,-19.110722222222222,,,,,"{""catalogue"": ""ATNF""}"
J1705-3423,pulsar,256.4265083333333,-34.39530555555555,,,,,"{""catalogue"": ""ATNF""}"
J1705-3936,pulsar,256.4045833333333,-39.60805555555556,,,,,"{""catalogue"": ""ATNF""}"
J1705-3950,pulsar,256.3743333333333,-39.849722222222226,,,,,"{""catalogue"": ""ATNF""}"
J1705-4108,pulsar,256.335,-41.14555555555555,,,,,"{""catalogue"": ""ATNF""}"
J1705-4331,pulsar,256.39964166666664,-43.52044444444444,,,,,"{""catalogue"": ""ATNF""}"
J1705-6135,pulsar,256.31374999999997,-61.587500000000006,,,,,"{""catalogue"": ""ATNF""}"
J1706-3839,pulsar,256.58875000000006,-38.66416666666667,,,,,"{""catalogue"": ""ATNF""}"
J1706-4310,pulsar,256.5187916666667,-43.1725,,,,,"{""catalogue"": ""ATNF""}"
J1706-4434,pulsar,256.59659583333337,-44.575,,,,,"{""catalogue"": ""ATNF""}"
J1706-6118,pulsar,256.54080833333336,-61.30325,,,,,"{""catalogue"": ""ATNF""}"
J1707-4053,pulsar,256.84074999999996,-40.89863888888889,,,,,"{""catalogue"": ""ATNF""}"
J1707-4341,pulsar,256.917125,-43.68666666666666,,,,,"{""catalogue"": ""ATNF""}"
J1707-4417,pulsar,256.9225416666667,-44.28861111111111,,,,,"{""catalogue"": ""ATNF""}"
J1707-4729,pulsar,256.81477916666665,-47.492916666666666,,,,,"{""catalogue"": ""ATNF""}"
J1708+02,pulsar,257.1625,1.8016666666666667,,,,,"{""catalogue"": ""ATNF""}"
J1708-3426,pulsar,257.24079166666667,-34.44555555555555,,,,,"{""catalogue"": ""ATNF""}"
J1708-3506,pulsar,257.073425625,-35.10628888888889,,,,,"{""catalogue"": ""ATNF""}"
J1708-3641,pulsar,257.149625,-36.68930555555555,,,,,"{""catalogue"": ""ATNF""}"
J1708-3827,pulsar,257.06874999999997,-38.46,,,,,"{""catalogue"": ""ATNF""}"
J1708-4008,pulsar,257.19529166666666,-40.1479,,,,,"{""catalogue"": ""ATNF""}"
J1708-4522,pulsar,257.05383333333333,-45.380833333333335,,,,,"{""catalogue"": ""ATNF""}"
J1708-7539,pulsar,257.0104166666667,-75.6563888888889,,,,,"{""catalogue"": ""ATNF""}"
J1709-0333,pulsar,257.386625,-3.5555555555555554,,,,,"{""catalogue"": ""ATNF""}"
J1709-1640,pulsar,257.3601720833333,-16.682702777777777,,,,,"{""catalogue"": ""ATNF""}"
J1709+2313,pulsar,257.27413333333334,23.224402777777776,,,,,"{""catalogue"": ""ATNF""}"
J1709-3626,pulsar,257.438125,-36.43433333333333,,,,,"{""catalogue"": ""ATNF""}"
J1709-3841,pulsar,257.31662499999993,-38.68805555555555,,,,,"{""catalogue"": ""ATNF""}"
J1709-43,pulsar,257.4458333333333,-43.911944444444444,,,,,"{""catalogue"": ""ATNF""}"
J1709-4342,pulsar,257.37874999999997,-43.70388888888889,,,,,"{""catalogue"": ""ATNF""}"
J1709-4401,pulsar,257.4224583333333,-44.019777777777776,,,,,"{""catalogue"": ""ATNF""}"
J1709-4429,pulsar,257.4280333333333,-44.485622222222226,,,,,"{""catalogue"": ""ATNF""}"
J1710-2616,pulsar,257.52041666666673,-26.27638888888889,,,,,"{""catalogue"": ""ATNF""}"
J1710-4148,pulsar,257.59895833333337,-41.805277777777775,,,,,"{""catalogue"": ""ATNF""}"
J1710+4923,pulsar,257.5185045416667,49.38652177777778,,,,,"{""catalogue"": ""ATNF""}"
J1711-1509,pulsar,257.9794125,-15.161027777777779,,,,,"{""catalogue"": ""ATNF""}"
J1711-3826,pulsar,257.9352083333333,-38.43722222222222,,,,,"{""catalogue"": ""ATNF""}"
J1711-4322,pulsar,257.79400416666664,-43.38141666666667,,,,,"{""catalogue"": ""ATNF""}"
J1711-5350,pulsar,257.971375,-53.83841666666667,,,,,"{""catalogue"": ""ATNF""}"
J1712-2715,pulsar,258.04879166666666,-27.264722222222222,,,,,"{""catalogue"": ""ATNF""}"
J1713+0747,pulsar,258.4563907695833,7.793744378611111,,,,,"{""catalogue"": ""ATNF""}"
J1713-3844,pulsar,258.25958333333335,-38.74138888888889,,,,,"{""catalogue"": ""ATNF""}"
J1713+7810,pulsar,258.3627916666666,78.17610833333333,,,,,"{""catalogue"": ""ATNF""}"
J1714-1054,pulsar,258.667175,-10.903027777777778,,,,,"{""catalogue"": ""ATNF""}"
J1714-3810,pulsar,258.52391666666665,-38.17525,,,,,"{""catalogue"": ""ATNF""}"
J1714-3830,pulsar,258.58250000000004,-38.506388888888885,,,,,"{""catalogue"": ""ATNF""}"
J1715-3247,pulsar,258.84775,-32.791666666666664,,,,,"{""catalogue"": ""ATNF""}"
J1715-3700,pulsar,258.79020833333334,-37.00111111111111,,,,,"{""catalogue"": ""ATNF""}"
J1715-3859,pulsar,258.907875,-38.99030555555556,,,,,"{""catalogue"": ""ATNF""}"
J1715-3903,pulsar,258.8086666666667,-39.049194444444446,,,,,"{""catalogue"": ""ATNF""}"
J1715-4034,pulsar,258.9205,-40.57166666666667,,,,,"{""catalogue"": ""ATNF""}"
J1715-4254,pulsar,258.7939166666667,-42.915,,,,,"{""catalogue"": ""ATNF""}"
J1716+34,pulsar,259.0333333333333,34.60305555555556,,,,,"{""catalogue"": ""ATNF""}"
J1716-3720,pulsar,259.0473333333333,-37.345555555555556,,,,,"{""catalogue"": ""ATNF""}"
J1716-4005,pulsar,259.17525,-40.090833333333336,,,,,"{""catalogue"": ""ATNF""}"
J1716-4111,pulsar,259.18461249999996,-41.18597222222222,,,,,"{""catalogue"": ""ATNF""}"
J1716-4711,pulsar,259.0046208333333,-47.18358333333333,,,,,"{""catalogue"": ""ATNF""}"
J1717-3425,pulsar,259.33435000000003,-34.416555555555554,,,,,"{""catalogue"": ""ATNF""}"
J1717-3737,pulsar,259.3165,-37.626666666666665,,,,,"{""catalogue"": ""ATNF""}"
J1717-3847,pulsar,259.3266666666667,-38.784166666666664,,,,,"{""catalogue"": ""ATNF""}"
J1717-3953,pulsar,259.35645833333336,-39.89861111111111,,,,,"{""catalogue"": ""ATNF""}"
J1717-4043,pulsar,259.449625,-40.730555555555554,,,,,"{""catalogue"": ""ATNF""}"
J1717-40435,pulsar,259.2583333333333,-40.72527777777778,,,,,"{""catalogue"": ""ATNF""}"
J1717-4054,pulsar,259.46816666666666,-41.054944444444445,,,,,"{""catalogue"": ""ATNF""}"
J1717+4308A,pulsar,259.2770683333334,43.13430016666667,,,,,"{""catalogue"": ""ATNF""}"
J1717-5800,pulsar,259.3985416666667,-58.0015,,,,,"{""catalogue"": ""ATNF""}"
J1718-3714,pulsar,259.5774583333333,-37.23777777777778,,,,,"{""catalogue"": ""ATNF""}"
J1718-3718,pulsar,259.5409583333333,-37.31430555555555,,,,,"{""catalogue"": ""ATNF""}"
J1718-3825,pulsar,259.5565208333333,-38.421683333333334,,,,,"{""catalogue"": ""ATNF""}"
J1718-4539,pulsar,259.5495833333334,-45.65441666666666,,,,,"{""catalogue"": ""ATNF""}"
J1719-1438,pulsar,259.7919705416667,-14.633595,,,,,"{""catalogue"": ""ATNF""}"
J1719-2330,pulsar,259.9004166666667,-23.503888888888888,,,,,"{""catalogue"": ""ATNF""}"
J1719-3458,pulsar,259.8005875,-34.97288888888889,,,,,"{""catalogue"": ""ATNF""}"
J1719-4006,pulsar,259.757175,-40.116527777777776,,,,,"{""catalogue"": ""ATNF""}"
J1719-4302,pulsar,259.95320833333335,-43.0365,,,,,"{""catalogue"": ""ATNF""}"
J1720-0212,pulsar,260.2386208333333,-2.206638888888889,,,,,"{""catalogue"": ""ATNF""}"
J1720-1633,pulsar,260.105025,-16.559361111111112,,,,,"{""catalogue"": ""ATNF""}"
J1720+2150,pulsar,260.00541666666663,21.836888888888886,,,,,"{""catalogue"": ""ATNF""}"
J1720-2446,pulsar,260.0935833333333,-24.774166666666666,,,,,"{""catalogue"": ""ATNF""}"
J1720-2933,pulsar,260.1421541666666,-29.5545,,,,,"{""catalogue"": ""ATNF""}"
J1720-3659,pulsar,260.00823333333335,-36.98513888888889,,,,,"{""catalogue"": ""ATNF""}"
J1721-1936,pulsar,260.2561666666667,-19.61416666666667,,,,,"{""catalogue"": ""ATNF""}"
J1721-1939,pulsar,260.4442083333334,-19.66361111111111,,,,,"{""catalogue"": ""ATNF""}"
J1721-2457,pulsar,260.2729079166667,-24.95171388888889,,,,,"{""catalogue"": ""ATNF""}"
J1721-3532,pulsar,260.38657500000005,-35.54711111111111,,,,,"{""catalogue"": ""ATNF""}"
J1722-3207,pulsar,260.51232916666663,-32.12925,,,,,"{""catalogue"": ""ATNF""}"
J1722-3632,pulsar,260.5409041666667,-36.548138888888886,,,,,"{""catalogue"": ""ATNF""}"
J1722-3712,pulsar,260.74670833333334,-37.20125,,,,,"{""catalogue"": ""ATNF""}"
J1722-4400,pulsar,260.69382083333335,-44.00922222222222,,,,,"{""catalogue"": ""ATNF""}"
J1723-2837,pulsar,260.8466066666666,-28.63254722222222,,,,,"{""catalogue"": ""ATNF""}"
J1723-2852,pulsar,260.9925,-28.880833333333335,,,,,"{""catalogue"": ""ATNF""}"
J1723-3659,pulsar,260.78158333333334,-36.98727777777778,,,,,"{""catalogue"": ""ATNF""}"
J1724-3149,pulsar,261.1869583333333,-31.817777777777778,,,,,"{""catalogue"": ""ATNF""}"
J1724-3505,pulsar,261.1995416666666,-35.093333333333334,,,,,"{""catalogue"": ""ATNF""}"
J1724-4500,pulsar,261.10749999999996,-45.00416666666667,,,,,"{""catalogue"": ""ATNF""}"
J1725-0732,pulsar,261.30117083333334,-7.549777777777778,,,,,"{""catalogue"": ""ATNF""}"
J1725-2852,pulsar,261.29125,-28.872777777777777,,,,,"{""catalogue"": ""ATNF""}"
J1725-3546,pulsar,261.42583333333334,-35.77111111111111,,,,,"{""catalogue"": ""ATNF""}"
J1725-3848,pulsar,261.2504166666667,-38.809999999999995,,,,,"{""catalogue"": ""ATNF""}"
J1725-3853,pulsar,261.363625,-38.8845,,,,,"{""catalogue"": ""ATNF""}"
J1725-4043,pulsar,261.42258333333336,-40.719722222222224,,,,,"{""catalogue"": ""ATNF""}"
J1726-3530,pulsar,261.5312916666667,-35.49944444444444,,,,,"{""catalogue"": ""ATNF""}"
J1726-3635,pulsar,261.7067083333333,-36.596000000000004,,,,,"{""catalogue"": ""ATNF""}"
J1726-4006,pulsar,261.6390416666667,-40.10055555555556,,,,,"{""catalogue"": ""ATNF""}"
J1727-1609,pulsar,262.0125,-16.18611111111111,,,,,"{""catalogue"": ""ATNF""}"
J1727-2739,pulsar,261.8790833333333,-27.648055555555555,,,,,"{""catalogue"": ""ATNF""}"
J1727-2946,pulsar,261.81289554166665,-29.776888055555556,,,,,"{""catalogue"": ""ATNF""}"
J1727-2951,pulsar,261.751675,-29.861333333333334,,,,,"{""catalogue"": ""ATNF""}"
J1728-0007,pulsar,262.1450791666667,-0.12916666666666668,,,,,"{""catalogue"": ""ATNF""}"
J1728-3733,pulsar,262.1927083333333,-37.55222222222222,,,,,"{""catalogue"": ""ATNF""}"
J1728-4028,pulsar,262.1153333333333,-40.46944444444445,,,,,"{""catalogue"": ""ATNF""}"
J1729-2117,pulsar,262.2950333333333,-21.291111111111114,,,,,"{""catalogue"": ""ATNF""}"
J1730-2304,pulsar,262.5902956666667,-23.075320833333333,,,,,"{""catalogue"": ""ATNF""}"
J1730-2900,pulsar,262.53450000000004,-29.012777777777778,,,,,"{""catalogue"": ""ATNF""}"
J1730-3350,pulsar,262.63566249999997,-33.84427777777778,,,,,"{""catalogue"": ""ATNF""}"
J1730-3353,pulsar,262.73158333333333,-33.89388888888889,,,,,"{""catalogue"": ""ATNF""}"
J1731-1847,pulsar,262.8233742625,-18.792407222222224,,,,,"{""catalogue"": ""ATNF""}"
J1731-3123,pulsar,262.75220833333333,-31.39527777777778,,,,,"{""catalogue"": ""ATNF""}"
J1731-3322,pulsar,262.809625,-33.37916666666667,,,,,"{""catalogue"": ""ATNF""}"
J1731-4744,pulsar,262.92566666666664,-47.743405555555555,,,,,"{""catalogue"": ""ATNF""}"
J1732-1930,pulsar,263.08341666666666,-19.5025,,,,,"{""catalogue"": ""ATNF""}"
J1732-3131,pulsar,263.13975000000005,-31.523055555555555,,,,,"{""catalogue"": ""ATNF""}"
J1732-3426,pulsar,263.02991666666674,-34.43472222222222,,,,,"{""catalogue"": ""ATNF""}"
J1732-3729,pulsar,263.0867083333334,-37.484722222222224,,,,,"{""catalogue"": ""ATNF""}"
J1732-4128,pulsar,263.20833333333337,-41.480000000000004,,,,,"{""catalogue"": ""ATNF""}"
J1732-4156,pulsar,263.20358333333337,-41.94155555555555,,,,,"{""catalogue"": ""ATNF""}"
J1732-5049,pulsar,263.1990279166667,-50.816720861111115,,,,,"{""catalogue"": ""ATNF""}"
J1733-2228,pulsar,263.360125,-22.47694444444444,,,,,"{""catalogue"": ""ATNF""}"
J1733-2533,pulsar,263.35775,-25.553055555555556,,,,,"{""catalogue"": ""ATNF""}"
J1733-2837,pulsar,263.39125,-28.625833333333333,,,,,"{""catalogue"": ""ATNF""}"
J1733-3030,pulsar,263.495375,-30.51361111111111,,,,,"{""catalogue"": ""ATNF""}"
J1733-3322,pulsar,263.4800416666667,-33.3675,,,,,"{""catalogue"": ""ATNF""}"
J1733-3716,pulsar,263.36151,-37.28200833333333,,,,,"{""catalogue"": ""ATNF""}"
J1733-4005,pulsar,263.4943333333333,-40.09436111111111,,,,,"{""catalogue"": ""ATNF""}"
J1733-5515,pulsar,263.25166666666667,-55.26111111111111,,,,,"{""catalogue"": ""ATNF""}"
J1734-0212,pulsar,263.69025,-2.2108611111111114,,,,,"{""catalogue"": ""ATNF""}"
J1734-2415,pulsar,263.67333333333335,-24.255555555555556,,,,,"{""catalogue"": ""ATNF""}"
J1734-2859,pulsar,263.50047500000005,-28.998166666666666,,,,,"{""catalogue"": ""ATNF""}"
J1734-3058,pulsar,263.71182916666663,-30.978166666666667,,,,,"{""catalogue"": ""ATNF""}"
J1734-3333,pulsar,263.6120833333333,-33.55555555555555,,,,,"{""catalogue"": ""ATNF""}"
J1735-0243,pulsar,263.9504166666666,-2.73,,,,,"{""catalogue"": ""ATNF""}"
J1735-0724,pulsar,263.7707208333333,-7.4144805555555555,,,,,"{""catalogue"": ""ATNF""}"
J1735-3258,pulsar,263.98716666666667,-32.97272777777778,,,,,"{""catalogue"": ""ATNF""}"
J1735+6320,pulsar,263.77734166666664,63.33335,,,,,"{""catalogue"": ""ATNF""}"
J1736-2457,pulsar,264.18933333333337,-24.96388888888889,,,,,"{""catalogue"": ""ATNF""}"
J1736-2819,pulsar,264.1030416666667,-28.328333333333333,,,,,"{""catalogue"": ""ATNF""}"
J1736-2843,pulsar,264.17745833333333,-28.730833333333333,,,,,"{""catalogue"": ""ATNF""}"
J1736-3511,pulsar,264.01125,-35.19888888888889,,,,,"{""catalogue"": ""ATNF""}"
J1737-0314A,pulsar,264.3995330833334,-3.2429930555555555,,,,,"{""catalogue"": ""ATNF""}"
J1737-0314B,pulsar,264.4004166666667,-3.2458333333333336,,,,,"{""catalogue"": ""ATNF""}"
J1737-0314C,pulsar,264.4004166666667,-3.2458333333333336,,,,,"{""catalogue"": ""ATNF""}"
J1737-0314D,pulsar,264.4004166666667,-3.2458333333333336,,,,,"{""catalogue"": ""ATNF""}"
J1737-0314E,pulsar,264.4004166666667,-3.2458333333333336,,,,,"{""catalogue"": ""ATNF""}"
J1737-0811,pulsar,264.4463014583333,-8.185801944444444,,,,,"{""catalogue"": ""ATNF""}"
J1737-3102,pulsar,264.3905416666667,-31.033472222222223,,,,,"{""catalogue"": ""ATNF""}"
J1737-3137,pulsar,264.267875,-31.6225,,,,,"{""catalogue"": ""ATNF""}"
J1737-3320,pulsar,264.29379166666666,-33.33888888888889,,,,,"{""catalogue"": ""ATNF""}"
J1737-3555,pulsar,264.4168291666667,-35.92883333333333,,,,,"{""catalogue"": ""ATNF""}"
J1738+0333,pulsar,264.7248576608333,3.553018519444444,,,,,"{""catalogue"": ""ATNF""}"
J1738-2330,pulsar,264.53666666666663,-23.513055555555557,,,,,"{""catalogue"": ""ATNF""}"
J1738-2647,pulsar,264.52095833333334,-26.796111111111113,,,,,"{""catalogue"": ""ATNF""}"
J1738-2736,pulsar,264.56095,-27.607166666666668,,,,,"{""catalogue"": ""ATNF""}"
J1738-2955,pulsar,264.7171666666667,-29.932616666666668,,,,,"{""catalogue"": ""ATNF""}"
J1738-3107,pulsar,264.6975,-31.128888888888888,,,,,"{""catalogue"": ""ATNF""}"
J1738-3211,pulsar,264.72577083333334,-32.19822222222222,,,,,"{""catalogue"": ""ATNF""}"
J1738-3316,pulsar,264.6435416666667,-33.26711111111111,,,,,"{""catalogue"": ""ATNF""}"
J1739+0612,pulsar,264.8248583333333,6.207888888888889,,,,,"{""catalogue"": ""ATNF""}"
J1739-1313,pulsar,264.99092083333335,-13.221833333333333,,,,,"{""catalogue"": ""ATNF""}"
J1739-2521,pulsar,264.88595416666664,-25.365555555555556,,,,,"{""catalogue"": ""ATNF""}"
J1739-2903,pulsar,264.8928833333333,-29.050611111111113,,,,,"{""catalogue"": ""ATNF""}"
J1739-3023,pulsar,264.9157916666666,-30.38692222222222,,,,,"{""catalogue"": ""ATNF""}"
J1739-3049,pulsar,264.84675,-30.82777777777778,,,,,"{""catalogue"": ""ATNF""}"
J1739-3131,pulsar,264.8512666666666,-31.520916666666665,,,,,"{""catalogue"": ""ATNF""}"
J1739-3159,pulsar,264.9528333333333,-31.996944444444445,,,,,"{""catalogue"": ""ATNF""}"
J1739-3951,pulsar,264.909375,-39.86675,,,,,"{""catalogue"": ""ATNF""}"
J1740+1000,pulsar,265.10812500000003,10.00175,,,,,"{""catalogue"": ""ATNF""}"
J1740+1311,pulsar,265.03060625,13.199080555555556,,,,,"{""catalogue"": ""ATNF""}"
J1740-2540,pulsar,265.1888333333334,-25.671944444444446,,,,,"{""catalogue"": ""ATNF""}"
J1740-3015,pulsar,265.1409166666667,-30.262083333333333,,,,,"{""catalogue"": ""ATNF""}"
J1740-3052,pulsar,265.20833749999997,-30.86786111111111,,,,,"{""catalogue"": ""ATNF""}"
J1740-3327,pulsar,265.1071666666667,-33.46486111111111,,,,,"{""catalogue"": ""ATNF""}"
J1740-5340A,pulsar,265.1857875,-53.67802777777778,,,,,"{""catalogue"": ""ATNF""}"
J1740-5340B,pulsar,265.177625,-53.67447222222222,,,,,"{""catalogue"": ""ATNF""}"
J1741-0840,pulsar,265.3440120833334,-8.675475277777776,,,,,"{""catalogue"": ""ATNF""}"
J1741+1351,pulsar,265.37976974375,13.862254413888888,,,,,"{""catalogue"": ""ATNF""}"
J1741-2019,pulsar,265.278625,-20.323333333333334,,,,,"{""catalogue"": ""ATNF""}"
J1741-2054,pulsar,265.4886666666667,-20.903277777777777,,,,,"{""catalogue"": ""ATNF""}"
J1741-2719,pulsar,265.39608333333337,-27.323055555555555,,,,,"{""catalogue"": ""ATNF""}"
J1741-2733,pulsar,265.25558333333333,-27.56416666666667,,,,,"{""catalogue"": ""ATNF""}"
J1741+2758,pulsar,265.47295833333334,27.969166666666666,,,,,"{""catalogue"": ""ATNF""}"
J1741-2945,pulsar,265.31029166666667,-29.759722222222223,,,,,"{""catalogue"": ""ATNF""}"
J1741-3016,pulsar,265.27933333333334,-30.275277777777777,,,,,"{""catalogue"": ""ATNF""}"
J1741+3855,pulsar,265.30142083333334,38.91941666666666,,,,,"{""catalogue"": ""ATNF""}"
J1741-3927,pulsar,265.3253291666667,-39.46061111111111,,,,,"{""catalogue"": ""ATNF""}"
J1742-0203,pulsar,265.60220833333335,-2.061972222222222,,,,,"{""catalogue"": ""ATNF""}"
J1742-3957,pulsar,265.51845833333334,-39.95611111111111,,,,,"{""catalogue"": ""ATNF""}"
J1742-4616,pulsar,265.60875,-46.281527777777775,,,,,"{""catalogue"": ""ATNF""}"
J1743-0339,pulsar,265.7840833333333,-3.6531944444444444,,,,,"{""catalogue"": ""ATNF""}"
J1743-1351,pulsar,265.9067583333333,-13.860555555555555,,,,,"{""catalogue"": ""ATNF""}"
J1743-2442,pulsar,265.8338333333333,-24.71527777777778,,,,,"{""catalogue"": ""ATNF""}"
J1743-3150,pulsar,265.9029583333333,-31.83963888888889,,,,,"{""catalogue"": ""ATNF""}"
J1743-3153,pulsar,265.81485416666663,-31.884805555555555,,,,,"{""catalogue"": ""ATNF""}"
J1743-4212,pulsar,265.77176249999997,-42.20066666666667,,,,,"{""catalogue"": ""ATNF""}"
J1744-1134,pulsar,266.12254074083336,-11.581865758333333,,,,,"{""catalogue"": ""ATNF""}"
J1744-1610,pulsar,266.0688916666667,-16.17661111111111,,,,,"{""catalogue"": ""ATNF""}"
J1744-2335,pulsar,266.2019583333334,-23.59861111111111,,,,,"{""catalogue"": ""ATNF""}"
J1744-3130,pulsar,266.023675,-31.50111111111111,,,,,"{""catalogue"": ""ATNF""}"
J1744-3922,pulsar,266.0111458333334,-39.372527777777776,,,,,"{""catalogue"": ""ATNF""}"
J1744-5337,pulsar,266.1621666666667,-53.630833333333335,,,,,"{""catalogue"": ""ATNF""}"
J1744-7619,pulsar,266.0020333333334,-76.32075277777777,,,,,"{""catalogue"": ""ATNF""}"
J1745-0129,pulsar,266.2585833333333,-1.4883611111111112,,,,,"{""catalogue"": ""ATNF""}"
J1745-0952,pulsar,266.2880616666667,-9.877689444444444,,,,,"{""catalogue"": ""ATNF""}"
J1745+1017,pulsar,266.3909879166667,10.297923055555556,,,,,"{""catalogue"": ""ATNF""}"
J1745+1252,pulsar,266.434125,12.877305555555557,,,,,"{""catalogue"": ""ATNF""}"
J1745-2229,pulsar,266.31962500000003,-22.487222222222222,,,,,"{""catalogue"": ""ATNF""}"
J1745-2758,pulsar,266.4677,-27.97722222222222,,,,,"{""catalogue"": ""ATNF""}"
J1745-2900,pulsar,266.41735916666664,-29.008304444444445,,,,,"{""catalogue"": ""ATNF""}"
J1745-2912,pulsar,266.44929345833333,-29.20855,,,,,"{""catalogue"": ""ATNF""}"
J1745-3040,pulsar,266.48465,-30.67302777777778,,,,,"{""catalogue"": ""ATNF""}"
J1745-3812,pulsar,266.31425,-38.20202777777778,,,,,"{""catalogue"": ""ATNF""}"
J1746+2245,pulsar,266.5035,22.758027777777777,,,,,"{""catalogue"": ""ATNF""}"
J1746+2540,pulsar,266.528625,25.677083333333336,,,,,"{""catalogue"": ""ATNF""}"
J1746-2849,pulsar,266.513989,-28.837051388888888,,,,,"{""catalogue"": ""ATNF""}"
J1746-2850,pulsar,266.5275,-28.845,,,,,"{""catalogue"": ""ATNF""}"
J1746-2856,pulsar,266.7077283333333,-28.949719444444444,,,,,"{""catalogue"": ""ATNF""}"
J1746-3239,pulsar,266.7289458333333,-32.6655,,,,,"{""catalogue"": ""ATNF""}"
J1747-1030,pulsar,266.9929583333333,-10.501388888888888,,,,,"{""catalogue"": ""ATNF""}"
J1747-2647,pulsar,266.87872500000003,-26.787222222222223,,,,,"{""catalogue"": ""ATNF""}"
J1747-2802,pulsar,266.860625,-28.04361111111111,,,,,"{""catalogue"": ""ATNF""}"
J1747-2809,pulsar,266.845,-28.154166666666665,,,,,"{""catalogue"": ""ATNF""}"
J1747-2958,pulsar,266.81617500000004,-29.966944444444444,,,,,"{""catalogue"": ""ATNF""}"
J1747-4036,pulsar,266.95298502916665,-40.61521977777778,,,,,"{""catalogue"": ""ATNF""}"
J1748-1300,pulsar,267.07253208333333,-13.014466666666667,,,,,"{""catalogue"": ""ATNF""}"
J1748-2021A,pulsar,267.2195375,-20.361027777777778,,,,,"{""catalogue"": ""ATNF""}"
J1748-2021B,pulsar,267.2206370833334,-20.360794444444444,,,,,"{""catalogue"": ""ATNF""}"
J1748-2021C,pulsar,267.21322166666664,-20.364947222222224,,,,,"{""catalogue"": ""ATNF""}"
J1748-2021D,pulsar,267.215194375,-20.352059444444446,,,,,"{""catalogue"": ""ATNF""}"
J1748-2021E,pulsar,267.22000166666663,-20.358161111111112,,,,,"{""catalogue"": ""ATNF""}"
J1748-2021F,pulsar,267.2180579166667,-20.360925,,,,,"{""catalogue"": ""ATNF""}"
J1748-2444,pulsar,267.202125,-24.74361111111111,,,,,"{""catalogue"": ""ATNF""}"
J1748-2446A,pulsar,267.0093958333334,-24.776916666666665,,,,,"{""catalogue"": ""ATNF""}"
J1748-2446aa,pulsar,267.02000000000004,-24.779166666666665,,,,,"{""catalogue"": ""ATNF""}"
J1748-2446ab,pulsar,267.02000000000004,-24.779166666666665,,,,,"{""catalogue"": ""ATNF""}"
J1748-2446ac,pulsar,267.02000000000004,-24.779166666666665,,,,,"{""catalogue"": ""ATNF""}"
J1748-2446ad,pulsar,267.02000000000004,-24.779166666666665,,,,,"{""catalogue"": ""ATNF""}"
J1748-2446ae,pulsar,267.02000000000004,-24.779166666666665,,,,,"{""catalogue"": ""ATNF""}"
J1748-2446af,pulsar,267.02000000000004,-24.779166666666665,,,,,"{""catalogue"": ""ATNF""}"
J1748-2446ag,pulsar,267.02000000000004,-24.779166666666665,,,,,"{""catalogue"": ""ATNF""}"
J1748-2446ah,pulsar,267.02000000000004,-24.779166666666665,,,,,"{""catalogue"": ""ATNF""}"
J1748-2446ai,pulsar,267.02000000000004,-24.779166666666665,,,,,"{""catalogue"": ""ATNF""}"
J1748-2446aj,pulsar,267.02088291666666,-24.77634722222222,,,,,"{""catalogue"": ""ATNF""}"
J1748-2446ak,pulsar,267.0153583333333,-24.777175,,,,,"{""catalogue"": ""ATNF""}"
J1748-2446am,pulsar,267.0200979166667,-24.779780555555554,,,,,"{""catalogue"": ""ATNF""}"
J1748-2446an,pulsar,267.02357908333335,-24.778341666666666,,,,,"{""catalogue"": ""ATNF""}"
J1748-2446C,pulsar,267.0189166666667,-24.776666666666667,,,,,"{""catalogue"": ""ATNF""}"
J1748-2446D,pulsar,267.02000000000004,-24.779166666666665,,,,,"{""catalogue"": ""ATNF""}"
J1748-2446E,pulsar,267.02000000000004,-24.779166666666665,,,,,"{""catalogue"": ""ATNF""}"
J1748-2446F,pulsar,267.02000000000004,-24.779166666666665,,,,,"{""catalogue"": ""ATNF""}"
J1748-2446G,pulsar,267.02000000000004,-24.779166666666665,,,,,"{""catalogue"": ""ATNF""}"
J1748-2446H,pulsar,267.02000000000004,-24.779166666666665,,,,,"{""catalogue"": ""ATNF""}"
J1748-2446I,pulsar,267.02000000000004,-24.779166666666665,,,,,"{""catalogue"": ""ATNF""}"
J1748-2446J,pulsar,267.02000000000004,-24.779166666666665,,,,,"{""catalogue"": ""ATNF""}"
J1748-2446K,pulsar,267.02000000000004,-24.779166666666665,,,,,"{""catalogue"": ""ATNF""}"
J1748-2446L,pulsar,267.02000000000004,-24.779166666666665,,,,,"{""catalogue"": ""ATNF""}"
J1748-2446M,pulsar,267.02000000000004,-24.779166666666665,,,,,"{""catalogue"": ""ATNF""}"
J1748-2446N,pulsar,267.02000000000004,-24.779166666666665,,,,,"{""catalogue"": ""ATNF""}"
J1748-2446O,pulsar,267.02000000000004,-24.779166666666665,,,,,"{""catalogue"": ""ATNF""}"
J1748-2446P,pulsar,267.02000000000004,-24.779166666666665,,,,,"{""catalogue"": ""ATNF""}"
J1748-2446Q,pulsar,267.02000000000004,-24.779166666666665,,,,,"{""catalogue"": ""ATNF""}"
J1748-2446R,pulsar,267.02000000000004,-24.779166666666665,,,,,"{""catalogue"": ""ATNF""}"
J1748-2446S,pulsar,267.02000000000004,-24.779166666666665,,,,,"{""catalogue"": ""ATNF""}"
J1748-2446T,pulsar,267.02000000000004,-24.779166666666665,,,,,"{""catalogue"": ""ATNF""}"
J1748-2446U,pulsar,267.02000000000004,-24.779166666666665,,,,,"{""catalogue"": ""ATNF""}"
J1748-2446V,pulsar,267.02000000000004,-24.779166666666665,,,,,"{""catalogue"": ""ATNF""}"
J1748-2446W,pulsar,267.02000000000004,-24.779166666666665,,,,,"{""catalogue"": ""ATNF""}"
J1748-2446X,pulsar,267.02000000000004,-24.779166666666665,,,,,"{""catalogue"": ""ATNF""}"
J1748-2446Y,pulsar,267.02000000000004,-24.779166666666665,,,,,"{""catalogue"": ""ATNF""}"
J1748-2446Z,pulsar,267.02000000000004,-24.779166666666665,,,,,"{""catalogue"": ""ATNF""}"
J1748-3009,pulsar,267.0989925,-30.153133333333333,,,,,"{""catalogue"": ""ATNF""}"
J1749-2146,pulsar,267.33850416666667,-21.775277777777777,,,,,"{""catalogue"": ""ATNF""}"
J1749-2347,pulsar,267.3150416666667,-23.78805555555556,,,,,"{""catalogue"": ""ATNF""}"
J1749-2629,pulsar,267.297,-26.48611111111111,,,,,"{""catalogue"": ""ATNF""}"
J1749-3002,pulsar,267.30620833333336,-30.043055555555558,,,,,"{""catalogue"": ""ATNF""}"
J1749-4931,pulsar,267.34904166666666,-49.533055555555556,,,,,"{""catalogue"": ""ATNF""}"
J1749-5417,pulsar,267.4460833333334,-54.29186111111111,,,,,"{""catalogue"": ""ATNF""}"
J1749-5605,pulsar,267.4354166666667,-56.08861111111111,,,,,"{""catalogue"": ""ATNF""}"
J1749+5952,pulsar,267.38845,59.87670277777778,,,,,"{""catalogue"": ""ATNF""}"
J1750-2043,pulsar,267.57666666666665,-20.718888888888888,,,,,"{""catalogue"": ""ATNF""}"
J1750-2438,pulsar,267.74911249999997,-24.649444444444445,,,,,"{""catalogue"": ""ATNF""}"
J1750-2444,pulsar,267.59566666666666,-24.74638888888889,,,,,"{""catalogue"": ""ATNF""}"
J1750-2536,pulsar,267.639125,-25.611944444444447,,,,,"{""catalogue"": ""ATNF""}"
J1750-3157,pulsar,267.6971583333333,-31.96225,,,,,"{""catalogue"": ""ATNF""}"
J1750-3503,pulsar,267.6854208333333,-35.05247222222222,,,,,"{""catalogue"": ""ATNF""}"
J1750-3703A,pulsar,267.55750666666665,-37.053041666666665,,,,,"{""catalogue"": ""ATNF""}"
J1750-3703B,pulsar,267.55073749999997,-37.05636944444444,,,,,"{""catalogue"": ""ATNF""}"
J1750-3703C,pulsar,267.55605875,-37.05155,,,,,"{""catalogue"": ""ATNF""}"
J1750-3703D,pulsar,267.55457041666665,-37.05176888888889,,,,,"{""catalogue"": ""ATNF""}"
J1751-2516,pulsar,267.9692916666667,-25.27861111111111,,,,,"{""catalogue"": ""ATNF""}"
J1751-2737,pulsar,267.8027083333334,-27.62216666666667,,,,,"{""catalogue"": ""ATNF""}"
J1751-2857,pulsar,267.8862216541667,-28.962922222222222,,,,,"{""catalogue"": ""ATNF""}"
J1751-3323,pulsar,267.88635416666665,-33.394333333333336,,,,,"{""catalogue"": ""ATNF""}"
J1751-4657,pulsar,267.92581666666666,-46.957369444444446,,,,,"{""catalogue"": ""ATNF""}"
J1752+2359,pulsar,268.14758333333333,23.996722222222225,,,,,"{""catalogue"": ""ATNF""}"
J1752-2410,pulsar,268.2447583333334,-24.17388888888889,,,,,"{""catalogue"": ""ATNF""}"
J1752-2806,pulsar,268.24454000000003,-28.110361111111114,,,,,"{""catalogue"": ""ATNF""}"
J1752-2821,pulsar,268.1022916666667,-28.352777777777778,,,,,"{""catalogue"": ""ATNF""}"
J1753-1914,pulsar,268.39654583333333,-19.249444444444446,,,,,"{""catalogue"": ""ATNF""}"
J1753-2240,pulsar,268.41602916666665,-22.678333333333335,,,,,"{""catalogue"": ""ATNF""}"
J1753-2501,pulsar,268.3775416666667,-25.006944444444443,,,,,"{""catalogue"": ""ATNF""}"
J1753-2819,pulsar,268.48409875,-28.325008333333333,,,,,"{""catalogue"": ""ATNF""}"
J1754+0032,pulsar,268.71666666666664,0.6091666666666666,,,,,"{""catalogue"": ""ATNF""}"
J1754-2422,pulsar,268.65233333333333,-24.373333333333335,,,,,"{""catalogue"": ""ATNF""}"
J1754-3014,pulsar,268.62575416666664,-30.250833333333333,,,,,"{""catalogue"": ""ATNF""}"
J1754-3443,pulsar,268.65571666666665,-34.73163888888889,,,,,"{""catalogue"": ""ATNF""}"
J1754-3510,pulsar,268.72756666666663,-35.17861111111111,,,,,"{""catalogue"": ""ATNF""}"
J1754+5201,pulsar,268.595445,52.020067777777776,,,,,"{""catalogue"": ""ATNF""}"
J1755-0903,pulsar,268.7931833333334,-9.064333333333334,,,,,"{""catalogue"": ""ATNF""}"
J1755-1650,pulsar,268.79853333333335,-16.84472222222222,,,,,"{""catalogue"": ""ATNF""}"
J1755-2025,pulsar,268.89917083333336,-20.416666666666668,,,,,"{""catalogue"": ""ATNF""}"
J1755-2521,pulsar,268.99879166666665,-25.3575,,,,,"{""catalogue"": ""ATNF""}"
J1755-25211,pulsar,268.83045833333335,-25.352500000000003,,,,,"{""catalogue"": ""ATNF""}"
J1755-2534,pulsar,268.95758333333333,-25.5775,,,,,"{""catalogue"": ""ATNF""}"
J1755-2550,pulsar,268.91,-25.839444444444442,,,,,"{""catalogue"": ""ATNF""}"
J1755-2725,pulsar,268.9245,-27.429166666666667,,,,,"{""catalogue"": ""ATNF""}"
J1755-3716,pulsar,268.8976925,-37.26966111111111,,,,,"{""catalogue"": ""ATNF""}"
J1756+1822,pulsar,269.0732625,18.38202777777778,,,,,"{""catalogue"": ""ATNF""}"
J1756-2225,pulsar,269.10650000000004,-22.43,,,,,"{""catalogue"": ""ATNF""}"
J1756-2251,pulsar,269.19430755,-22.86648611111111,,,,,"{""catalogue"": ""ATNF""}"
J1756-2435,pulsar,269.2413041666667,-24.592777777777776,,,,,"{""catalogue"": ""ATNF""}"
J1756-2619,pulsar,269.33079166666664,-26.31888888888889,,,,,"{""catalogue"": ""ATNF""}"
J1757-1500,pulsar,269.30313333333334,-15.007916666666667,,,,,"{""catalogue"": ""ATNF""}"
J1757-1854,pulsar,269.26576825,-18.900937777777777,,,,,"{""catalogue"": ""ATNF""}"
J1757-2223,pulsar,269.46155,-22.396944444444443,,,,,"{""catalogue"": ""ATNF""}"
J1757-2421,pulsar,269.37218125000004,-24.36872222222222,,,,,"{""catalogue"": ""ATNF""}"
J1757-2745,pulsar,269.4782608333333,-27.761155555555554,,,,,"{""catalogue"": ""ATNF""}"
J1757-5322,pulsar,269.31317291666664,-53.37399638888889,,,,,"{""catalogue"": ""ATNF""}"
J1757-6032,pulsar,269.4397083333333,-60.53630555555555,,,,,"{""catalogue"": ""ATNF""}"
J1758-1931,pulsar,269.5233333333333,-19.528055555555554,,,,,"{""catalogue"": ""ATNF""}"
J1758-2206,pulsar,269.6852083333333,-22.1125,,,,,"{""catalogue"": ""ATNF""}"
J1758-2540,pulsar,269.63308333333333,-25.68027777777778,,,,,"{""catalogue"": ""ATNF""}"
J1758-2630,pulsar,269.6427916666666,-26.502777777777776,,,,,"{""catalogue"": ""ATNF""}"
J1758-2846,pulsar,269.56420833333334,-28.76722222222222,,,,,"{""catalogue"": ""ATNF""}"
J1758+3030,pulsar,269.6078333333333,30.506666666666668,,,,,"{""catalogue"": ""ATNF""}"
J1759-1029,pulsar,269.8929166666667,-10.499166666666666,,,,,"{""catalogue"": ""ATNF""}"
J1759-1736,pulsar,269.86733333333336,-17.602777777777778,,,,,"{""catalogue"": ""ATNF""}"
J1759-1903,pulsar,269.92400000000004,-19.05527777777778,,,,,"{""catalogue"": ""ATNF""}"
J1759-1940,pulsar,269.98766666666666,-19.674722222222222,,,,,"{""catalogue"": ""ATNF""}"
J1759-1956,pulsar,269.8975833333334,-19.935555555555556,,,,,"{""catalogue"": ""ATNF""}"
J1759-2205,pulsar,269.85068333333334,-22.092499999999998,,,,,"{""catalogue"": ""ATNF""}"
J1759-2302,pulsar,269.955125,-23.035555555555558,,,,,"{""catalogue"": ""ATNF""}"
J1759-2307,pulsar,269.8789375,-23.12138888888889,,,,,"{""catalogue"": ""ATNF""}"
J1759-2549,pulsar,269.89633333333336,-25.81861111111111,,,,,"{""catalogue"": ""ATNF""}"
J1759-2922,pulsar,269.951025,-29.36861111111111,,,,,"{""catalogue"": ""ATNF""}"
J1759-3107,pulsar,269.8419,-31.122722222222222,,,,,"{""catalogue"": ""ATNF""}"
J1759+5036,pulsar,269.94030000000004,50.61582222222222,,,,,"{""catalogue"": ""ATNF""}"
J1759-5505,pulsar,269.89233333333334,-55.09191666666667,,,,,"{""catalogue"": ""ATNF""}"
J1800-0125,pulsar,270.09200000000004,-1.4251666666666667,,,,,"{""catalogue"": ""ATNF""}"
J1800-2114,pulsar,270.05125,-21.238611111111112,,,,,"{""catalogue"": ""ATNF""}"
J1800+5034,pulsar,270.18488333333335,50.57271111111111,,,,,"{""catalogue"": ""ATNF""}"
J1801-0357,pulsar,270.34428333333335,-3.9654722222222225,,,,,"{""catalogue"": ""ATNF""}"
J1801-0857A,pulsar,270.46087375,-8.958848055555555,,,,,"{""catalogue"": ""ATNF""}"
J1801-0857B,pulsar,270.4606841666667,-8.959130555555555,,,,,"{""catalogue"": ""ATNF""}"
J1801-0857C,pulsar,270.46140545833333,-8.959083055555555,,,,,"{""catalogue"": ""ATNF""}"
J1801-0857D,pulsar,270.48068,-8.956745555555555,,,,,"{""catalogue"": ""ATNF""}"
J1801-0857E,pulsar,270.46092999999996,-8.958691666666667,,,,,"{""catalogue"": ""ATNF""}"
J1801-0857F,pulsar,270.46142041666667,-8.95868611111111,,,,,"{""catalogue"": ""ATNF""}"
J1801-0857G,pulsar,270.4587458333333,-8.957749999999999,,,,,"{""catalogue"": ""ATNF""}"
J1801-0857H,pulsar,270.46912291666666,-8.964763888888887,,,,,"{""catalogue"": ""ATNF""}"
J1801-0857I,pulsar,270.4604166666666,-8.958888888888888,,,,,"{""catalogue"": ""ATNF""}"
J1801-1417,pulsar,270.46280554583336,-14.29292388888889,,,,,"{""catalogue"": ""ATNF""}"
J1801-1855,pulsar,270.3429166666666,-18.93027777777778,,,,,"{""catalogue"": ""ATNF""}"
J1801-1909,pulsar,270.4445416666666,-19.16,,,,,"{""catalogue"": ""ATNF""}"
J1801-2115,pulsar,270.385375,-21.255,,,,,"{""catalogue"": ""ATNF""}"
J1801-2154,pulsar,270.28616666666665,-21.90198611111111,,,,,"{""catalogue"": ""ATNF""}"
J1801-2304,pulsar,270.33256199999994,-23.079065833333335,,,,,"{""catalogue"": ""ATNF""}"
J1801-2451,pulsar,270.2500666666666,-24.85763888888889,,,,,"{""catalogue"": ""ATNF""}"
J1801-2920,pulsar,270.4451625,-29.343916666666665,,,,,"{""catalogue"": ""ATNF""}"
J1801-3210,pulsar,270.35786333333334,-32.1815925,,,,,"{""catalogue"": ""ATNF""}"
J1801-3458,pulsar,270.4694166666667,-34.97694444444445,,,,,"{""catalogue"": ""ATNF""}"
J1802+0128,pulsar,270.61437500000005,1.4732500000000002,,,,,"{""catalogue"": ""ATNF""}"
J1802-0523,pulsar,270.55058333333335,-5.39138888888889,,,,,"{""catalogue"": ""ATNF""}"
J1802-1745,pulsar,270.561875,-17.754722222222224,,,,,"{""catalogue"": ""ATNF""}"
J1802-2124,pulsar,270.52223156666673,-21.40101361111111,,,,,"{""catalogue"": ""ATNF""}"
J1802-2426,pulsar,270.5129166666667,-24.44527777777778,,,,,"{""catalogue"": ""ATNF""}"
J1802-3346,pulsar,270.73,-33.77916666666667,,,,,"{""catalogue"": ""ATNF""}"
J1803+1358,pulsar,270.79583333333335,13.990555555555554,,,,,"{""catalogue"": ""ATNF""}"
J1803-1616,pulsar,270.8945,-16.275,,,,,"{""catalogue"": ""ATNF""}"
J1803-1857,pulsar,270.99608333333333,-18.955277777777777,,,,,"{""catalogue"": ""ATNF""}"
J1803-1920,pulsar,270.8726666666667,-19.34472222222222,,,,,"{""catalogue"": ""ATNF""}"
J1803-2137,pulsar,270.9642104166667,-21.61870861111111,,,,,"{""catalogue"": ""ATNF""}"
J1803-2149,pulsar,270.79013333333336,-21.82027777777778,,,,,"{""catalogue"": ""ATNF""}"
J1803-2712,pulsar,270.88205,-27.201666666666664,,,,,"{""catalogue"": ""ATNF""}"
J1803-3002A,pulsar,270.89166666666665,-30.03388888888889,,,,,"{""catalogue"": ""ATNF""}"
J1803-3002B,pulsar,270.89166666666665,-30.03388888888889,,,,,"{""catalogue"": ""ATNF""}"
J1803-3002C,pulsar,270.89166666666665,-30.03388888888889,,,,,"{""catalogue"": ""ATNF""}"
J1803-3002D,pulsar,270.89166666666665,-30.03388888888889,,,,,"{""catalogue"": ""ATNF""}"
J1803-3329,pulsar,270.93522083333335,-33.48630555555555,,,,,"{""catalogue"": ""ATNF""}"
J1803-6707,pulsar,270.76764724583336,-67.12671044444444,,,,,"{""catalogue"": ""ATNF""}"
J1804-0735,pulsar,271.2078975,-7.590191666666667,,,,,"{""catalogue"": ""ATNF""}"
J1804-2228,pulsar,271.1174583333333,-22.471666666666664,,,,,"{""catalogue"": ""ATNF""}"
J1804-2717,pulsar,271.08805452916664,-27.292037500000003,,,,,"{""catalogue"": ""ATNF""}"
J1804-2858,pulsar,271.00634679166666,-28.979613333333333,,,,,"{""catalogue"": ""ATNF""}"
J1805+0306,pulsar,271.2923083333333,3.108408333333333,,,,,"{""catalogue"": ""ATNF""}"
J1805+0615,pulsar,271.42666537499997,6.255168333333334,,,,,"{""catalogue"": ""ATNF""}"
J1805-0619,pulsar,271.3809833333333,-6.329277777777778,,,,,"{""catalogue"": ""ATNF""}"
J1805-1504,pulsar,271.2754166666667,-15.076666666666666,,,,,"{""catalogue"": ""ATNF""}"
J1805-2032,pulsar,271.40454166666666,-20.547500000000003,,,,,"{""catalogue"": ""ATNF""}"
J1805-2037,pulsar,271.3674583333333,-20.621111111111112,,,,,"{""catalogue"": ""ATNF""}"
J1805-2447,pulsar,271.3580416666666,-24.791666666666668,,,,,"{""catalogue"": ""ATNF""}"
J1805-2948,pulsar,271.42704166666664,-29.8,,,,,"{""catalogue"": ""ATNF""}"
J1806+1023,pulsar,271.7171416666667,10.388416666666666,,,,,"{""catalogue"": ""ATNF""}"
J1806-1154,pulsar,271.52829583333335,-11.907972222222222,,,,,"{""catalogue"": ""ATNF""}"
J1806-1618,pulsar,271.60741666666667,-16.310555555555556,,,,,"{""catalogue"": ""ATNF""}"
J1806-1920,pulsar,271.52750000000003,-19.33972222222222,,,,,"{""catalogue"": ""ATNF""}"
J1806-2125,pulsar,271.58250000000004,-21.465438888888887,,,,,"{""catalogue"": ""ATNF""}"
J1806+2819,pulsar,271.60444083333334,28.31697638888889,,,,,"{""catalogue"": ""ATNF""}"
J1807+0756,pulsar,271.9634791666667,7.9453861111111115,,,,,"{""catalogue"": ""ATNF""}"
J1807-0847,pulsar,271.9084475,-8.795352777777778,,,,,"{""catalogue"": ""ATNF""}"
J1807-2459A,pulsar,271.83481501666665,-24.998028194444444,,,,,"{""catalogue"": ""ATNF""}"
J1807-2459B,pulsar,271.83696337083336,-25.000531944444443,,,,,"{""catalogue"": ""ATNF""}"
J1807-2557,pulsar,271.80691666666667,-25.955555555555556,,,,,"{""catalogue"": ""ATNF""}"
J1807-2715,pulsar,271.7853958333334,-27.250833333333333,,,,,"{""catalogue"": ""ATNF""}"
J1808-0813,pulsar,272.0393,-8.217166666666667,,,,,"{""catalogue"": ""ATNF""}"
J1808-1020,pulsar,272.1901416666667,-10.34675,,,,,"{""catalogue"": ""ATNF""}"
J1808-1517,pulsar,272.16287500000004,-15.294444444444444,,,,,"{""catalogue"": ""ATNF""}"
J1808-1726,pulsar,272.17625,-17.440833333333334,,,,,"{""catalogue"": ""ATNF""}"
J1808-2024,pulsar,272.16390416666667,-20.411069444444443,,,,,"{""catalogue"": ""ATNF""}"
J1808-2057,pulsar,272.02665,-20.968888888888888,,,,,"{""catalogue"": ""ATNF""}"
J1808-2701,pulsar,272.05512500000003,-27.022499999999997,,,,,"{""catalogue"": ""ATNF""}"
J1808-3249,pulsar,272.01866666666666,-32.82611111111112,,,,,"{""catalogue"": ""ATNF""}"
J1809-0119,pulsar,272.464,-1.3247222222222221,,,,,"{""catalogue"": ""ATNF""}"
J1809-0743,pulsar,272.39966666666663,-7.717055555555556,,,,,"{""catalogue"": ""ATNF""}"
J1809-1429,pulsar,272.439625,-14.490277777777777,,,,,"{""catalogue"": ""ATNF""}"
J1809-1850,pulsar,272.40504166666665,-18.84861111111111,,,,,"{""catalogue"": ""ATNF""}"
J1809-1917,pulsar,272.42973333333333,-19.293916666666668,,,,,"{""catalogue"": ""ATNF""}"
J1809-1943,pulsar,272.4628623333333,-19.731092083333333,,,,,"{""catalogue"": ""ATNF""}"
J1809-2004,pulsar,272.316125,-20.07,,,,,"{""catalogue"": ""ATNF""}"
J1809-2109,pulsar,272.3097041666666,-21.150805555555554,,,,,"{""catalogue"": ""ATNF""}"
J1809-2332,pulsar,272.459375,-23.539633333333335,,,,,"{""catalogue"": ""ATNF""}"
J1809-3547,pulsar,272.3624166666666,-35.788333333333334,,,,,"{""catalogue"": ""ATNF""}"
J1810+0705,pulsar,272.6959916666667,7.093416666666666,,,,,"{""catalogue"": ""ATNF""}"
J1810-1441,pulsar,272.7465083333334,-14.692666666666668,,,,,"{""catalogue"": ""ATNF""}"
J1810-1709,pulsar,272.6175416666667,-17.1575,,,,,"{""catalogue"": ""ATNF""}"
J1810+1744,pulsar,272.6553333333334,17.743716666666668,,,,,"{""catalogue"": ""ATNF""}"
J1810-1820,pulsar,272.7313333333334,-18.344166666666666,,,,,"{""catalogue"": ""ATNF""}"
J1810-2005,pulsar,272.74579958333334,-20.085630555555554,,,,,"{""catalogue"": ""ATNF""}"
J1810-5338,pulsar,272.6853041666667,-53.63545305555556,,,,,"{""catalogue"": ""ATNF""}"
J1811-0154,pulsar,272.8328333333333,-1.9085833333333333,,,,,"{""catalogue"": ""ATNF""}"
J1811-0624,pulsar,272.82535874999996,-6.410394444444445,,,,,"{""catalogue"": ""ATNF""}"
J1811+0702,pulsar,272.83508333333333,7.0415833333333335,,,,,"{""catalogue"": ""ATNF""}"
J1811-1049,pulsar,272.821125,-10.817499999999999,,,,,"{""catalogue"": ""ATNF""}"
J1811-1717,pulsar,272.8605416666666,-17.29638888888889,,,,,"{""catalogue"": ""ATNF""}"
J1811-1736,pulsar,272.97930833333334,-17.610472222222224,,,,,"{""catalogue"": ""ATNF""}"
J1811-1835,pulsar,272.8738333333334,-18.595555555555553,,,,,"{""catalogue"": ""ATNF""}"
J1811-1925,pulsar,272.87166666666667,-19.424444444444447,,,,,"{""catalogue"": ""ATNF""}"
J1811-2405,pulsar,272.83272520833333,-24.088450555555553,,,,,"{""catalogue"": ""ATNF""}"
J1811-2439,pulsar,272.981375,-24.66472222222222,,,,,"{""catalogue"": ""ATNF""}"
J1811-4930,pulsar,272.86329166666667,-49.50577777777778,,,,,"{""catalogue"": ""ATNF""}"
J1812+0226,pulsar,273.2216125,2.4492000000000003,,,,,"{""catalogue"": ""ATNF""}"
J1812-1718,pulsar,273.03003333333334,-17.308194444444446,,,,,"{""catalogue"": ""ATNF""}"
J1812-1733,pulsar,273.0660802083333,-17.560519722222224,,,,,"{""catalogue"": ""ATNF""}"
J1812-1910,pulsar,273.14537499999994,-19.177500000000002,,,,,"{""catalogue"": ""ATNF""}"
J1812-20,pulsar,273.1524166666666,-20.96833333333333,,,,,"{""catalogue"": ""ATNF""}"
J1812-2102,pulsar,273.0872083333333,-21.043333333333337,,,,,"{""catalogue"": ""ATNF""}"
J1812-2526,pulsar,273.13458333333335,-25.44388888888889,,,,,"{""catalogue"": ""ATNF""}"
J1812-2748,pulsar,273.16908333333333,-27.800833333333333,,,,,"{""catalogue"": ""ATNF""}"
J1812-3039,pulsar,273.1870916666667,-30.65583333333333,,,,,"{""catalogue"": ""ATNF""}"
J1813-0402,pulsar,273.39556675,-4.0466173888888886,,,,,"{""catalogue"": ""ATNF""}"
J1813-1246,pulsar,273.34904166666666,-12.766444444444444,,,,,"{""catalogue"": ""ATNF""}"
J1813-1749,pulsar,273.3965833333333,-17.832644444444444,,,,,"{""catalogue"": ""ATNF""}"
J1813+1822,pulsar,273.41149999999993,18.370833333333334,,,,,"{""catalogue"": ""ATNF""}"
J1813-2113,pulsar,273.416125,-21.216777777777775,,,,,"{""catalogue"": ""ATNF""}"
J1813-2242,pulsar,273.37149999999997,-22.701666666666664,,,,,"{""catalogue"": ""ATNF""}"
J1813-2621,pulsar,273.41913187499995,-26.36584861111111,,,,,"{""catalogue"": ""ATNF""}"
J1813+4013,pulsar,273.3053375,40.22750833333333,,,,,"{""catalogue"": ""ATNF""}"
J1814-0521,pulsar,273.608875,-5.360277777777777,,,,,"{""catalogue"": ""ATNF""}"
J1814-0618,pulsar,273.6719166666667,-6.300472222222222,,,,,"{""catalogue"": ""ATNF""}"
J1814+1130,pulsar,273.6780916666667,11.512208333333334,,,,,"{""catalogue"": ""ATNF""}"
J1814-1649,pulsar,273.655625,-16.824444444444445,,,,,"{""catalogue"": ""ATNF""}"
J1814-1744,pulsar,273.67958333333337,-17.746666666666666,,,,,"{""catalogue"": ""ATNF""}"
J1814+31,pulsar,273.62916666666666,31.50027777777778,,,,,"{""catalogue"": ""ATNF""}"
J1815-1738,pulsar,273.811125,-17.635230555555555,,,,,"{""catalogue"": ""ATNF""}"
J1815-1910,pulsar,273.76283333333333,-19.166777777777778,,,,,"{""catalogue"": ""ATNF""}"
J1815+5546,pulsar,273.77391666666665,55.77313888888889,,,,,"{""catalogue"": ""ATNF""}"
J1816-0755,pulsar,274.1022625,-7.922916666666667,,,,,"{""catalogue"": ""ATNF""}"
J1816-1446,pulsar,274.121625,-14.775,,,,,"{""catalogue"": ""ATNF""}"
J1816-1729,pulsar,274.07775833333335,-17.484083333333334,,,,,"{""catalogue"": ""ATNF""}"
J1816-2650,pulsar,274.1474958333333,-26.83138888888889,,,,,"{""catalogue"": ""ATNF""}"
J1816+4510,pulsar,274.1497265,45.17607272222222,,,,,"{""catalogue"": ""ATNF""}"
J1816-5643,pulsar,274.1519333333333,-56.72836111111111,,,,,"{""catalogue"": ""ATNF""}"
J1817-0743,pulsar,274.4574583333333,-7.721916666666667,,,,,"{""catalogue"": ""ATNF""}"
J1817-1511,pulsar,274.40083333333337,-15.194166666666668,,,,,"{""catalogue"": ""ATNF""}"
J1817-1742,pulsar,274.28764166666673,-17.700305555555556,,,,,"{""catalogue"": ""ATNF""}"
J1817-1938,pulsar,274.2784166666667,-19.643333333333334,,,,,"{""catalogue"": ""ATNF""}"
J1817-3618,pulsar,274.2744041666667,-36.30127777777778,,,,,"{""catalogue"": ""ATNF""}"
J1817-3837,pulsar,274.251125,-38.633250000000004,,,,,"{""catalogue"": ""ATNF""}"
J1818-0151,pulsar,274.607375,-1.865,,,,,"{""catalogue"": ""ATNF""}"
J1818-1116,pulsar,274.61020833333333,-11.274722222222223,,,,,"{""catalogue"": ""ATNF""}"
J1818-1422,pulsar,274.59902500000004,-14.37686388888889,,,,,"{""catalogue"": ""ATNF""}"
J1818-1448,pulsar,274.6162916666667,-14.810555555555556,,,,,"{""catalogue"": ""ATNF""}"
J1818-1519,pulsar,274.56083333333333,-15.32861111111111,,,,,"{""catalogue"": ""ATNF""}"
J1818-1541,pulsar,274.65633333333335,-15.695833333333333,,,,,"{""catalogue"": ""ATNF""}"
J1818-1556,pulsar,274.7164583333334,-15.934444444444445,,,,,"{""catalogue"": ""ATNF""}"
J1818-1607,pulsar,274.50080583333335,-16.13139025,,,,,"{""catalogue"": ""ATNF""}"
J1819-0925,pulsar,274.9605916666667,-9.430527777777778,,,,,"{""catalogue"": ""ATNF""}"
J1819-1008,pulsar,274.91660833333333,-10.14111111111111,,,,,"{""catalogue"": ""ATNF""}"
J1819-1114,pulsar,274.86991666666665,-11.245277777777776,,,,,"{""catalogue"": ""ATNF""}"
J1819-1131,pulsar,274.99229166666663,-11.524722222222223,,,,,"{""catalogue"": ""ATNF""}"
J1819+1305,pulsar,274.98427499999997,13.087569444444446,,,,,"{""catalogue"": ""ATNF""}"
J1819-1318,pulsar,274.93191666666667,-13.311666666666667,,,,,"{""catalogue"": ""ATNF""}"
J1819-1408,pulsar,274.9866666666667,-14.133777777777777,,,,,"{""catalogue"": ""ATNF""}"
J1819-1458,pulsar,274.8923875,-14.967658333333333,,,,,"{""catalogue"": ""ATNF""}"
J1819-1510,pulsar,274.97371250000003,-15.172388888888888,,,,,"{""catalogue"": ""ATNF""}"
J1819-1717,pulsar,274.93083333333334,-17.28777777777778,,,,,"{""catalogue"": ""ATNF""}"
J1820-0427,pulsar,275.21913916666665,-4.460475555555556,,,,,"{""catalogue"": ""ATNF""}"
J1820-0509,pulsar,275.0947,-5.160694444444445,,,,,"{""catalogue"": ""ATNF""}"
J1820-1346,pulsar,275.0823291666667,-13.770916666666668,,,,,"{""catalogue"": ""ATNF""}"
J1820-1529,pulsar,275.172125,-15.495072222222221,,,,,"{""catalogue"": ""ATNF""}"
J1820-1818,pulsar,275.16286249999996,-18.300916666666666,,,,,"{""catalogue"": ""ATNF""}"
J1821+0155,pulsar,275.41201533333333,1.9227758333333331,,,,,"{""catalogue"": ""ATNF""}"
J1821-0256,pulsar,275.29295833333333,-2.944055555555556,,,,,"{""catalogue"": ""ATNF""}"
J1821-0331,pulsar,275.43625000000003,-3.5201944444444444,,,,,"{""catalogue"": ""ATNF""}"
J1821-1419,pulsar,275.3929166666667,-14.323888888888888,,,,,"{""catalogue"": ""ATNF""}"
J1821-1432,pulsar,275.41573750000003,-14.548111111111112,,,,,"{""catalogue"": ""ATNF""}"
J1821+1715,pulsar,275.30626250000006,17.263072222222224,,,,,"{""catalogue"": ""ATNF""}"
J1821+4147,pulsar,275.46810416666665,41.78404166666667,,,,,"{""catalogue"": ""ATNF""}"
J1822+0705,pulsar,275.57683333333335,7.088611111111111,,,,,"{""catalogue"": ""ATNF""}"
J1822-0719,pulsar,275.6169708333333,-7.331944444444444,,,,,"{""catalogue"": ""ATNF""}"
J1822-0848,pulsar,275.71608333333336,-8.81638888888889,,,,,"{""catalogue"": ""ATNF""}"
J1822-0902,pulsar,275.6489375,-9.04975,,,,,"{""catalogue"": ""ATNF""}"
J1822-0907,pulsar,275.6658333333333,-9.126666666666667,,,,,"{""catalogue"": ""ATNF""}"
J1822+1120,pulsar,275.56083333333333,11.348944444444445,,,,,"{""catalogue"": ""ATNF""}"
J1822-1252,pulsar,275.67375000000004,-12.880277777777778,,,,,"{""catalogue"": ""ATNF""}"
J1822-1400,pulsar,275.725175,-14.000666666666667,,,,,"{""catalogue"": ""ATNF""}"
J1822-1604,pulsar,275.575,-16.07411111111111,,,,,"{""catalogue"": ""ATNF""}"
J1822-1617,pulsar,275.65250000000003,-16.293055555555558,,,,,"{""catalogue"": ""ATNF""}"
J1822-2256,pulsar,275.745625,-22.941944444444445,,,,,"{""catalogue"": ""ATNF""}"
J1822+2617,pulsar,275.68674583333336,26.290786111111114,,,,,"{""catalogue"": ""ATNF""}"
J1822-4209,pulsar,275.5473166666667,-42.15305,,,,,"{""catalogue"": ""ATNF""}"
J1823-0154,pulsar,275.967275,-1.9012777777777776,,,,,"{""catalogue"": ""ATNF""}"
J1823+0550,pulsar,275.87905458333336,5.840086111111111,,,,,"{""catalogue"": ""ATNF""}"
J1823-1115,pulsar,275.91791666666666,-11.253055555555555,,,,,"{""catalogue"": ""ATNF""}"
J1823-1126,pulsar,275.83275,-11.434444444444445,,,,,"{""catalogue"": ""ATNF""}"
J1823-1347,pulsar,275.8510416666666,-13.798333333333334,,,,,"{""catalogue"": ""ATNF""}"
J1823-1526,pulsar,275.83925,-15.439444444444444,,,,,"{""catalogue"": ""ATNF""}"
J1823-1807,pulsar,275.79033333333336,-18.125833333333333,,,,,"{""catalogue"": ""ATNF""}"
J1823-3021A,pulsar,275.918695875,-30.36114638888889,,,,,"{""catalogue"": ""ATNF""}"
J1823-3021B,pulsar,275.92310625,-30.361372222222222,,,,,"{""catalogue"": ""ATNF""}"
J1823-3021C,pulsar,275.921465,-30.360680555555557,,,,,"{""catalogue"": ""ATNF""}"
J1823-3021D,pulsar,275.91888,-30.36212777777778,,,,,"{""catalogue"": ""ATNF""}"
J1823-3021E,pulsar,275.91220833333335,-30.37286111111111,,,,,"{""catalogue"": ""ATNF""}"
J1823-3021F,pulsar,275.9194583333333,-30.361083333333333,,,,,"{""catalogue"": ""ATNF""}"
J1823-3021G,pulsar,275.9196720833333,-30.359897222222223,,,,,"{""catalogue"": ""ATNF""}"
J1823-3021H,pulsar,275.91866666666664,-30.361083333333333,,,,,"{""catalogue"": ""ATNF""}"
J1823-3106,pulsar,275.94495125,-31.113819444444445,,,,,"{""catalogue"": ""ATNF""}"
J1823-3543,pulsar,275.92941666666667,-35.72788888888889,,,,,"{""catalogue"": ""ATNF""}"
J1824-0127,pulsar,276.22262499999994,-1.4642777777777778,,,,,"{""catalogue"": ""ATNF""}"
J1824-0132,pulsar,276.2315625,-1.5399999999999998,,,,,"{""catalogue"": ""ATNF""}"
J1824-0621,pulsar,276.06591475,-6.3657755,,,,,"{""catalogue"": ""ATNF""}"
J1824+1014,pulsar,276.06221666666664,10.245505555555555,,,,,"{""catalogue"": ""ATNF""}"
J1824-1118,pulsar,276.123075,-11.311833333333334,,,,,"{""catalogue"": ""ATNF""}"
J1824-1159,pulsar,276.23396249999996,-11.998166666666666,,,,,"{""catalogue"": ""ATNF""}"
J1824-1350,pulsar,276.2090875,-13.839166666666667,,,,,"{""catalogue"": ""ATNF""}"
J1824-1423,pulsar,276.2391125,-14.384805555555555,,,,,"{""catalogue"": ""ATNF""}"
J1824-1500,pulsar,276.05875,-15.009166666666667,,,,,"{""catalogue"": ""ATNF""}"
J1824-1945,pulsar,276.0023333333333,-19.767599999999998,,,,,"{""catalogue"": ""ATNF""}"
J1824-2233,pulsar,276.04299999999995,-22.553055555555556,,,,,"{""catalogue"": ""ATNF""}"
J1824-2328,pulsar,276.1193333333333,-23.47138888888889,,,,,"{""catalogue"": ""ATNF""}"
J1824-2452A,pulsar,276.1333662666666,-24.869688333333333,,,,,"{""catalogue"": ""ATNF""}"
J1824-2452B,pulsar,276.13670833333333,-24.869777777777777,,,,,"{""catalogue"": ""ATNF""}"
J1824-2452C,pulsar,276.13670833333333,-24.869777777777777,,,,,"{""catalogue"": ""ATNF""}"
J1824-2452D,pulsar,276.13670833333333,-24.869777777777777,,,,,"{""catalogue"": ""ATNF""}"
J1824-2452E,pulsar,276.13670833333333,-24.869777777777777,,,,,"{""catalogue"": ""ATNF""}"
J1824-2452F,pulsar,276.13670833333333,-24.869777777777777,,,,,"{""catalogue"": ""ATNF""}"
J1824-2452G,pulsar,276.13670833333333,-24.869777777777777,,,,,"{""catalogue"": ""ATNF""}"
J1824-2452H,pulsar,276.13670833333333,-24.869777777777777,,,,,"{""catalogue"": ""ATNF""}"
J1824-2452I,pulsar,276.13554166666665,-24.869055555555555,,,,,"{""catalogue"": ""ATNF""}"
J1824-2452J,pulsar,276.13670833333333,-24.869777777777777,,,,,"{""catalogue"": ""ATNF""}"
J1824-2452K,pulsar,276.13670833333333,-24.869777777777777,,,,,"{""catalogue"": ""ATNF""}"
J1824-2452L,pulsar,276.13670833333333,-24.869777777777777,,,,,"{""catalogue"": ""ATNF""}"
J1824-2452M,pulsar,276.1382645833333,-24.868944444444445,,,,,"{""catalogue"": ""ATNF""}"
J1824-2452N,pulsar,276.1380908333333,-24.869969444444443,,,,,"{""catalogue"": ""ATNF""}"
J1824-2537,pulsar,276.12744583333335,-25.621944444444445,,,,,"{""catalogue"": ""ATNF""}"
J1825+0004,pulsar,276.31385,0.07213888888888889,,,,,"{""catalogue"": ""ATNF""}"
J1825-0319,pulsar,276.4831379166667,-3.3326583333333333,,,,,"{""catalogue"": ""ATNF""}"
J1825-0935,pulsar,276.377475,-9.589222222222222,,,,,"{""catalogue"": ""ATNF""}"
J1825-1108,pulsar,276.3262500000001,-11.148333333333333,,,,,"{""catalogue"": ""ATNF""}"
J1825-1446,pulsar,276.26233333333334,-14.78160277777778,,,,,"{""catalogue"": ""ATNF""}"
J1825-31,pulsar,276.4916666666667,-31.03888888888889,,,,,"{""catalogue"": ""ATNF""}"
J1826-1131,pulsar,276.5228,-11.528777777777778,,,,,"{""catalogue"": ""ATNF""}"
J1826-1256,pulsar,276.53554166666663,-12.9425,,,,,"{""catalogue"": ""ATNF""}"
J1826-1334,pulsar,276.5548958333333,-13.579666666666666,,,,,"{""catalogue"": ""ATNF""}"
J1826-1419,pulsar,276.6766291666667,-14.322666666666667,,,,,"{""catalogue"": ""ATNF""}"
J1826-1526,pulsar,276.5525,-15.434166666666666,,,,,"{""catalogue"": ""ATNF""}"
J1826-2415,pulsar,276.6501083333333,-24.265138888888888,,,,,"{""catalogue"": ""ATNF""}"
J1827-0750,pulsar,276.7613958333333,-7.838666666666667,,,,,"{""catalogue"": ""ATNF""}"
J1827-0849,pulsar,276.90166666666664,-8.828333333333333,,,,,"{""catalogue"": ""ATNF""}"
J1827-0934,pulsar,276.9411833333333,-9.571222222222222,,,,,"{""catalogue"": ""ATNF""}"
J1827-0958,pulsar,276.77282916666667,-9.97863888888889,,,,,"{""catalogue"": ""ATNF""}"
J1827-1446,pulsar,276.85249999999996,-14.774444444444445,,,,,"{""catalogue"": ""ATNF""}"
J1828-0611,pulsar,277.08631249999996,-6.197638888888889,,,,,"{""catalogue"": ""ATNF""}"
J1828+0625,pulsar,277.1206445833333,6.4193838888888894,,,,,"{""catalogue"": ""ATNF""}"
J1828-1007,pulsar,277.1264833333333,-10.119472222222223,,,,,"{""catalogue"": ""ATNF""}"
J1828-1057,pulsar,277.13849999999996,-10.957472222222222,,,,,"{""catalogue"": ""ATNF""}"
J1828-1101,pulsar,277.0783333333333,-11.030786111111112,,,,,"{""catalogue"": ""ATNF""}"
J1828+1221,pulsar,277.0923375,12.355805555555555,,,,,"{""catalogue"": ""ATNF""}"
J1828-1336,pulsar,277.17854166666666,-13.612499999999999,,,,,"{""catalogue"": ""ATNF""}"
J1828+1359,pulsar,277.2222416666666,13.993155555555555,,,,,"{""catalogue"": ""ATNF""}"
J1828-2119,pulsar,277.08983333333333,-21.33222222222222,,,,,"{""catalogue"": ""ATNF""}"
J1829+0000,pulsar,277.44641666666666,0.002361111111111111,,,,,"{""catalogue"": ""ATNF""}"
J1829-0734,pulsar,277.272375,-7.572777777777778,,,,,"{""catalogue"": ""ATNF""}"
J1829-1011,pulsar,277.27525,-10.190277777777778,,,,,"{""catalogue"": ""ATNF""}"
J1829-1751,pulsar,277.4297375,-17.851083333333335,,,,,"{""catalogue"": ""ATNF""}"
J1829+2456,pulsar,277.394445,24.938386944444446,,,,,"{""catalogue"": ""ATNF""}"
J1830-0052,pulsar,277.6279166666667,-0.8816666666666667,,,,,"{""catalogue"": ""ATNF""}"
J1830-0131,pulsar,277.5817166666667,-1.5300277777777778,,,,,"{""catalogue"": ""ATNF""}"
J1830-1059,pulsar,277.6979583333333,-10.990699999999999,,,,,"{""catalogue"": ""ATNF""}"
J1830-1135,pulsar,277.50716666666665,-11.592222222222222,,,,,"{""catalogue"": ""ATNF""}"
J1830-1313,pulsar,277.67491666666666,-13.221166666666667,,,,,"{""catalogue"": ""ATNF""}"
J1830-1414,pulsar,277.50145833333335,-14.243611111111111,,,,,"{""catalogue"": ""ATNF""}"
J1831-0823,pulsar,277.90139166666665,-8.389972222222221,,,,,"{""catalogue"": ""ATNF""}"
J1831-0952,pulsar,277.8929333333333,-9.86713888888889,,,,,"{""catalogue"": ""ATNF""}"
J1831-1223,pulsar,277.8034583333333,-12.391944444444444,,,,,"{""catalogue"": ""ATNF""}"
J1831-1329,pulsar,277.98316666666665,-13.498888888888889,,,,,"{""catalogue"": ""ATNF""}"
J1831-1423,pulsar,277.87125,-14.39611111111111,,,,,"{""catalogue"": ""ATNF""}"
J1832+0029,pulsar,278.21125,0.49083333333333334,,,,,"{""catalogue"": ""ATNF""}"
J1832-0644,pulsar,278.17779166666674,-6.733833333333333,,,,,"{""catalogue"": ""ATNF""}"
J1832-0827,pulsar,278.15422083333334,-8.451027777777776,,,,,"{""catalogue"": ""ATNF""}"
J1832-0836,pulsar,278.1149687,-8.615287102777778,,,,,"{""catalogue"": ""ATNF""}"
J1832-1021,pulsar,278.170275,-10.359105555555555,,,,,"{""catalogue"": ""ATNF""}"
J1833-0209,pulsar,278.27254583333337,-2.1545555555555556,,,,,"{""catalogue"": ""ATNF""}"
J1833-0338,pulsar,278.4245604166666,-3.6511827777777777,,,,,"{""catalogue"": ""ATNF""}"
J1833-0556,pulsar,278.41200000000003,-5.934722222222223,,,,,"{""catalogue"": ""ATNF""}"
J1833-0559,pulsar,278.2816666666667,-5.990277777777778,,,,,"{""catalogue"": ""ATNF""}"
J1833-0827,pulsar,278.4177833333334,-8.458777777777778,,,,,"{""catalogue"": ""ATNF""}"
J1833-0831,pulsar,278.43487500000003,-8.518805555555556,,,,,"{""catalogue"": ""ATNF""}"
J1833-1034,pulsar,278.389875,-10.56875,,,,,"{""catalogue"": ""ATNF""}"
J1833-1055,pulsar,278.49333333333334,-10.925277777777778,,,,,"{""catalogue"": ""ATNF""}"
J1833-3840,pulsar,278.26916666666665,-38.67944444444444,,,,,"{""catalogue"": ""ATNF""}"
J1833-6023,pulsar,278.31166666666667,-60.38444444444444,,,,,"{""catalogue"": ""ATNF""}"
J1834-0010,pulsar,278.571875,-0.1814722222222222,,,,,"{""catalogue"": ""ATNF""}"
J1834-0031,pulsar,278.7128875,-0.5261944444444445,,,,,"{""catalogue"": ""ATNF""}"
J1834-0426,pulsar,278.606675,-4.437733333333334,,,,,"{""catalogue"": ""ATNF""}"
J1834-0602,pulsar,278.65820833333333,-6.043055555555555,,,,,"{""catalogue"": ""ATNF""}"
J1834-0633,pulsar,278.621875,-6.550305555555555,,,,,"{""catalogue"": ""ATNF""}"
J1834-0731,pulsar,278.5665416666667,-7.518313888888889,,,,,"{""catalogue"": ""ATNF""}"
J1834-0742,pulsar,278.6305,-7.705722222222223,,,,,"{""catalogue"": ""ATNF""}"
J1834-0812,pulsar,278.62416666666667,-8.2,,,,,"{""catalogue"": ""ATNF""}"
J1834-0845,pulsar,278.7171583333333,-8.765561111111111,,,,,"{""catalogue"": ""ATNF""}"
J1834-1202,pulsar,278.59633333333335,-12.040666666666667,,,,,"{""catalogue"": ""ATNF""}"
J1834-1710,pulsar,278.7225041666667,-17.180555555555557,,,,,"{""catalogue"": ""ATNF""}"
J1834-1855,pulsar,278.69141666666667,-18.93305555555556,,,,,"{""catalogue"": ""ATNF""}"
J1835-0114,pulsar,278.8413245833333,-1.2426694444444446,,,,,"{""catalogue"": ""ATNF""}"
J1835-0349,pulsar,278.8039416666667,-3.8194166666666662,,,,,"{""catalogue"": ""ATNF""}"
J1835-0522,pulsar,278.78383333333335,-5.368888888888889,,,,,"{""catalogue"": ""ATNF""}"
J1835-0600,pulsar,278.83437499999997,-6.0,,,,,"{""catalogue"": ""ATNF""}"
J1835-0643,pulsar,278.77317083333327,-6.718444444444445,,,,,"{""catalogue"": ""ATNF""}"
J1835-0847,pulsar,278.9405,-8.78888888888889,,,,,"{""catalogue"": ""ATNF""}"
J1835-0924,pulsar,278.90841666666665,-9.4075,,,,,"{""catalogue"": ""ATNF""}"
J1835-09242,pulsar,278.84092499999997,-9.404416666666666,,,,,"{""catalogue"": ""ATNF""}"
J1835-0928,pulsar,278.8425833333333,-9.467222222222222,,,,,"{""catalogue"": ""ATNF""}"
J1835-0944,pulsar,278.9443875,-9.740888888888888,,,,,"{""catalogue"": ""ATNF""}"
J1835-0946,pulsar,278.93691666666666,-9.777222222222223,,,,,"{""catalogue"": ""ATNF""}"
J1835-1020,pulsar,278.98990999999995,-10.334583333333335,,,,,"{""catalogue"": ""ATNF""}"
J1835-1106,pulsar,278.82670833333333,-11.104472222222222,,,,,"{""catalogue"": ""ATNF""}"
J1835-1548,pulsar,278.9597083333333,-15.810555555555556,,,,,"{""catalogue"": ""ATNF""}"
J1835-3259A,pulsar,278.9333333333333,-32.99027777777778,,,,,"{""catalogue"": ""ATNF""}"
J1835-3259B,pulsar,278.93946,-32.990411111111115,,,,,"{""catalogue"": ""ATNF""}"
J1836-0436,pulsar,279.21579333333335,-4.6104666666666665,,,,,"{""catalogue"": ""ATNF""}"
J1836-0517,pulsar,279.105,-5.293055555555555,,,,,"{""catalogue"": ""ATNF""}"
J1836-1008,pulsar,279.2246875,-10.135638888888888,,,,,"{""catalogue"": ""ATNF""}"
J1836-1324,pulsar,279.2178625,-13.409333333333334,,,,,"{""catalogue"": ""ATNF""}"
J1836-2354A,pulsar,279.10602166666666,-23.914552777777775,,,,,"{""catalogue"": ""ATNF""}"
J1836-2354B,pulsar,279.1014625,-23.90797222222222,,,,,"{""catalogue"": ""ATNF""}"
J1836+5925,pulsar,279.056975,59.425041666666665,,,,,"{""catalogue"": ""ATNF""}"
J1837-0045,pulsar,279.38397499999996,-0.7529444444444444,,,,,"{""catalogue"": ""ATNF""}"
J1837+0053,pulsar,279.36854166666666,0.8869444444444444,,,,,"{""catalogue"": ""ATNF""}"
J1837-0559,pulsar,279.34855,-5.9912777777777775,,,,,"{""catalogue"": ""ATNF""}"
J1837-0604,pulsar,279.43145833333335,-6.080277777777778,,,,,"{""catalogue"": ""ATNF""}"
J1837-0653,pulsar,279.31104166666665,-6.883916666666666,,,,,"{""catalogue"": ""ATNF""}"
J1837-0822,pulsar,279.415225,-8.370111111111111,,,,,"{""catalogue"": ""ATNF""}"
J1837+1221,pulsar,279.2796666666667,12.365,,,,,"{""catalogue"": ""ATNF""}"
J1837-1243,pulsar,279.2892083333333,-12.732222222222223,,,,,"{""catalogue"": ""ATNF""}"
J1837-1837,pulsar,279.4760416666667,-18.61888888888889,,,,,"{""catalogue"": ""ATNF""}"
J1838-0107,pulsar,279.66426249999995,-1.1301777777777777,,,,,"{""catalogue"": ""ATNF""}"
J1838-0453,pulsar,279.54749999999996,-4.890366666666666,,,,,"{""catalogue"": ""ATNF""}"
J1838-0537,pulsar,279.73341666666664,-5.6191666666666675,,,,,"{""catalogue"": ""ATNF""}"
J1838-0549,pulsar,279.6586041666667,-5.820027777777778,,,,,"{""catalogue"": ""ATNF""}"
J1838-0624,pulsar,279.71575,-6.415,,,,,"{""catalogue"": ""ATNF""}"
J1838-0655,pulsar,279.51304166666665,-6.925944444444445,,,,,"{""catalogue"": ""ATNF""}"
J1838-1046,pulsar,279.6103333333333,-10.7825,,,,,"{""catalogue"": ""ATNF""}"
J1838+1523,pulsar,279.69491666666664,15.390388888888888,,,,,"{""catalogue"": ""ATNF""}"
J1838+1650,pulsar,279.67942500000004,16.837791666666664,,,,,"{""catalogue"": ""ATNF""}"
J1838-1849,pulsar,279.6407916666667,-18.833055555555557,,,,,"{""catalogue"": ""ATNF""}"
J1839-0141,pulsar,279.7791033333333,-1.698888888888889,,,,,"{""catalogue"": ""ATNF""}"
J1839-0223,pulsar,279.9918,-2.385972222222222,,,,,"{""catalogue"": ""ATNF""}"
J1839-0321,pulsar,279.9063333333333,-3.353,,,,,"{""catalogue"": ""ATNF""}"
J1839-0332,pulsar,279.98576249999996,-3.549611111111111,,,,,"{""catalogue"": ""ATNF""}"
J1839-0402,pulsar,279.96274999999997,-4.0402499999999995,,,,,"{""catalogue"": ""ATNF""}"
J1839-0436,pulsar,279.7502666666667,-4.615972222222222,,,,,"{""catalogue"": ""ATNF""}"
J1839-0459,pulsar,279.92757916666665,-4.999666666666667,,,,,"{""catalogue"": ""ATNF""}"
J1839-0627,pulsar,279.83525,-6.459444444444444,,,,,"{""catalogue"": ""ATNF""}"
J1839-0643,pulsar,279.7908458333333,-6.729222222222222,,,,,"{""catalogue"": ""ATNF""}"
J1839-1238,pulsar,279.9321166666666,-12.644638888888888,,,,,"{""catalogue"": ""ATNF""}"
J1840+0214,pulsar,280.14202916666665,2.248527777777778,,,,,"{""catalogue"": ""ATNF""}"
J1840-0445,pulsar,280.18958333333336,-4.752222222222223,,,,,"{""catalogue"": ""ATNF""}"
J1840-0559,pulsar,280.0965833333334,-5.987833333333334,,,,,"{""catalogue"": ""ATNF""}"
J1840-0626,pulsar,280.0679583333333,-6.437611111111111,,,,,"{""catalogue"": ""ATNF""}"
J1840-0643,pulsar,280.03725083333336,-6.726683333333334,,,,,"{""catalogue"": ""ATNF""}"
J1840-0753,pulsar,280.1983333333333,-7.892222222222221,,,,,"{""catalogue"": ""ATNF""}"
J1840-0809,pulsar,280.13902083333335,-8.151005555555557,,,,,"{""catalogue"": ""ATNF""}"
J1840-0815,pulsar,280.0573166666667,-8.252466666666667,,,,,"{""catalogue"": ""ATNF""}"
J1840-0840,pulsar,280.21625,-8.674722222222222,,,,,"{""catalogue"": ""ATNF""}"
J1840-1122,pulsar,280.100275,-11.36963888888889,,,,,"{""catalogue"": ""ATNF""}"
J1840-1207,pulsar,280.22409166666665,-12.125722222222223,,,,,"{""catalogue"": ""ATNF""}"
J1840-1419,pulsar,280.1376666666667,-14.318472222222223,,,,,"{""catalogue"": ""ATNF""}"
J1840+5640,pulsar,280.18557166666665,56.68190333333333,,,,,"{""catalogue"": ""ATNF""}"
J1841+0130,pulsar,280.32400416666667,1.5046944444444443,,,,,"{""catalogue"": ""ATNF""}"
J1841-0157,pulsar,280.48419583333333,-1.9651666666666667,,,,,"{""catalogue"": ""ATNF""}"
J1841-0310,pulsar,280.35787500000004,-3.1725,,,,,"{""catalogue"": ""ATNF""}"
J1841-0345,pulsar,280.41116666666665,-3.811833333333333,,,,,"{""catalogue"": ""ATNF""}"
J1841-0425,pulsar,280.2735958333334,-4.422083333333334,,,,,"{""catalogue"": ""ATNF""}"
J1841-0456,pulsar,280.33059583333335,-4.9364333333333335,,,,,"{""catalogue"": ""ATNF""}"
J1841-0500,pulsar,280.3255833333334,-5.005416666666667,,,,,"{""catalogue"": ""ATNF""}"
J1841-0524,pulsar,280.45550000000003,-5.408194444444445,,,,,"{""catalogue"": ""ATNF""}"
J1841+0912,pulsar,280.48316250000005,9.202041666666666,,,,,"{""catalogue"": ""ATNF""}"
J1841-1404,pulsar,280.3929166666667,-14.071944444444444,,,,,"{""catalogue"": ""ATNF""}"
J1841-7845,pulsar,280.35791666666665,-78.75416666666666,,,,,"{""catalogue"": ""ATNF""}"
J1842-0153,pulsar,280.741125,-1.89075,,,,,"{""catalogue"": ""ATNF""}"
J1842+0257,pulsar,280.628875,2.9663333333333335,,,,,"{""catalogue"": ""ATNF""}"
J1842-0309,pulsar,280.57925,-3.162777777777778,,,,,"{""catalogue"": ""ATNF""}"
J1842+0358,pulsar,280.570925,3.976472222222222,,,,,"{""catalogue"": ""ATNF""}"
J1842-0359,pulsar,280.610375,-4.000422222222222,,,,,"{""catalogue"": ""ATNF""}"
J1842-0415,pulsar,280.5470375,-4.260611111111111,,,,,"{""catalogue"": ""ATNF""}"
J1842-0612,pulsar,280.679375,-6.21,,,,,"{""catalogue"": ""ATNF""}"
J1842+0638,pulsar,280.54167499999994,6.637499999999999,,,,,"{""catalogue"": ""ATNF""}"
J1842-0800,pulsar,280.72892916666666,-8.014861111111111,,,,,"{""catalogue"": ""ATNF""}"
J1842-0905,pulsar,280.59229166666665,-9.091666666666667,,,,,"{""catalogue"": ""ATNF""}"
J1842+1332,pulsar,280.6248333333333,13.53375,,,,,"{""catalogue"": ""ATNF""}"
J1842-27,pulsar,280.5083333333333,-27.971944444444443,,,,,"{""catalogue"": ""ATNF""}"
J1843-0000,pulsar,280.8665208333333,-0.011527777777777777,,,,,"{""catalogue"": ""ATNF""}"
J1843-0050,pulsar,280.903,-0.8361111111111111,,,,,"{""catalogue"": ""ATNF""}"
J1843+0119,pulsar,280.8495833333333,1.3241944444444445,,,,,"{""catalogue"": ""ATNF""}"
J1843-0137,pulsar,280.802625,-1.629527777777778,,,,,"{""catalogue"": ""ATNF""}"
J1843-0211,pulsar,280.8763666666666,-2.184111111111111,,,,,"{""catalogue"": ""ATNF""}"
J1843-0355,pulsar,280.77776249999994,-3.9323888888888887,,,,,"{""catalogue"": ""ATNF""}"
J1843-0408,pulsar,280.931,-4.134444444444445,,,,,"{""catalogue"": ""ATNF""}"
J1843-0459,pulsar,280.8651791666666,-4.991777777777778,,,,,"{""catalogue"": ""ATNF""}"
J1843-0510,pulsar,280.79054999999994,-5.167916666666667,,,,,"{""catalogue"": ""ATNF""}"
J1843-0702,pulsar,280.8434958333333,-7.0485,,,,,"{""catalogue"": ""ATNF""}"
J1843-0744,pulsar,280.7728625,-7.741694444444445,,,,,"{""catalogue"": ""ATNF""}"
J1843-0757,pulsar,280.88775,-7.9591666666666665,,,,,"{""catalogue"": ""ATNF""}"
J1843-0806,pulsar,280.8696458333333,-8.112472222222221,,,,,"{""catalogue"": ""ATNF""}"
J1843-1113,pulsar,280.9219246541666,-11.225296833333333,,,,,"{""catalogue"": ""ATNF""}"
J1843-1448,pulsar,280.75572916666664,-14.803502777777778,,,,,"{""catalogue"": ""ATNF""}"
J1843-1507,pulsar,280.8900291666667,-15.1175,,,,,"{""catalogue"": ""ATNF""}"
J1843+2024,pulsar,280.85908333333333,20.415166666666664,,,,,"{""catalogue"": ""ATNF""}"
J1843-40,pulsar,280.7625,-40.564166666666665,,,,,"{""catalogue"": ""ATNF""}"
J1844+0028g,pulsar,281.15000000000003,0.48,,,,,"{""catalogue"": ""ATNF""}"
J1844-0030,pulsar,281.1712458333334,-0.5071666666666667,,,,,"{""catalogue"": ""ATNF""}"
J1844+0115,pulsar,281.1689475,1.259715,,,,,"{""catalogue"": ""ATNF""}"
J1844-0244,pulsar,281.18739583333337,-2.7446944444444443,,,,,"{""catalogue"": ""ATNF""}"
J1844-03,pulsar,281.2375,-3.0,,,,,"{""catalogue"": ""ATNF""}"
J1844-0302,pulsar,281.02882500000004,-3.0364444444444443,,,,,"{""catalogue"": ""ATNF""}"
J1844-0310,pulsar,281.1895,-3.176972222222222,,,,,"{""catalogue"": ""ATNF""}"
J1844-0346,pulsar,281.1370416666667,-3.775166666666667,,,,,"{""catalogue"": ""ATNF""}"
J1844-0433,pulsar,281.13938333333334,-4.553444444444445,,,,,"{""catalogue"": ""ATNF""}"
J1844-0452,pulsar,281.00641666666667,-4.872472222222223,,,,,"{""catalogue"": ""ATNF""}"
J1844-0502,pulsar,281.1415,-5.033472222222222,,,,,"{""catalogue"": ""ATNF""}"
J1844-0538,pulsar,281.0213333333333,-5.642805555555555,,,,,"{""catalogue"": ""ATNF""}"
J1844+1454,pulsar,281.2287275,14.903922222222223,,,,,"{""catalogue"": ""ATNF""}"
J1845-0316,pulsar,281.47041666666667,-3.2680555555555557,,,,,"{""catalogue"": ""ATNF""}"
J1845-0434,pulsar,281.3946208333333,-4.574944444444444,,,,,"{""catalogue"": ""ATNF""}"
J1845-0545,pulsar,281.410375,-5.755055555555556,,,,,"{""catalogue"": ""ATNF""}"
J1845+0623,pulsar,281.2857916666667,6.399333333333334,,,,,"{""catalogue"": ""ATNF""}"
J1845-0635,pulsar,281.28085833333336,-6.589833333333333,,,,,"{""catalogue"": ""ATNF""}"
J1845-0743,pulsar,281.48826375,-7.7273805555555555,,,,,"{""catalogue"": ""ATNF""}"
J1845-0826,pulsar,281.2737208333333,-8.444361111111112,,,,,"{""catalogue"": ""ATNF""}"
J1845-1114,pulsar,281.44074166666667,-11.236388888888888,,,,,"{""catalogue"": ""ATNF""}"
J1845-1351,pulsar,281.29791666666665,-13.865138888888888,,,,,"{""catalogue"": ""ATNF""}"
J1846+0051,pulsar,281.68258749999995,0.8608333333333333,,,,,"{""catalogue"": ""ATNF""}"
J1846-0257,pulsar,281.5645416666666,-2.96,,,,,"{""catalogue"": ""ATNF""}"
J1846-0258,pulsar,281.6039166666667,-2.975027777777778,,,,,"{""catalogue"": ""ATNF""}"
J1846-0749,pulsar,281.58226666666667,-7.822611111111111,,,,,"{""catalogue"": ""ATNF""}"
J1846-07492,pulsar,281.53332916666665,-7.820333333333333,,,,,"{""catalogue"": ""ATNF""}"
J1846+0919,pulsar,281.6083333333333,9.329444444444444,,,,,"{""catalogue"": ""ATNF""}"
J1846-7403,pulsar,281.55741666666665,-74.05111111111111,,,,,"{""catalogue"": ""ATNF""}"
J1847-0130,pulsar,281.8967083333333,-1.5127777777777778,,,,,"{""catalogue"": ""ATNF""}"
J1847-0402,pulsar,281.84517500000004,-4.037333333333333,,,,,"{""catalogue"": ""ATNF""}"
J1847-0427,pulsar,281.82858333333337,-4.466388888888889,,,,,"{""catalogue"": ""ATNF""}"
J1847-0438,pulsar,281.90802083333335,-4.637583333333333,,,,,"{""catalogue"": ""ATNF""}"
J1847-0443,pulsar,281.9660416666667,-4.7267222222222225,,,,,"{""catalogue"": ""ATNF""}"
J1847-0605,pulsar,281.83779583333336,-6.08725,,,,,"{""catalogue"": ""ATNF""}"
J1848-0023,pulsar,282.15787500000005,-0.3880555555555556,,,,,"{""catalogue"": ""ATNF""}"
J1848-0055,pulsar,282.18958333333336,-0.9313888888888888,,,,,"{""catalogue"": ""ATNF""}"
J1848-0123,pulsar,282.0982895833333,-1.399536111111111,,,,,"{""catalogue"": ""ATNF""}"
J1848+0150g,pulsar,282.1791666666667,1.84,,,,,"{""catalogue"": ""ATNF""}"
J1848+0351,pulsar,282.176,3.859916666666667,,,,,"{""catalogue"": ""ATNF""}"
J1848-0511,pulsar,282.0625416666667,-5.193888888888889,,,,,"{""catalogue"": ""ATNF""}"
J1848-0601,pulsar,282.0847875,-6.018805555555556,,,,,"{""catalogue"": ""ATNF""}"
J1848+0604,pulsar,282.2275916666667,6.079666666666666,,,,,"{""catalogue"": ""ATNF""}"
J1848+0647,pulsar,282.233375,6.792138888888889,,,,,"{""catalogue"": ""ATNF""}"
J1848+0826,pulsar,282.182375,8.443305555555556,,,,,"{""catalogue"": ""ATNF""}"
J1848-1150,pulsar,282.04920833333335,-11.83588888888889,,,,,"{""catalogue"": ""ATNF""}"
J1848-1243,pulsar,282.07510833333333,-12.725,,,,,"{""catalogue"": ""ATNF""}"
J1848-1414,pulsar,282.163125,-14.238055555555555,,,,,"{""catalogue"": ""ATNF""}"
J1848+1516,pulsar,282.233875,15.278916666666667,,,,,"{""catalogue"": ""ATNF""}"
J1848-1952,pulsar,282.075125,-19.87527777777778,,,,,"{""catalogue"": ""ATNF""}"
J1849-0001,pulsar,282.2568,-0.021513888888888888,,,,,"{""catalogue"": ""ATNF""}"
J1849-0040,pulsar,282.29270833333334,-0.6722222222222222,,,,,"{""catalogue"": ""ATNF""}"
J1849+0106,pulsar,282.48085,1.106277777777778,,,,,"{""catalogue"": ""ATNF""}"
J1849+0127,pulsar,282.4340833333333,1.456388888888889,,,,,"{""catalogue"": ""ATNF""}"
J1849-0317,pulsar,282.49104166666666,-3.2919444444444443,,,,,"{""catalogue"": ""ATNF""}"
J1849+0409,pulsar,282.2644625,4.1617500000000005,,,,,"{""catalogue"": ""ATNF""}"
J1849+0430,pulsar,282.4185,4.510222222222223,,,,,"{""catalogue"": ""ATNF""}"
J1849-0614,pulsar,282.43815416666666,-6.242083333333333,,,,,"{""catalogue"": ""ATNF""}"
J1849-0636,pulsar,282.2768125,-6.6185833333333335,,,,,"{""catalogue"": ""ATNF""}"
J1849+2423,pulsar,282.39448458333334,24.396104444444443,,,,,"{""catalogue"": ""ATNF""}"
J1849+2559,pulsar,282.44814583333334,25.99935,,,,,"{""catalogue"": ""ATNF""}"
J1850-0006,pulsar,282.6997083333333,-0.10725000000000001,,,,,"{""catalogue"": ""ATNF""}"
J1850+0026,pulsar,282.6881,0.44044444444444447,,,,,"{""catalogue"": ""ATNF""}"
J1850-0026,pulsar,282.5613083333333,-0.4365555555555556,,,,,"{""catalogue"": ""ATNF""}"
J1850-0031,pulsar,282.639125,-0.5191666666666667,,,,,"{""catalogue"": ""ATNF""}"
J1850+0124,pulsar,282.5042245833333,1.4096138888888887,,,,,"{""catalogue"": ""ATNF""}"
J1850+0242,pulsar,282.67367916666666,2.715955555555556,,,,,"{""catalogue"": ""ATNF""}"
J1850+0423,pulsar,282.597625,4.385888888888889,,,,,"{""catalogue"": ""ATNF""}"
J1850+1335,pulsar,282.6478041666667,13.59955277777778,,,,,"{""catalogue"": ""ATNF""}"
J1851-0029,pulsar,282.9795541666667,-0.4994722222222222,,,,,"{""catalogue"": ""ATNF""}"
J1851-0053,pulsar,282.76320833333335,-0.885361111111111,,,,,"{""catalogue"": ""ATNF""}"
J1851-0114,pulsar,282.818375,-1.2370555555555556,,,,,"{""catalogue"": ""ATNF""}"
J1851+0118,pulsar,282.9674166666667,1.3163888888888888,,,,,"{""catalogue"": ""ATNF""}"
J1851+0233,pulsar,282.7880416666667,2.5628888888888888,,,,,"{""catalogue"": ""ATNF""}"
J1851+0241,pulsar,282.83475,2.688888888888889,,,,,"{""catalogue"": ""ATNF""}"
J1851-0241,pulsar,282.8135833333333,-2.6919444444444447,,,,,"{""catalogue"": ""ATNF""}"
J1851+0418,pulsar,282.76374166666665,4.303333333333333,,,,,"{""catalogue"": ""ATNF""}"
J1851-0633,pulsar,282.92352500000004,-6.563444444444444,,,,,"{""catalogue"": ""ATNF""}"
J1851+1259,pulsar,282.8050625,12.99313611111111,,,,,"{""catalogue"": ""ATNF""}"
J1852-0000,pulsar,283.1673625,-0.007083333333333333,,,,,"{""catalogue"": ""ATNF""}"
J1852+0008,pulsar,283.17825,0.136,,,,,"{""catalogue"": ""ATNF""}"
J1852+0013,pulsar,283.1740791666667,0.23252777777777778,,,,,"{""catalogue"": ""ATNF""}"
J1852+0031,pulsar,283.11425,0.5338888888888889,,,,,"{""catalogue"": ""ATNF""}"
J1852+0033,pulsar,283.19416666666666,0.5558055555555556,,,,,"{""catalogue"": ""ATNF""}"
J1852+0040,pulsar,283.1607083333334,0.6721666666666666,,,,,"{""catalogue"": ""ATNF""}"
J1852-0118,pulsar,283.07145833333334,-1.3041111111111112,,,,,"{""catalogue"": ""ATNF""}"
J1852-0127,pulsar,283.01500000000004,-1.4565,,,,,"{""catalogue"": ""ATNF""}"
J1852+0305,pulsar,283.1358333333333,3.0847222222222226,,,,,"{""catalogue"": ""ATNF""}"
J1852-0635,pulsar,283.2393666666667,-6.600124999999999,,,,,"{""catalogue"": ""ATNF""}"
J1852-1310,pulsar,283.08,-13.166944444444443,,,,,"{""catalogue"": ""ATNF""}"
J1852-2610,pulsar,283.24777916666665,-26.170194444444444,,,,,"{""catalogue"": ""ATNF""}"
J1853-0004,pulsar,283.3459458333333,-0.07594444444444444,,,,,"{""catalogue"": ""ATNF""}"
J1853+0011,pulsar,283.3749166666667,0.19183333333333333,,,,,"{""catalogue"": ""ATNF""}"
J1853+0029,pulsar,283.3239375,0.48994444444444446,,,,,"{""catalogue"": ""ATNF""}"
J1853+0056,pulsar,283.3860833333333,0.9497222222222222,,,,,"{""catalogue"": ""ATNF""}"
J1853+0259,pulsar,283.3124125,2.996638888888889,,,,,"{""catalogue"": ""ATNF""}"
J1853+0427,pulsar,283.4458625,4.461444444444445,,,,,"{""catalogue"": ""ATNF""}"
J1853+0505,pulsar,283.2681666666667,5.090583333333333,,,,,"{""catalogue"": ""ATNF""}"
J1853+0545,pulsar,283.49337916666667,5.76535,,,,,"{""catalogue"": ""ATNF""}"
J1853-0649,pulsar,283.35592499999996,-6.8238611111111105,,,,,"{""catalogue"": ""ATNF""}"
J1853-0842A,pulsar,283.266975375,-8.707848333333333,,,,,"{""catalogue"": ""ATNF""}"
J1853+0853,pulsar,283.3419583333333,8.888055555555555,,,,,"{""catalogue"": ""ATNF""}"
J1853+1303,pulsar,283.48882592083334,13.062235741666667,,,,,"{""catalogue"": ""ATNF""}"
J1854+0050,pulsar,283.68112499999995,0.8382777777777778,,,,,"{""catalogue"": ""ATNF""}"
J1854+0306,pulsar,283.5124166666667,3.103888888888889,,,,,"{""catalogue"": ""ATNF""}"
J1854+0317,pulsar,283.6210833333333,3.2919444444444443,,,,,"{""catalogue"": ""ATNF""}"
J1854+0319,pulsar,283.5004583333333,3.320222222222222,,,,,"{""catalogue"": ""ATNF""}"
J1854-0524,pulsar,283.730625,-5.406416666666667,,,,,"{""catalogue"": ""ATNF""}"
J1854+1050,pulsar,283.62220833333333,10.778333333333334,,,,,"{""catalogue"": ""ATNF""}"
J1854-1421,pulsar,283.68454999999994,-14.357333333333333,,,,,"{""catalogue"": ""ATNF""}"
J1854-1557,pulsar,283.72333333333336,-15.963055555555554,,,,,"{""catalogue"": ""ATNF""}"
J1855+0205,pulsar,283.92519166666665,2.0934444444444447,,,,,"{""catalogue"": ""ATNF""}"
J1855+0306,pulsar,283.90958333333333,3.1063055555555557,,,,,"{""catalogue"": ""ATNF""}"
J1855+0307,pulsar,283.8609583333334,3.1222777777777777,,,,,"{""catalogue"": ""ATNF""}"
J1855+0422,pulsar,283.92237500000005,4.379722222222222,,,,,"{""catalogue"": ""ATNF""}"
J1855+0527,pulsar,283.8128041666667,5.461305555555556,,,,,"{""catalogue"": ""ATNF""}"
J1855+0626,pulsar,283.8541666666667,6.448055555555555,,,,,"{""catalogue"": ""ATNF""}"
J1855+0700,pulsar,283.82383333333337,7.010305555555555,,,,,"{""catalogue"": ""ATNF""}"
J1855-0941,pulsar,283.81533333333334,-9.68388888888889,,,,,"{""catalogue"": ""ATNF""}"
J1855-1436,pulsar,283.9759525,-14.602494444444444,,,,,"{""catalogue"": ""ATNF""}"
J1856+0102,pulsar,284.1187625,1.0362777777777779,,,,,"{""catalogue"": ""ATNF""}"
J1856+0113,pulsar,284.044375,1.2225833333333334,,,,,"{""catalogue"": ""ATNF""}"
J1856+0245,pulsar,284.21208333333334,2.7630555555555554,,,,,"{""catalogue"": ""ATNF""}"
J1856+0404,pulsar,284.11083333333335,4.073888888888889,,,,,"{""catalogue"": ""ATNF""}"
J1856-0526,pulsar,284.0915708333333,-5.449111111111112,,,,,"{""catalogue"": ""ATNF""}"
J1856+0912,pulsar,284.1391666666667,9.20825,,,,,"{""catalogue"": ""ATNF""}"
J1856-3754,pulsar,284.14754166666665,-37.90994444444444,,,,,"{""catalogue"": ""ATNF""}"
J1857+0057,pulsar,284.25333333333333,0.9546666666666667,,,,,"{""catalogue"": ""ATNF""}"
J1857+0143,pulsar,284.38753333333335,1.7297222222222224,,,,,"{""catalogue"": ""ATNF""}"
J1857+0210,pulsar,284.42041666666665,2.1827777777777775,,,,,"{""catalogue"": ""ATNF""}"
J1857+0212,pulsar,284.4318416666666,2.2114194444444446,,,,,"{""catalogue"": ""ATNF""}"
J1857+0300,pulsar,284.32045833333336,3.007222222222222,,,,,"{""catalogue"": ""ATNF""}"
J1857+0526,pulsar,284.31606666666664,5.441305555555556,,,,,"{""catalogue"": ""ATNF""}"
J1857+0809,pulsar,284.28879166666667,8.151194444444444,,,,,"{""catalogue"": ""ATNF""}"
J1857+0943,pulsar,284.40162621666667,9.721442158333334,,,,,"{""catalogue"": ""ATNF""}"
J1857-1027,pulsar,284.36020833333333,-10.450277777777776,,,,,"{""catalogue"": ""ATNF""}"
J1858+0215,pulsar,284.572625,2.2605555555555554,,,,,"{""catalogue"": ""ATNF""}"
J1858+0239,pulsar,284.57499999999993,2.6644444444444444,,,,,"{""catalogue"": ""ATNF""}"
J1858+0241,pulsar,284.7242083333333,2.693888888888889,,,,,"{""catalogue"": ""ATNF""}"
J1858+0319,pulsar,284.67033333333336,3.3226388888888887,,,,,"{""catalogue"": ""ATNF""}"
J1858+0346,pulsar,284.5931666666666,3.7771666666666666,,,,,"{""catalogue"": ""ATNF""}"
J1858-2216,pulsar,284.5744966666667,-22.282333333333334,,,,,"{""catalogue"": ""ATNF""}"
J1858-5422,pulsar,284.53299999999996,-54.37088888888889,,,,,"{""catalogue"": ""ATNF""}"
J1859+0345,pulsar,284.8029583333334,3.765833333333333,,,,,"{""catalogue"": ""ATNF""}"
J1859+0601,pulsar,284.9406666666667,6.029472222222222,,,,,"{""catalogue"": ""ATNF""}"
J1859+0603,pulsar,284.9255458333334,6.065138888888889,,,,,"{""catalogue"": ""ATNF""}"
J1859+1526,pulsar,284.93495416666667,15.436388888888889,,,,,"{""catalogue"": ""ATNF""}"
J1859+7654,pulsar,284.9000833333333,76.91545277777779,,,,,"{""catalogue"": ""ATNF""}"
J1900-0051,pulsar,285.19435,-0.8523333333333333,,,,,"{""catalogue"": ""ATNF""}"
J1900-0134,pulsar,285.10905833333334,-1.5772777777777778,,,,,"{""catalogue"": ""ATNF""}"
J1900+0227,pulsar,285.1608333333333,2.458888888888889,,,,,"{""catalogue"": ""ATNF""}"
J1900+0308,pulsar,285.210645,3.1400219444444444,,,,,"{""catalogue"": ""ATNF""}"
J1900+0438,pulsar,285.05562499999996,4.646333333333333,,,,,"{""catalogue"": ""ATNF""}"
J1900+0634,pulsar,285.1168083333333,6.572472222222222,,,,,"{""catalogue"": ""ATNF""}"
J1900-0933,pulsar,285.1299583333333,-9.563361111111112,,,,,"{""catalogue"": ""ATNF""}"
J1900-2600,pulsar,285.19825833333334,-26.012166666666666,,,,,"{""catalogue"": ""ATNF""}"
J1900-7951,pulsar,285.1016666666667,-79.86338888888888,,,,,"{""catalogue"": ""ATNF""}"
J1901+0124,pulsar,285.4689375,1.4136944444444444,,,,,"{""catalogue"": ""ATNF""}"
J1901-0125,pulsar,285.3908333333333,-1.4247222222222222,,,,,"{""catalogue"": ""ATNF""}"
J1901+0156,pulsar,285.39286666666663,1.94395,,,,,"{""catalogue"": ""ATNF""}"
J1901+0234,pulsar,285.36220833333334,2.580944444444444,,,,,"{""catalogue"": ""ATNF""}"
J1901+0254,pulsar,285.31529166666667,2.911388888888889,,,,,"{""catalogue"": ""ATNF""}"
J1901+0300,pulsar,285.49840333333333,3.0064788888888887,,,,,"{""catalogue"": ""ATNF""}"
J1901-0312,pulsar,285.31531249999995,-3.2081944444444446,,,,,"{""catalogue"": ""ATNF""}"
J1901-0315,pulsar,285.31804166666666,-3.253972222222222,,,,,"{""catalogue"": ""ATNF""}"
J1901+0320,pulsar,285.26254166666666,3.3383333333333334,,,,,"{""catalogue"": ""ATNF""}"
J1901+0331,pulsar,285.3824208333333,3.518325,,,,,"{""catalogue"": ""ATNF""}"
J1901+0355,pulsar,285.378375,3.933027777777778,,,,,"{""catalogue"": ""ATNF""}"
J1901+0413,pulsar,285.29291666666666,4.230833333333334,,,,,"{""catalogue"": ""ATNF""}"
J1901+0435,pulsar,285.38416666666666,4.589722222222222,,,,,"{""catalogue"": ""ATNF""}"
J1901+0459,pulsar,285.32279166666666,4.985222222222222,,,,,"{""catalogue"": ""ATNF""}"
J1901+0510,pulsar,285.49104166666666,5.176111111111111,,,,,"{""catalogue"": ""ATNF""}"
J1901+0511,pulsar,285.42879166666665,5.1833888888888895,,,,,"{""catalogue"": ""ATNF""}"
J1901+0621,pulsar,285.27483333333333,6.355277777777777,,,,,"{""catalogue"": ""ATNF""}"
J1901+0716,pulsar,285.41223333333335,7.2763333333333335,,,,,"{""catalogue"": ""ATNF""}"
J1901-0906,pulsar,285.47086958333335,-9.10309611111111,,,,,"{""catalogue"": ""ATNF""}"
J1901+1306,pulsar,285.4532083333333,13.113416666666666,,,,,"{""catalogue"": ""ATNF""}"
J1901-1740,pulsar,285.32512499999996,-17.666666666666668,,,,,"{""catalogue"": ""ATNF""}"
J1902+0235,pulsar,285.629425,2.5874305555555557,,,,,"{""catalogue"": ""ATNF""}"
J1902+0248,pulsar,285.7094166666667,2.8155555555555556,,,,,"{""catalogue"": ""ATNF""}"
J1902-0340,pulsar,285.71125,-3.6716666666666664,,,,,"{""catalogue"": ""ATNF""}"
J1902+0556,pulsar,285.67758333333336,5.940533333333334,,,,,"{""catalogue"": ""ATNF""}"
J1902+0615,pulsar,285.7094875,6.275947222222222,,,,,"{""catalogue"": ""ATNF""}"
J1902+0723,pulsar,285.5564166666667,7.397500000000001,,,,,"{""catalogue"": ""ATNF""}"
J1902-1036,pulsar,285.6766625,-10.60361111111111,,,,,"{""catalogue"": ""ATNF""}"
J1902+1141,pulsar,285.50917083333337,11.684861111111111,,,,,"{""catalogue"": ""ATNF""}"
J1902-5105,pulsar,285.5118675416667,-51.09915819444445,,,,,"{""catalogue"": ""ATNF""}"
J1903+0135,pulsar,285.8749416666667,1.5940361111111112,,,,,"{""catalogue"": ""ATNF""}"
J1903-0258,pulsar,285.87642916666664,-2.971,,,,,"{""catalogue"": ""ATNF""}"
J1903+0327,pulsar,285.77413838750005,3.455335863888889,,,,,"{""catalogue"": ""ATNF""}"
J1903+0415,pulsar,285.86800416666665,4.252111111111111,,,,,"{""catalogue"": ""ATNF""}"
J1903+0601,pulsar,285.83697500000005,6.026111111111111,,,,,"{""catalogue"": ""ATNF""}"
J1903-0632,pulsar,285.9080583333333,-6.539311111111111,,,,,"{""catalogue"": ""ATNF""}"
J1903+0654,pulsar,285.9803333333333,6.910944444444445,,,,,"{""catalogue"": ""ATNF""}"
J1903-0848,pulsar,285.7969625,-8.815944444444446,,,,,"{""catalogue"": ""ATNF""}"
J1903+0912,pulsar,285.92542083333336,9.211580555555555,,,,,"{""catalogue"": ""ATNF""}"
J1903+0925,pulsar,285.97991666666667,9.431944444444444,,,,,"{""catalogue"": ""ATNF""}"
J1903+2225,pulsar,285.97062500000004,22.420083333333334,,,,,"{""catalogue"": ""ATNF""}"
J1903-7051,pulsar,285.91163958333334,-70.8620725,,,,,"{""catalogue"": ""ATNF""}"
J1904+0004,pulsar,286.0529916666667,0.0681361111111111,,,,,"{""catalogue"": ""ATNF""}"
J1904+0056,pulsar,286.02941666666663,0.9497222222222222,,,,,"{""catalogue"": ""ATNF""}"
J1904-0150,pulsar,286.23147916666665,-1.8423611111111113,,,,,"{""catalogue"": ""ATNF""}"
J1904+0412,pulsar,286.13075833333335,4.201638888888889,,,,,"{""catalogue"": ""ATNF""}"
J1904+0451,pulsar,286.24743666666666,4.865264722222222,,,,,"{""catalogue"": ""ATNF""}"
J1904+0738,pulsar,286.0313875,7.647691666666666,,,,,"{""catalogue"": ""ATNF""}"
J1904+0800,pulsar,286.01458333333335,8.014611111111112,,,,,"{""catalogue"": ""ATNF""}"
J1904+1011,pulsar,286.010375,10.192944444444445,,,,,"{""catalogue"": ""ATNF""}"
J1904-11,pulsar,286.14166666666665,-11.509444444444444,,,,,"{""catalogue"": ""ATNF""}"
J1904-1224,pulsar,286.1386708333333,-12.400361111111112,,,,,"{""catalogue"": ""ATNF""}"
J1904-1629,pulsar,286.2140416666667,-16.488611111111112,,,,,"{""catalogue"": ""ATNF""}"
J1905-0056,pulsar,286.36563333333334,-0.9446666666666667,,,,,"{""catalogue"": ""ATNF""}"
J1905+0154A,pulsar,286.3141666666666,1.9091666666666667,,,,,"{""catalogue"": ""ATNF""}"
J1905+0400,pulsar,286.3678059833333,4.0030230555555555,,,,,"{""catalogue"": ""ATNF""}"
J1905+0600,pulsar,286.268125,6.016638888888889,,,,,"{""catalogue"": ""ATNF""}"
J1905+0616,pulsar,286.27853749999997,6.271305555555555,,,,,"{""catalogue"": ""ATNF""}"
J1905+0709,pulsar,286.47341666666665,7.155388888888889,,,,,"{""catalogue"": ""ATNF""}"
J1905+0902,pulsar,286.3313958333333,9.042358333333333,,,,,"{""catalogue"": ""ATNF""}"
J1905+1034,pulsar,286.33593749999994,10.574361111111111,,,,,"{""catalogue"": ""ATNF""}"
J1906+0055,pulsar,286.70283545833337,0.9188572222222222,,,,,"{""catalogue"": ""ATNF""}"
J1906+0414,pulsar,286.7408041666667,4.2415111111111115,,,,,"{""catalogue"": ""ATNF""}"
J1906+0454,pulsar,286.6964154166667,4.902511666666667,,,,,"{""catalogue"": ""ATNF""}"
J1906+0509,pulsar,286.7354041666667,5.159888888888889,,,,,"{""catalogue"": ""ATNF""}"
J1906+0641,pulsar,286.64685000000003,6.6841388888888895,,,,,"{""catalogue"": ""ATNF""}"
J1906+0649,pulsar,286.54987500000004,6.830027777777778,,,,,"{""catalogue"": ""ATNF""}"
J1906+0722,pulsar,286.63,7.3821666666666665,,,,,"{""catalogue"": ""ATNF""}"
J1906+0724,pulsar,286.5940708333333,7.406333333333333,,,,,"{""catalogue"": ""ATNF""}"
J1906+0746,pulsar,286.70358333333337,7.773861111111111,,,,,"{""catalogue"": ""ATNF""}"
J1906+0912,pulsar,286.6185833333334,9.215722222222222,,,,,"{""catalogue"": ""ATNF""}"
J1906-1754,pulsar,286.5621666666667,-17.909166666666664,,,,,"{""catalogue"": ""ATNF""}"
J1906+1854,pulsar,286.68629166666665,18.90236111111111,,,,,"{""catalogue"": ""ATNF""}"
J1907+0249,pulsar,286.92512500000004,2.8280555555555553,,,,,"{""catalogue"": ""ATNF""}"
J1907+0255,pulsar,286.82458333333335,2.9174166666666665,,,,,"{""catalogue"": ""ATNF""}"
J1907+0345,pulsar,286.81059583333337,3.7529444444444446,,,,,"{""catalogue"": ""ATNF""}"
J1907+0534,pulsar,286.84725,5.581388888888888,,,,,"{""catalogue"": ""ATNF""}"
J1907+0602,pulsar,286.97808333333336,6.038027777777778,,,,,"{""catalogue"": ""ATNF""}"
J1907+0631,pulsar,286.7659,6.521916666666667,,,,,"{""catalogue"": ""ATNF""}"
J1907+0731,pulsar,286.9782916666667,7.52275,,,,,"{""catalogue"": ""ATNF""}"
J1907+0740,pulsar,286.933825,7.672944444444445,,,,,"{""catalogue"": ""ATNF""}"
J1907+0833,pulsar,286.98768333333334,8.56666388888889,,,,,"{""catalogue"": ""ATNF""}"
J1907+0859,pulsar,286.75797083333333,8.9955,,,,,"{""catalogue"": ""ATNF""}"
J1907+0918,pulsar,286.84350416666666,9.308544444444445,,,,,"{""catalogue"": ""ATNF""}"
J1907+0919,pulsar,286.80970833333333,9.32225,,,,,"{""catalogue"": ""ATNF""}"
J1907+1149,pulsar,286.9074166666667,11.826972222222222,,,,,"{""catalogue"": ""ATNF""}"
J1907+1247,pulsar,286.7945833333333,12.793305555555555,,,,,"{""catalogue"": ""ATNF""}"
J1907-1532,pulsar,286.77824999999996,-15.537472222222222,,,,,"{""catalogue"": ""ATNF""}"
J1907+4002,pulsar,286.8944,40.03491944444444,,,,,"{""catalogue"": ""ATNF""}"
J1908+0128,pulsar,287.0783485833333,1.4729761111111113,,,,,"{""catalogue"": ""ATNF""}"
J1908+0457,pulsar,287.0672916666666,4.961388888888889,,,,,"{""catalogue"": ""ATNF""}"
J1908+0500,pulsar,287.0215083333334,5.015125,,,,,"{""catalogue"": ""ATNF""}"
J1908+0558,pulsar,287.00832083333336,5.976094444444445,,,,,"{""catalogue"": ""ATNF""}"
J1908+0734,pulsar,287.070875,7.570655555555556,,,,,"{""catalogue"": ""ATNF""}"
J1908+0833,pulsar,287.08733333333333,8.55875,,,,,"{""catalogue"": ""ATNF""}"
J1908+0839,pulsar,287.077125,8.666444444444444,,,,,"{""catalogue"": ""ATNF""}"
J1908+0909,pulsar,287.0309875,9.153444444444444,,,,,"{""catalogue"": ""ATNF""}"
J1908+0916,pulsar,287.2448333333333,9.270555555555557,,,,,"{""catalogue"": ""ATNF""}"
J1908+1351,pulsar,287.14712499999996,13.86111111111111,,,,,"{""catalogue"": ""ATNF""}"
J1908+2105,pulsar,287.238725,21.084090555555555,,,,,"{""catalogue"": ""ATNF""}"
J1908+2351,pulsar,287.13308333333333,23.86163888888889,,,,,"{""catalogue"": ""ATNF""}"
J1909+0007,pulsar,287.3969041666666,0.13271388888888888,,,,,"{""catalogue"": ""ATNF""}"
J1909+0254,pulsar,287.409625,2.914075,,,,,"{""catalogue"": ""ATNF""}"
J1909+0616,pulsar,287.463375,6.281055555555556,,,,,"{""catalogue"": ""ATNF""}"
J1909+0641,pulsar,287.37104999999997,6.6905,,,,,"{""catalogue"": ""ATNF""}"
J1909+0749,pulsar,287.28416666666664,7.825555555555555,,,,,"{""catalogue"": ""ATNF""}"
J1909+0912,pulsar,287.3329583333333,9.214916666666666,,,,,"{""catalogue"": ""ATNF""}"
J1909+1102,pulsar,287.45284541666666,11.034178888888889,,,,,"{""catalogue"": ""ATNF""}"
J1909+1148,pulsar,287.3807458333333,11.816627777777779,,,,,"{""catalogue"": ""ATNF""}"
J1909+1205,pulsar,287.4644583333333,12.096388888888889,,,,,"{""catalogue"": ""ATNF""}"
J1909+1450,pulsar,287.3623333333333,14.849444444444446,,,,,"{""catalogue"": ""ATNF""}"
J1909+1859,pulsar,287.32751666666667,18.986316666666667,,,,,"{""catalogue"": ""ATNF""}"
J1909-3744,pulsar,287.4476345133333,-37.73738437222222,,,,,"{""catalogue"": ""ATNF""}"
J1910-0112,pulsar,287.5654166666667,-1.2016666666666667,,,,,"{""catalogue"": ""ATNF""}"
J1910+0225,pulsar,287.5431625,2.423222222222222,,,,,"{""catalogue"": ""ATNF""}"
J1910-0309,pulsar,287.6237166666667,-3.1650277777777776,,,,,"{""catalogue"": ""ATNF""}"
J1910+0358,pulsar,287.53775,3.9744444444444444,,,,,"{""catalogue"": ""ATNF""}"
J1910+0435,pulsar,287.54613333333333,4.591527777777777,,,,,"{""catalogue"": ""ATNF""}"
J1910+0534,pulsar,287.6104583333334,5.569166666666667,,,,,"{""catalogue"": ""ATNF""}"
J1910-0556,pulsar,287.56884583333334,-5.941638888888889,,,,,"{""catalogue"": ""ATNF""}"
J1910+0710,pulsar,287.5578041666667,7.179555555555556,,,,,"{""catalogue"": ""ATNF""}"
J1910+0714,pulsar,287.5774875,7.236611111111111,,,,,"{""catalogue"": ""ATNF""}"
J1910+0728,pulsar,287.5919958333333,7.476969444444444,,,,,"{""catalogue"": ""ATNF""}"
J1910+1017,pulsar,287.60885,10.298358333333333,,,,,"{""catalogue"": ""ATNF""}"
J1910+1026,pulsar,287.7031375,10.447916666666666,,,,,"{""catalogue"": ""ATNF""}"
J1910+1231,pulsar,287.556375,12.527833333333334,,,,,"{""catalogue"": ""ATNF""}"
J1910+1256,pulsar,287.54042289583333,12.940403847222223,,,,,"{""catalogue"": ""ATNF""}"
J1910-5959A,pulsar,287.92811166666667,-59.9741625,,,,,"{""catalogue"": ""ATNF""}"
J1910-5959B,pulsar,287.71689833333335,-59.9835725,,,,,"{""catalogue"": ""ATNF""}"
J1910-5959C,pulsar,287.77314666666666,-60.01658333333334,,,,,"{""catalogue"": ""ATNF""}"
J1910-5959D,pulsar,287.71840125,-59.984855277777775,,,,,"{""catalogue"": ""ATNF""}"
J1910-5959E,pulsar,287.71732166666663,-59.983913055555554,,,,,"{""catalogue"": ""ATNF""}"
J1910-5959F,pulsar,287.7169416666667,-59.98591666666667,,,,,"{""catalogue"": ""ATNF""}"
J1911+0101A,pulsar,287.79620654166666,1.0360391666666668,,,,,"{""catalogue"": ""ATNF""}"
J1911+0101B,pulsar,287.80238541666665,1.0306777777777778,,,,,"{""catalogue"": ""ATNF""}"
J1911+0921,pulsar,287.9436958333333,9.365777777777778,,,,,"{""catalogue"": ""ATNF""}"
J1911+0925,pulsar,287.9978,9.425611111111111,,,,,"{""catalogue"": ""ATNF""}"
J1911+1051,pulsar,287.92609166666665,10.857427777777778,,,,,"{""catalogue"": ""ATNF""}"
J1911-1114,pulsar,287.9553430416667,-11.239578055555555,,,,,"{""catalogue"": ""ATNF""}"
J1911+1301,pulsar,287.88224583333334,13.024055555555556,,,,,"{""catalogue"": ""ATNF""}"
J1911+1336,pulsar,287.9980875,13.615277777777777,,,,,"{""catalogue"": ""ATNF""}"
J1911+1347,pulsar,287.9800144754167,13.792876622222222,,,,,"{""catalogue"": ""ATNF""}"
J1911+1758,pulsar,287.9807916666667,17.979386111111108,,,,,"{""catalogue"": ""ATNF""}"
J1912-0952,pulsar,288.0510341666666,-9.881041111111111,,,,,"{""catalogue"": ""ATNF""}"
J1912+1036,pulsar,288.19304166666666,10.611555555555555,,,,,"{""catalogue"": ""ATNF""}"
J1912+2104,pulsar,288.1805795833333,21.076090555555556,,,,,"{""catalogue"": ""ATNF""}"
J1912+2525,pulsar,288.07760833333333,25.417255555555556,,,,,"{""catalogue"": ""ATNF""}"
J1913-0440,pulsar,288.4757229166666,-4.679911111111111,,,,,"{""catalogue"": ""ATNF""}"
J1913+0446,pulsar,288.46175,4.7683333333333335,,,,,"{""catalogue"": ""ATNF""}"
J1913+0523,pulsar,288.34467083333334,5.3996666666666675,,,,,"{""catalogue"": ""ATNF""}"
J1913+0618,pulsar,288.3244941666667,6.302299166666667,,,,,"{""catalogue"": ""ATNF""}"
J1913+0657,pulsar,288.38716666666664,6.95675,,,,,"{""catalogue"": ""ATNF""}"
J1913+0832,pulsar,288.2520833333333,8.53475,,,,,"{""catalogue"": ""ATNF""}"
J1913+0904,pulsar,288.3377541666666,9.079277777777778,,,,,"{""catalogue"": ""ATNF""}"
J1913+0936,pulsar,288.46958333333333,9.611611111111111,,,,,"{""catalogue"": ""ATNF""}"
J1913+1000,pulsar,288.2649583333333,10.000666666666667,,,,,"{""catalogue"": ""ATNF""}"
J1913+1011,pulsar,288.33475416666664,10.189713888888889,,,,,"{""catalogue"": ""ATNF""}"
J1913+1050,pulsar,288.39734999999996,10.840722222222222,,,,,"{""catalogue"": ""ATNF""}"
J1913+1102,pulsar,288.37105916666667,11.034928055555556,,,,,"{""catalogue"": ""ATNF""}"
J1913+11025,pulsar,288.4279791666666,11.049666666666667,,,,,"{""catalogue"": ""ATNF""}"
J1913+1145,pulsar,288.4328333333333,11.759194444444445,,,,,"{""catalogue"": ""ATNF""}"
J1913+1330,pulsar,288.32487499999996,13.509105555555555,,,,,"{""catalogue"": ""ATNF""}"
J1913+1400,pulsar,288.3514695833333,14.014599722222222,,,,,"{""catalogue"": ""ATNF""}"
J1913+3732,pulsar,288.36619583333334,37.53675,,,,,"{""catalogue"": ""ATNF""}"
J1914+0219,pulsar,288.59914166666664,2.329944444444444,,,,,"{""catalogue"": ""ATNF""}"
J1914+0625,pulsar,288.53482916666667,6.416936111111111,,,,,"{""catalogue"": ""ATNF""}"
J1914+0631,pulsar,288.57183333333336,6.532305555555555,,,,,"{""catalogue"": ""ATNF""}"
J1914+0659,pulsar,288.5735291666667,7.019722222222222,,,,,"{""catalogue"": ""ATNF""}"
J1914+0805,pulsar,288.52295,8.086861111111112,,,,,"{""catalogue"": ""ATNF""}"
J1914+0838,pulsar,288.6102108333333,8.645872222222222,,,,,"{""catalogue"": ""ATNF""}"
J1914+1122,pulsar,288.5421666666667,11.367694444444444,,,,,"{""catalogue"": ""ATNF""}"
J1914+1428,pulsar,288.724775,14.4795,,,,,"{""catalogue"": ""ATNF""}"
J1915+0227,pulsar,288.7588416666666,2.4632694444444447,,,,,"{""catalogue"": ""ATNF""}"
J1915+0639,pulsar,288.9763625,6.662836111111112,,,,,"{""catalogue"": ""ATNF""}"
J1915+0738,pulsar,288.8533333333333,7.642055555555555,,,,,"{""catalogue"": ""ATNF""}"
J1915+0752,pulsar,288.75808333333333,7.869222222222223,,,,,"{""catalogue"": ""ATNF""}"
J1915+0838,pulsar,288.8077916666667,8.649916666666666,,,,,"{""catalogue"": ""ATNF""}"
J1915+1009,pulsar,288.8749625,10.162047222222222,,,,,"{""catalogue"": ""ATNF""}"
J1915+1145,pulsar,288.88801291666664,11.761383333333333,,,,,"{""catalogue"": ""ATNF""}"
J1915+1150,pulsar,288.81920833333334,11.843166666666667,,,,,"{""catalogue"": ""ATNF""}"
J1915+1410,pulsar,288.8975666666667,14.180972222222222,,,,,"{""catalogue"": ""ATNF""}"
J1915+1606,pulsar,288.86666425,16.107607444444447,,,,,"{""catalogue"": ""ATNF""}"
J1915+1647,pulsar,288.82958333333335,16.785694444444445,,,,,"{""catalogue"": ""ATNF""}"
J1916+0748,pulsar,289.21458333333334,7.8,,,,,"{""catalogue"": ""ATNF""}"
J1916+0844,pulsar,289.07950416666665,8.735277777777776,,,,,"{""catalogue"": ""ATNF""}"
J1916+0852,pulsar,289.10249999999996,8.876666666666667,,,,,"{""catalogue"": ""ATNF""}"
J1916+0951,pulsar,289.13476875,9.857216666666666,,,,,"{""catalogue"": ""ATNF""}"
J1916+1023,pulsar,289.1537916666667,10.384166666666665,,,,,"{""catalogue"": ""ATNF""}"
J1916+1030,pulsar,289.0488333333333,10.514833333333334,,,,,"{""catalogue"": ""ATNF""}"
J1916+1225,pulsar,289.08352083333335,12.43165,,,,,"{""catalogue"": ""ATNF""}"
J1916+1312,pulsar,289.2444583333333,13.213888888888889,,,,,"{""catalogue"": ""ATNF""}"
J1916-2939,pulsar,289.1362541666667,-29.657722222222223,,,,,"{""catalogue"": ""ATNF""}"
J1916+3224,pulsar,289.01445,32.411027777777775,,,,,"{""catalogue"": ""ATNF""}"
J1917+0834,pulsar,289.45355416666666,8.581841666666666,,,,,"{""catalogue"": ""ATNF""}"
J1917+1353,pulsar,289.41577666666666,13.899188055555555,,,,,"{""catalogue"": ""ATNF""}"
J1917+1737,pulsar,289.34990000000005,17.625444444444444,,,,,"{""catalogue"": ""ATNF""}"
J1917+2224,pulsar,289.43425,22.380222222222223,,,,,"{""catalogue"": ""ATNF""}"
J1918-0642,pulsar,289.7001363416667,-6.709694566666667,,,,,"{""catalogue"": ""ATNF""}"
J1918-1052,pulsar,289.70102916666673,-10.87955,,,,,"{""catalogue"": ""ATNF""}"
J1918+1311,pulsar,289.69258333333335,13.190141666666667,,,,,"{""catalogue"": ""ATNF""}"
J1918+1444,pulsar,289.5984916666667,14.751666666666667,,,,,"{""catalogue"": ""ATNF""}"
J1918+1541,pulsar,289.5320833333334,15.687555555555555,,,,,"{""catalogue"": ""ATNF""}"
J1919+0021,pulsar,289.96113125,0.3610338888888889,,,,,"{""catalogue"": ""ATNF""}"
J1919+0134,pulsar,289.93175,1.582361111111111,,,,,"{""catalogue"": ""ATNF""}"
J1919+1314,pulsar,289.8874416666667,13.243694444444444,,,,,"{""catalogue"": ""ATNF""}"
J1919+1645,pulsar,289.7885125,16.75631111111111,,,,,"{""catalogue"": ""ATNF""}"
J1919+1745,pulsar,289.93059166666666,17.751052777777776,,,,,"{""catalogue"": ""ATNF""}"
J1919+23,pulsar,289.85833333333335,23.879444444444445,,,,,"{""catalogue"": ""ATNF""}"
J1919+2621,pulsar,289.9208875,26.358183333333336,,,,,"{""catalogue"": ""ATNF""}"
J1920-0950,pulsar,290.2330416666666,-9.83361111111111,,,,,"{""catalogue"": ""ATNF""}"
J1920+1040,pulsar,290.23074999999994,10.675277777777778,,,,,"{""catalogue"": ""ATNF""}"
J1920+1110,pulsar,290.0554583333333,11.183055555555555,,,,,"{""catalogue"": ""ATNF""}"
J1920+2650,pulsar,290.1598916666667,26.843999999999998,,,,,"{""catalogue"": ""ATNF""}"
J1921+0137,pulsar,290.376281875,1.6237608333333333,,,,,"{""catalogue"": ""ATNF""}"
J1921-0510,pulsar,290.3727083333333,-5.169666666666667,,,,,"{""catalogue"": ""ATNF""}"
J1921+0812,pulsar,290.44876666666664,8.214405555555555,,,,,"{""catalogue"": ""ATNF""}"
J1921+0921,pulsar,290.4728625,9.35838888888889,,,,,"{""catalogue"": ""ATNF""}"
J1921+1419,pulsar,290.3506625,14.321416666666666,,,,,"{""catalogue"": ""ATNF""}"
J1921+1544,pulsar,290.4436345833334,15.738183333333332,,,,,"{""catalogue"": ""ATNF""}"
J1921+1630,pulsar,290.25059166666665,16.5155,,,,,"{""catalogue"": ""ATNF""}"
J1921+1929,pulsar,290.34729458333334,19.4895275,,,,,"{""catalogue"": ""ATNF""}"
J1921+1948,pulsar,290.26582916666666,19.812416666666667,,,,,"{""catalogue"": ""ATNF""}"
J1921+2003,pulsar,290.4649875,20.055777777777777,,,,,"{""catalogue"": ""ATNF""}"
J1921+2153,pulsar,290.4367291666667,21.883958333333332,,,,,"{""catalogue"": ""ATNF""}"
J1922+1131,pulsar,290.7094583333333,11.532916666666667,,,,,"{""catalogue"": ""ATNF""}"
J1922+1733,pulsar,290.7217416666667,17.556519444444444,,,,,"{""catalogue"": ""ATNF""}"
J1922+2018,pulsar,290.53333333333336,20.29925,,,,,"{""catalogue"": ""ATNF""}"
J1922+2110,pulsar,290.72304583333334,21.178325,,,,,"{""catalogue"": ""ATNF""}"
J1923-0408,pulsar,290.79566666666665,-4.138722222222222,,,,,"{""catalogue"": ""ATNF""}"
J1923+1706,pulsar,290.7827083333333,17.102611111111113,,,,,"{""catalogue"": ""ATNF""}"
J1923+2515,pulsar,290.84371758333333,25.26127253888889,,,,,"{""catalogue"": ""ATNF""}"
J1923+4243,pulsar,290.8135,42.72184444444444,,,,,"{""catalogue"": ""ATNF""}"
J1924+1628,pulsar,291.1837083333333,16.47713611111111,,,,,"{""catalogue"": ""ATNF""}"
J1924+1631,pulsar,291.22866666666664,16.53022222222222,,,,,"{""catalogue"": ""ATNF""}"
J1924+1639,pulsar,291.0129645833333,16.66132111111111,,,,,"{""catalogue"": ""ATNF""}"
J1924+1713,pulsar,291.13548749999995,17.22583333333333,,,,,"{""catalogue"": ""ATNF""}"
J1924+1917,pulsar,291.10920833333336,19.290111111111113,,,,,"{""catalogue"": ""ATNF""}"
J1924+2040,pulsar,291.1666666666667,20.6675,,,,,"{""catalogue"": ""ATNF""}"
J1925-16,pulsar,291.275,-16.016666666666666,,,,,"{""catalogue"": ""ATNF""}"
J1925+1720,pulsar,291.3626291666667,17.34091944444444,,,,,"{""catalogue"": ""ATNF""}"
J1926+0431,pulsar,291.60196666666667,4.525427777777778,,,,,"{""catalogue"": ""ATNF""}"
J1926-0652,pulsar,291.6543375,-6.878527777777778,,,,,"{""catalogue"": ""ATNF""}"
J1926+0737,pulsar,291.6405833333333,7.618666666666667,,,,,"{""catalogue"": ""ATNF""}"
J1926-1314,pulsar,291.7243125,-13.234388888888889,,,,,"{""catalogue"": ""ATNF""}"
J1926+1434,pulsar,291.7384166666667,14.582027777777778,,,,,"{""catalogue"": ""ATNF""}"
J1926+1614,pulsar,291.709175,16.238547222222223,,,,,"{""catalogue"": ""ATNF""}"
J1926+1648,pulsar,291.6888416666667,16.809105555555558,,,,,"{""catalogue"": ""ATNF""}"
J1926+1928,pulsar,291.5950833333333,19.469916666666666,,,,,"{""catalogue"": ""ATNF""}"
J1926+2016,pulsar,291.57526666666666,20.266980555555556,,,,,"{""catalogue"": ""ATNF""}"
J1927+0911,pulsar,291.85678333333334,9.184916666666666,,,,,"{""catalogue"": ""ATNF""}"
J1927+1852,pulsar,291.79342499999996,18.869027777777777,,,,,"{""catalogue"": ""ATNF""}"
J1927+1856,pulsar,291.85404166666666,18.943555555555555,,,,,"{""catalogue"": ""ATNF""}"
J1927+2234,pulsar,291.78366666666665,22.582583333333332,,,,,"{""catalogue"": ""ATNF""}"
J1928-0108,pulsar,292.078875,-1.1488055555555556,,,,,"{""catalogue"": ""ATNF""}"
J1928+1245,pulsar,292.18913999999995,12.76482611111111,,,,,"{""catalogue"": ""ATNF""}"
J1928+1443,pulsar,292.02829166666663,14.719805555555556,,,,,"{""catalogue"": ""ATNF""}"
J1928+1725,pulsar,292.21666666666664,17.424722222222222,,,,,"{""catalogue"": ""ATNF""}"
J1928+1746,pulsar,292.1773041666666,17.774894444444442,,,,,"{""catalogue"": ""ATNF""}"
J1928+1923,pulsar,292.0215125,19.392033333333334,,,,,"{""catalogue"": ""ATNF""}"
J1929+0132,pulsar,292.427201375,1.5462675,,,,,"{""catalogue"": ""ATNF""}"
J1929+1357,pulsar,292.29425,13.959972222222222,,,,,"{""catalogue"": ""ATNF""}"
J1929+1844,pulsar,292.3199166666667,18.749861111111112,,,,,"{""catalogue"": ""ATNF""}"
J1929+1955,pulsar,292.32321375000004,19.91886388888889,,,,,"{""catalogue"": ""ATNF""}"
J1929+2121,pulsar,292.26766250000003,21.3563,,,,,"{""catalogue"": ""ATNF""}"
J1929+3817,pulsar,292.27922500000005,38.299305555555556,,,,,"{""catalogue"": ""ATNF""}"
J1930+1316,pulsar,292.5039458333334,13.26975,,,,,"{""catalogue"": ""ATNF""}"
J1930+1408,pulsar,292.5789691666667,14.148719444444444,,,,,"{""catalogue"": ""ATNF""}"
J1930+1722,pulsar,292.62545833333337,17.381444444444444,,,,,"{""catalogue"": ""ATNF""}"
J1930+1852,pulsar,292.62554166666666,18.870583333333332,,,,,"{""catalogue"": ""ATNF""}"
J1930-1852,pulsar,292.623815,-18.86285277777778,,,,,"{""catalogue"": ""ATNF""}"
J1930+2441,pulsar,292.6891601666667,24.683767777777778,,,,,"{""catalogue"": ""ATNF""}"
J1931-0144,pulsar,292.8834375,-1.7395833333333335,,,,,"{""catalogue"": ""ATNF""}"
J1931+1439,pulsar,292.9184708333333,14.66075,,,,,"{""catalogue"": ""ATNF""}"
J1931+1536,pulsar,292.98212499999994,15.615972222222222,,,,,"{""catalogue"": ""ATNF""}"
J1931+1817,pulsar,292.9697458333333,18.283547222222225,,,,,"{""catalogue"": ""ATNF""}"
J1931+1952,pulsar,292.98276666666663,19.86986111111111,,,,,"{""catalogue"": ""ATNF""}"
J1932+1059,pulsar,293.05857083333336,10.992605555555555,,,,,"{""catalogue"": ""ATNF""}"
J1932+1500,pulsar,293.19294583333334,15.006166666666667,,,,,"{""catalogue"": ""ATNF""}"
J1932+1756,pulsar,293.03011541666666,17.938141666666667,,,,,"{""catalogue"": ""ATNF""}"
J1932+1916,pulsar,293.0820833333334,19.2775,,,,,"{""catalogue"": ""ATNF""}"
J1932+2020,pulsar,293.0334291666667,20.346225,,,,,"{""catalogue"": ""ATNF""}"
J1932+2220,pulsar,293.09475000000003,22.347638888888888,,,,,"{""catalogue"": ""ATNF""}"
J1932-3655,pulsar,293.0255333333333,-36.917161111111106,,,,,"{""catalogue"": ""ATNF""}"
J1933+0758,pulsar,293.3308625,7.968613888888889,,,,,"{""catalogue"": ""ATNF""}"
J1933+1304,pulsar,293.34387083333337,13.080547222222222,,,,,"{""catalogue"": ""ATNF""}"
J1933+1726,pulsar,293.34576166666665,17.44711277777778,,,,,"{""catalogue"": ""ATNF""}"
J1933+2421,pulsar,293.40763333333337,24.611,,,,,"{""catalogue"": ""ATNF""}"
J1933+5335,pulsar,293.25458333333336,53.59527777777778,,,,,"{""catalogue"": ""ATNF""}"
J1933-6211,pulsar,293.38511116666666,-62.19635444444444,,,,,"{""catalogue"": ""ATNF""}"
J1934+1926,pulsar,293.5902125,19.443141666666666,,,,,"{""catalogue"": ""ATNF""}"
J1934+2352,pulsar,293.6924583333333,23.882194444444444,,,,,"{""catalogue"": ""ATNF""}"
J1934+5219,pulsar,293.5995,52.33266666666667,,,,,"{""catalogue"": ""ATNF""}"
J1935+1159,pulsar,293.8169833333333,11.985888888888889,,,,,"{""catalogue"": ""ATNF""}"
J1935+1616,pulsar,293.9492745833333,16.277773888888888,,,,,"{""catalogue"": ""ATNF""}"
J1935+1726,pulsar,293.76644999999996,17.44123888888889,,,,,"{""catalogue"": ""ATNF""}"
J1935+1745,pulsar,293.874875,17.75338888888889,,,,,"{""catalogue"": ""ATNF""}"
J1935+1829,pulsar,293.92879166666665,18.49113888888889,,,,,"{""catalogue"": ""ATNF""}"
J1935+2025,pulsar,293.9247541666667,20.427805555555558,,,,,"{""catalogue"": ""ATNF""}"
J1935+2154,pulsar,293.73199999999997,21.896722222222223,,,,,"{""catalogue"": ""ATNF""}"
J1936+1536,pulsar,294.0063333333334,15.61,,,,,"{""catalogue"": ""ATNF""}"
J1936+2042,pulsar,294.11425,20.701249999999998,,,,,"{""catalogue"": ""ATNF""}"
J1937+1505,pulsar,294.3179583333333,15.088611111111112,,,,,"{""catalogue"": ""ATNF""}"
J1937+1658,pulsar,294.35378545833333,16.97848694444444,,,,,"{""catalogue"": ""ATNF""}"
J1937+2544,pulsar,294.25522666666666,25.737065555555557,,,,,"{""catalogue"": ""ATNF""}"
J1937+2950,pulsar,294.44834583333335,29.83383333333333,,,,,"{""catalogue"": ""ATNF""}"
J1938+0650,pulsar,294.47275,6.835,,,,,"{""catalogue"": ""ATNF""}"
J1938+2010,pulsar,294.53475,20.18102777777778,,,,,"{""catalogue"": ""ATNF""}"
J1938+2012,pulsar,294.66700125,20.21411861111111,,,,,"{""catalogue"": ""ATNF""}"
J1938+2213,pulsar,294.5590833333333,22.220188888888888,,,,,"{""catalogue"": ""ATNF""}"
J1938+2659,pulsar,294.66322916666667,26.98748888888889,,,,,"{""catalogue"": ""ATNF""}"
J1938+6604,pulsar,294.737173,66.0754743611111,,,,,"{""catalogue"": ""ATNF""}"
J1939+2134,pulsar,294.9106716204166,21.58308870638889,,,,,"{""catalogue"": ""ATNF""}"
J1939+2449,pulsar,294.77331666666663,24.715444444444444,,,,,"{""catalogue"": ""ATNF""}"
J1939+2609,pulsar,294.9264220833333,26.160108333333334,,,,,"{""catalogue"": ""ATNF""}"
J1940+0239,pulsar,295.1375,2.611388888888889,,,,,"{""catalogue"": ""ATNF""}"
J1940-0902,pulsar,295.22720833333335,-9.038333333333334,,,,,"{""catalogue"": ""ATNF""}"
J1940+2245,pulsar,295.1151833333334,22.76295,,,,,"{""catalogue"": ""ATNF""}"
J1940+2337,pulsar,295.1478583333334,23.629583333333333,,,,,"{""catalogue"": ""ATNF""}"
J1941+0121,pulsar,295.3168291666667,1.3609722222222222,,,,,"{""catalogue"": ""ATNF""}"
J1941+1026,pulsar,295.384725,10.440444444444445,,,,,"{""catalogue"": ""ATNF""}"
J1941+1341,pulsar,295.2702791666667,13.691777777777778,,,,,"{""catalogue"": ""ATNF""}"
J1941+2525,pulsar,295.33666666666664,25.41813888888889,,,,,"{""catalogue"": ""ATNF""}"
J1941-2602,pulsar,295.2516958333333,-26.034930555555558,,,,,"{""catalogue"": ""ATNF""}"
J1941+4320,pulsar,295.49547916666666,43.33508888888889,,,,,"{""catalogue"": ""ATNF""}"
J1942+0147,pulsar,295.6125,1.836388888888889,,,,,"{""catalogue"": ""ATNF""}"
J1942+1743,pulsar,295.5042916666667,17.724527777777777,,,,,"{""catalogue"": ""ATNF""}"
J1942-2019,pulsar,295.70975,-20.323055555555555,,,,,"{""catalogue"": ""ATNF""}"
J1942+3941,pulsar,295.591875,39.69483333333333,,,,,"{""catalogue"": ""ATNF""}"
J1942+8106,pulsar,295.72783333333336,81.10481388888888,,,,,"{""catalogue"": ""ATNF""}"
J1943+0609,pulsar,295.87138333333326,6.166,,,,,"{""catalogue"": ""ATNF""}"
J1943-1237,pulsar,295.8561708333333,-12.628444444444446,,,,,"{""catalogue"": ""ATNF""}"
J1943+2210,pulsar,295.81871249999995,22.1730975,,,,,"{""catalogue"": ""ATNF""}"
J1943+5815,pulsar,295.8465625,58.264744444444446,,,,,"{""catalogue"": ""ATNF""}"
J1944+0907,pulsar,296.03887490833336,9.123063533333333,,,,,"{""catalogue"": ""ATNF""}"
J1944-1750,pulsar,296.0217916666667,-17.836388888888887,,,,,"{""catalogue"": ""ATNF""}"
J1944+1755,pulsar,296.1325,17.928444444444445,,,,,"{""catalogue"": ""ATNF""}"
J1944+2236,pulsar,296.00446125,22.606283333333334,,,,,"{""catalogue"": ""ATNF""}"
J1945-0040,pulsar,296.36829166666666,-0.6828055555555556,,,,,"{""catalogue"": ""ATNF""}"
J1945+1211,pulsar,296.29816666666665,12.196166666666667,,,,,"{""catalogue"": ""ATNF""}"
J1945+1834,pulsar,296.4004166666667,18.57225,,,,,"{""catalogue"": ""ATNF""}"
J1946-1312,pulsar,296.74095416666665,-13.210111111111111,,,,,"{""catalogue"": ""ATNF""}"
J1946+1805,pulsar,296.7210166666666,18.09478888888889,,,,,"{""catalogue"": ""ATNF""}"
J1946+2052,pulsar,296.55887499999994,20.87351111111111,,,,,"{""catalogue"": ""ATNF""}"
J1946+2244,pulsar,296.6037083333333,22.749833333333335,,,,,"{""catalogue"": ""ATNF""}"
J1946+2535,pulsar,296.7045833333333,25.597638888888888,,,,,"{""catalogue"": ""ATNF""}"
J1946+2611,pulsar,296.690875,26.197,,,,,"{""catalogue"": ""ATNF""}"
J1946-2913,pulsar,296.7155583333333,-29.22975,,,,,"{""catalogue"": ""ATNF""}"
J1946+3417,pulsar,296.6047078958333,34.287413916666665,,,,,"{""catalogue"": ""ATNF""}"
J1946-5403,pulsar,296.6437375,-54.06180833333333,,,,,"{""catalogue"": ""ATNF""}"
J1947+0915,pulsar,296.94258333333335,9.252222222222223,,,,,"{""catalogue"": ""ATNF""}"
J1947-18,pulsar,296.8791666666667,-18.97,,,,,"{""catalogue"": ""ATNF""}"
J1947+1957,pulsar,296.8309791666667,19.952330555555555,,,,,"{""catalogue"": ""ATNF""}"
J1948+1808,pulsar,297.0922041666667,18.141708333333334,,,,,"{""catalogue"": ""ATNF""}"
J1948+2333,pulsar,297.0804875,23.550897222222222,,,,,"{""catalogue"": ""ATNF""}"
J1948+2551,pulsar,297.0732458333334,25.864430555555558,,,,,"{""catalogue"": ""ATNF""}"
J1948+2819,pulsar,297.15995833333335,28.32223888888889,,,,,"{""catalogue"": ""ATNF""}"
J1948+3540,pulsar,297.1041945833333,35.669738055555555,,,,,"{""catalogue"": ""ATNF""}"
J1949+2306,pulsar,297.2805,23.11541666666667,,,,,"{""catalogue"": ""ATNF""}"
J1949-2524,pulsar,297.35587499999997,-25.400277777777777,,,,,"{""catalogue"": ""ATNF""}"
J1949+3106,pulsar,297.3734894183333,31.101057233333336,,,,,"{""catalogue"": ""ATNF""}"
J1949+3426,pulsar,297.3069625,34.442747222222216,,,,,"{""catalogue"": ""ATNF""}"
J1950+2414,pulsar,297.68776525416666,24.24915663888889,,,,,"{""catalogue"": ""ATNF""}"
J1950+3001,pulsar,297.72366666666665,30.02852777777778,,,,,"{""catalogue"": ""ATNF""}"
J1951+1123,pulsar,297.78437500000007,11.390333333333333,,,,,"{""catalogue"": ""ATNF""}"
J1951+4724,pulsar,297.7810416666667,47.409749999999995,,,,,"{""catalogue"": ""ATNF""}"
J1952+1410,pulsar,298.025625,14.124833333333333,,,,,"{""catalogue"": ""ATNF""}"
J1952+2513,pulsar,298.08640833333334,25.228916666666667,,,,,"{""catalogue"": ""ATNF""}"
J1952+2630,pulsar,298.15350097500004,26.507801194444443,,,,,"{""catalogue"": ""ATNF""}"
J1952+3021,pulsar,298.08206666666666,30.355555555555558,,,,,"{""catalogue"": ""ATNF""}"
J1952+3252,pulsar,298.242525,32.877919444444444,,,,,"{""catalogue"": ""ATNF""}"
J1953+1149,pulsar,298.44779166666666,11.8285,,,,,"{""catalogue"": ""ATNF""}"
J1953+1846A,pulsar,298.44374999999997,18.779166666666665,,,,,"{""catalogue"": ""ATNF""}"
J1953+1846B,pulsar,298.44374999999997,18.779166666666665,,,,,"{""catalogue"": ""ATNF""}"
J1953+1846C,pulsar,298.44374999999997,18.779166666666665,,,,,"{""catalogue"": ""ATNF""}"
J1953+1846D,pulsar,298.44374999999997,18.779166666666665,,,,,"{""catalogue"": ""ATNF""}"
J1953+2732,pulsar,298.2825,27.546722222222225,,,,,"{""catalogue"": ""ATNF""}"
J1953+2819,pulsar,298.396825,28.327644444444445,,,,,"{""catalogue"": ""ATNF""}"
J1954+1021,pulsar,298.6533333333333,10.352916666666665,,,,,"{""catalogue"": ""ATNF""}"
J1954+2407,pulsar,298.50155833333326,24.120555555555555,,,,,"{""catalogue"": ""ATNF""}"
J1954+2529,pulsar,298.58214999999996,25.490927777777777,,,,,"{""catalogue"": ""ATNF""}"
J1954+2836,pulsar,298.57979166666667,28.601666666666667,,,,,"{""catalogue"": ""ATNF""}"
J1954+2923,pulsar,298.59397499999994,29.38813611111111,,,,,"{""catalogue"": ""ATNF""}"
J1954+3852,pulsar,298.5045125,38.87107777777778,,,,,"{""catalogue"": ""ATNF""}"
J1954+4357,pulsar,298.66020416666663,43.96038055555556,,,,,"{""catalogue"": ""ATNF""}"
J1955-0907,pulsar,298.9875,-9.120555555555557,,,,,"{""catalogue"": ""ATNF""}"
J1955+2527,pulsar,298.99748012500004,25.450956388888887,,,,,"{""catalogue"": ""ATNF""}"
J1955+2908,pulsar,298.8661469291667,29.145398136111112,,,,,"{""catalogue"": ""ATNF""}"
J1955+2930,pulsar,298.7813625,29.513833333333334,,,,,"{""catalogue"": ""ATNF""}"
J1955+5059,pulsar,298.8281820833334,50.998692222222225,,,,,"{""catalogue"": ""ATNF""}"
J1955+6708,pulsar,298.91152895833335,67.13753627777778,,,,,"{""catalogue"": ""ATNF""}"
J1956+0838,pulsar,299.21774999999997,8.638,,,,,"{""catalogue"": ""ATNF""}"
J1956-2752,pulsar,299.1166666666667,-27.88222222222222,,,,,"{""catalogue"": ""ATNF""}"
J1957-0002,pulsar,299.4275833333333,-0.035222222222222224,,,,,"{""catalogue"": ""ATNF""}"
J1957+2516,pulsar,299.39421458333334,25.267243333333333,,,,,"{""catalogue"": ""ATNF""}"
J1957+2831,pulsar,299.33082083333335,28.528844444444445,,,,,"{""catalogue"": ""ATNF""}"
J1957+5033,pulsar,299.4120833333333,50.555,,,,,"{""catalogue"": ""ATNF""}"
J1958+2846,pulsar,299.66695833333335,28.765,,,,,"{""catalogue"": ""ATNF""}"
J1958+3033,pulsar,299.52841666666666,30.56463888888889,,,,,"{""catalogue"": ""ATNF""}"
J1959+2048,pulsar,299.90320783333334,20.804200611111114,,,,,"{""catalogue"": ""ATNF""}"
J1959+3620,pulsar,299.90845833333333,36.34141666666667,,,,,"{""catalogue"": ""ATNF""}"
J2000+2920,pulsar,300.06878333333333,29.335408333333334,,,,,"{""catalogue"": ""ATNF""}"
J2001-0349,pulsar,300.472125,-3.82875,,,,,"{""catalogue"": ""ATNF""}"
J2001+0701,pulsar,300.46232899999995,7.027679166666666,,,,,"{""catalogue"": ""ATNF""}"
J2001+4258,pulsar,300.294125,42.968405555555556,,,,,"{""catalogue"": ""ATNF""}"
J2002+1637,pulsar,300.6990416666667,16.621305555555555,,,,,"{""catalogue"": ""ATNF""}"
J2002+3217,pulsar,300.51843333333335,32.28841944444444,,,,,"{""catalogue"": ""ATNF""}"
J2002+4050,pulsar,300.68345833333336,40.848308333333335,,,,,"{""catalogue"": ""ATNF""}"
J2003+2916,pulsar,300.7633083333333,29.266933333333334,,,,,"{""catalogue"": ""ATNF""}"
J2004+2653,pulsar,301.24591666666663,26.894555555555556,,,,,"{""catalogue"": ""ATNF""}"
J2004+3137,pulsar,301.2178583333333,31.619447222222224,,,,,"{""catalogue"": ""ATNF""}"
J2004+3429,pulsar,301.19570833333336,34.48825,,,,,"{""catalogue"": ""ATNF""}"
J2005-0020,pulsar,301.43224999999995,-0.33941666666666664,,,,,"{""catalogue"": ""ATNF""}"
J2005+3547,pulsar,301.3228875,35.790388888888884,,,,,"{""catalogue"": ""ATNF""}"
J2005+3552,pulsar,301.44791666666663,35.873416666666664,,,,,"{""catalogue"": ""ATNF""}"
J2006+0148,pulsar,301.62105375,1.8149775000000001,,,,,"{""catalogue"": ""ATNF""}"
J2006-0807,pulsar,301.5681875,-8.117268611111111,,,,,"{""catalogue"": ""ATNF""}"
J2006+3102,pulsar,301.54583333333335,31.034166666666668,,,,,"{""catalogue"": ""ATNF""}"
J2006+4058,pulsar,301.66290833333335,40.981522222222225,,,,,"{""catalogue"": ""ATNF""}"
J2007+0809,pulsar,301.80625000000003,8.159166666666668,,,,,"{""catalogue"": ""ATNF""}"
J2007+0910,pulsar,301.99209625000003,9.170258333333333,,,,,"{""catalogue"": ""ATNF""}"
J2007+2722,pulsar,301.8159533333333,27.379976111111112,,,,,"{""catalogue"": ""ATNF""}"
J2007+3120,pulsar,301.78755,31.347649999999998,,,,,"{""catalogue"": ""ATNF""}"
J2008+2513,pulsar,302.1478416666667,25.225099999999998,,,,,"{""catalogue"": ""ATNF""}"
J2008+3139,pulsar,302.16661416666665,31.6576,,,,,"{""catalogue"": ""ATNF""}"
J2008+3758,pulsar,301.9945833333333,37.97027777777778,,,,,"{""catalogue"": ""ATNF""}"
J2009+3326,pulsar,302.4548333333333,33.436166666666665,,,,,"{""catalogue"": ""ATNF""}"
J2010-1323,pulsar,302.691339275,-13.398915361111111,,,,,"{""catalogue"": ""ATNF""}"
J2010+2845,pulsar,302.52111666666667,28.75810277777778,,,,,"{""catalogue"": ""ATNF""}"
J2010+3051,pulsar,302.51647583333335,30.85524777777778,,,,,"{""catalogue"": ""ATNF""}"
J2010+3230,pulsar,302.6104166666667,32.502027777777776,,,,,"{""catalogue"": ""ATNF""}"
J2011+3331,pulsar,302.77052499999996,33.52351111111111,,,,,"{""catalogue"": ""ATNF""}"
J2012-2029,pulsar,303.19416666666666,-20.491944444444446,,,,,"{""catalogue"": ""ATNF""}"
J2013-0649,pulsar,303.32396124999997,-6.818163888888889,,,,,"{""catalogue"": ""ATNF""}"
J2013+3058,pulsar,303.39272083333327,30.98074722222222,,,,,"{""catalogue"": ""ATNF""}"
J2013+3845,pulsar,303.2931958333333,38.762030555555555,,,,,"{""catalogue"": ""ATNF""}"
J2015+0756,pulsar,303.9983144583333,7.943347611111111,,,,,"{""catalogue"": ""ATNF""}"
J2015+2524,pulsar,303.80291666666665,25.408694444444443,,,,,"{""catalogue"": ""ATNF""}"
J2016+1948,pulsar,304.23934787499996,19.79766338888889,,,,,"{""catalogue"": ""ATNF""}"
J2017+0603,pulsar,304.34460509583334,6.051545536111111,,,,,"{""catalogue"": ""ATNF""}"
J2017-1614,pulsar,304.44228250000003,-16.23764166666667,,,,,"{""catalogue"": ""ATNF""}"
J2017+2043,pulsar,304.370575,20.725527777777778,,,,,"{""catalogue"": ""ATNF""}"
J2017-2737,pulsar,304.2583333333333,-27.51388888888889,,,,,"{""catalogue"": ""ATNF""}"
J2017+3625,pulsar,304.48266666666666,36.418861111111106,,,,,"{""catalogue"": ""ATNF""}"
J2017+5906,pulsar,304.435625,59.11304722222222,,,,,"{""catalogue"": ""ATNF""}"
J2018−0414,pulsar,304.5433575,-4.236847222222222,,,,,"{""catalogue"": ""ATNF""}"
J2018+2839,pulsar,304.51597208333334,28.665058888888886,,,,,"{""catalogue"": ""ATNF""}"
J2018+3431,pulsar,304.72165,34.51680833333333,,,,,"{""catalogue"": ""ATNF""}"
J2019+2425,pulsar,304.88312083333335,24.420917722222224,,,,,"{""catalogue"": ""ATNF""}"
J2021+3651,pulsar,305.27275000000003,36.851333333333336,,,,,"{""catalogue"": ""ATNF""}"
J2021+4026,pulsar,305.3749583333334,40.44586111111111,,,,,"{""catalogue"": ""ATNF""}"
J2022+2534,pulsar,305.6385692083333,25.57846888888889,,,,,"{""catalogue"": ""ATNF""}"
J2022+2854,pulsar,305.65444625,28.906417777777776,,,,,"{""catalogue"": ""ATNF""}"
J2022+3842,pulsar,305.59037083333334,38.70411666666667,,,,,"{""catalogue"": ""ATNF""}"
J2022+5154,pulsar,305.7078041666666,51.91395361111111,,,,,"{""catalogue"": ""ATNF""}"
J2023+5037,pulsar,305.92476125,50.62634944444444,,,,,"{""catalogue"": ""ATNF""}"
J2027+0255,pulsar,306.87861624999994,2.927217222222222,,,,,"{""catalogue"": ""ATNF""}"
J2027+2146,pulsar,306.8195416666667,21.76789722222222,,,,,"{""catalogue"": ""ATNF""}"
J2027+4557,pulsar,306.8176375,45.96585555555556,,,,,"{""catalogue"": ""ATNF""}"
J2027+7502,pulsar,306.8469583333333,75.04147499999999,,,,,"{""catalogue"": ""ATNF""}"
J2028+3332,pulsar,307.08275,33.53454444444444,,,,,"{""catalogue"": ""ATNF""}"
J2029+3744,pulsar,307.3494666666667,37.73560277777778,,,,,"{""catalogue"": ""ATNF""}"
J2030+2228,pulsar,307.668525,22.472730555555554,,,,,"{""catalogue"": ""ATNF""}"
J2030+3641,pulsar,307.50108750000004,36.690875,,,,,"{""catalogue"": ""ATNF""}"
J2030+4415,pulsar,307.7139583333333,44.26058333333334,,,,,"{""catalogue"": ""ATNF""}"
J2032+4127,pulsar,308.05466250000006,41.45675277777778,,,,,"{""catalogue"": ""ATNF""}"
J2033+0042,pulsar,308.3796666666667,0.7066944444444444,,,,,"{""catalogue"": ""ATNF""}"
J2033+1734,pulsar,308.36463130416666,17.58290637777778,,,,,"{""catalogue"": ""ATNF""}"
J2033-1938,pulsar,308.48083333333335,-19.649722222222223,,,,,"{""catalogue"": ""ATNF""}"
J2036+2835,pulsar,309.1931791666667,28.586233333333332,,,,,"{""catalogue"": ""ATNF""}"
J2036+6646,pulsar,309.218,66.77241666666667,,,,,"{""catalogue"": ""ATNF""}"
J2037+1942,pulsar,309.31058333333334,19.715083333333332,,,,,"{""catalogue"": ""ATNF""}"
J2037+3621,pulsar,309.3643333333333,36.35669444444444,,,,,"{""catalogue"": ""ATNF""}"
J2038-3816,pulsar,309.7265,-38.271,,,,,"{""catalogue"": ""ATNF""}"
J2038+5319,pulsar,309.5131666666667,53.32022222222223,,,,,"{""catalogue"": ""ATNF""}"
J2039-3616,pulsar,309.8190997083333,-36.27144916666666,,,,,"{""catalogue"": ""ATNF""}"
J2039-5617,pulsar,309.8957004166666,-56.28590777777777,,,,,"{""catalogue"": ""ATNF""}"
J2040+1657,pulsar,310.07443750000004,16.95846111111111,,,,,"{""catalogue"": ""ATNF""}"
J2042+0246,pulsar,310.5458452916667,2.770665833333333,,,,,"{""catalogue"": ""ATNF""}"
J2043+1711,pulsar,310.83700563499997,17.191361108333332,,,,,"{""catalogue"": ""ATNF""}"
J2043+2740,pulsar,310.93125,27.682222222222222,,,,,"{""catalogue"": ""ATNF""}"
J2044+4614,pulsar,311.245,46.248333333333335,,,,,"{""catalogue"": ""ATNF""}"
J2045+0912,pulsar,311.44726583333335,9.2081,,,,,"{""catalogue"": ""ATNF""}"
J2045+3633,pulsar,311.25627125,36.550390166666666,,,,,"{""catalogue"": ""ATNF""}"
J2045-68,pulsar,311.3208333333334,-68.60555555555555,,,,,"{""catalogue"": ""ATNF""}"
J2046-0421,pulsar,311.50072083333333,-4.357293333333333,,,,,"{""catalogue"": ""ATNF""}"
J2046+1540,pulsar,311.6639054166667,15.675988333333333,,,,,"{""catalogue"": ""ATNF""}"
J2046+5708,pulsar,311.6942041666666,57.143636111111114,,,,,"{""catalogue"": ""ATNF""}"
J2047+1053,pulsar,311.7926916666667,10.8855,,,,,"{""catalogue"": ""ATNF""}"
J2047+5029,pulsar,311.9776666666667,50.49393611111111,,,,,"{""catalogue"": ""ATNF""}"
J2048-1616,pulsar,312.1485026541667,-16.27904263888889,,,,,"{""catalogue"": ""ATNF""}"
J2048+2255,pulsar,312.1911166666667,22.918141666666667,,,,,"{""catalogue"": ""ATNF""}"
J2048+4951,pulsar,312.23325833333337,49.86472777777778,,,,,"{""catalogue"": ""ATNF""}"
J2050+1259,pulsar,312.738375,12.985833333333332,,,,,"{""catalogue"": ""ATNF""}"
J2051-0827,pulsar,312.78133236666673,-8.460486027777778,,,,,"{""catalogue"": ""ATNF""}"
J2051+1248,pulsar,312.8735833333334,12.805972222222223,,,,,"{""catalogue"": ""ATNF""}"
J2051+50,pulsar,312.95416666666665,50.668055555555554,,,,,"{""catalogue"": ""ATNF""}"
J2052+1219,pulsar,313.199075125,12.333061666666666,,,,,"{""catalogue"": ""ATNF""}"
J2053+1718,pulsar,313.4561704166667,17.312406111111112,,,,,"{""catalogue"": ""ATNF""}"
J2053+4650,pulsar,313.46928349999996,46.847699472222224,,,,,"{""catalogue"": ""ATNF""}"
J2053+4718,pulsar,313.4395416666666,47.31536111111111,,,,,"{""catalogue"": ""ATNF""}"
J2053-7200,pulsar,313.447,-72.0118,,,,,"{""catalogue"": ""ATNF""}"
J2055+15,pulsar,314.0104166666667,15.7875,,,,,"{""catalogue"": ""ATNF""}"
J2055+2209,pulsar,313.9131291666667,22.15756111111111,,,,,"{""catalogue"": ""ATNF""}"
J2055+2539,pulsar,313.95375,25.66638888888889,,,,,"{""catalogue"": ""ATNF""}"
J2055+3630,pulsar,313.88063375,36.50596361111111,,,,,"{""catalogue"": ""ATNF""}"
J2055+3829,pulsar,313.79294395833335,38.49191825277778,,,,,"{""catalogue"": ""ATNF""}"
J2057+4701,pulsar,314.28897916666665,47.018116666666664,,,,,"{""catalogue"": ""ATNF""}"
J2105+6223,pulsar,316.30387499999995,62.384861111111114,,,,,"{""catalogue"": ""ATNF""}"
J2108-3429,pulsar,317.1270416666666,-34.49386111111111,,,,,"{""catalogue"": ""ATNF""}"
J2108+4441,pulsar,317.0853416666667,44.69690833333333,,,,,"{""catalogue"": ""ATNF""}"
J2108+4516,pulsar,317.0972631375,45.27360214805555,,,,,"{""catalogue"": ""ATNF""}"
J2111+2106,pulsar,317.88804166666665,21.101944444444445,,,,,"{""catalogue"": ""ATNF""}"
J2111+4606,pulsar,317.8505416666667,46.108694444444446,,,,,"{""catalogue"": ""ATNF""}"
J2112+4058,pulsar,318.21566666666666,40.967777777777776,,,,,"{""catalogue"": ""ATNF""}"
J2113+2754,pulsar,318.2681275,27.900322222222222,,,,,"{""catalogue"": ""ATNF""}"
J2113+4644,pulsar,318.35137291666666,46.73579,,,,,"{""catalogue"": ""ATNF""}"
J2115+5448,pulsar,318.7990325,54.81254277777777,,,,,"{""catalogue"": ""ATNF""}"
J2116+1345,pulsar,319.20708333333334,13.755833333333333,,,,,"{""catalogue"": ""ATNF""}"
J2116+1414,pulsar,319.0573,14.239177777777776,,,,,"{""catalogue"": ""ATNF""}"
J2116+3701,pulsar,319.0596,37.02531388888889,,,,,"{""catalogue"": ""ATNF""}"
J2122+2426,pulsar,320.6625833333333,24.445805555555555,,,,,"{""catalogue"": ""ATNF""}"
J2123+5434,pulsar,320.84034625,54.56880944444445,,,,,"{""catalogue"": ""ATNF""}"
J2124+1407,pulsar,321.1940583333333,14.122027777777777,,,,,"{""catalogue"": ""ATNF""}"
J2124-3358,pulsar,321.18269200416665,-33.979169544444446,,,,,"{""catalogue"": ""ATNF""}"
J2127-6648,pulsar,321.8803333333333,-66.80780555555555,,,,,"{""catalogue"": ""ATNF""}"
J2129-0429,pulsar,322.43766250000004,-4.484886111111111,,,,,"{""catalogue"": ""ATNF""}"
J2129+1210A,pulsar,322.4926938,12.167009416666666,,,,,"{""catalogue"": ""ATNF""}"
J2129+1210B,pulsar,322.4943,12.166752777777777,,,,,"{""catalogue"": ""ATNF""}"
J2129+1210C,pulsar,322.5050175,12.177280277777777,,,,,"{""catalogue"": ""ATNF""}"
J2129+1210D,pulsar,322.49280833333336,12.166594444444446,,,,,"{""catalogue"": ""ATNF""}"
J2129+1210E,pulsar,322.49244583333336,12.16906388888889,,,,,"{""catalogue"": ""ATNF""}"
J2129+1210F,pulsar,322.4882416666667,12.167475,,,,,"{""catalogue"": ""ATNF""}"
J2129+1210G,pulsar,322.49145833333336,12.165916666666668,,,,,"{""catalogue"": ""ATNF""}"
J2129+1210H,pulsar,322.49243333333334,12.166508333333333,,,,,"{""catalogue"": ""ATNF""}"
J2129+1210I,pulsar,322.4929166666667,12.166944444444443,,,,,"{""catalogue"": ""ATNF""}"
J2129+4119,pulsar,322.3394166666667,41.331944444444446,,,,,"{""catalogue"": ""ATNF""}"
J2129-5721,pulsar,322.34488010416663,-57.35395751944444,,,,,"{""catalogue"": ""ATNF""}"
J2133-0049A,pulsar,323.3625,-0.8233333333333334,,,,,"{""catalogue"": ""ATNF""}"
J2133-0049B,pulsar,323.3625,-0.8233333333333334,,,,,"{""catalogue"": ""ATNF""}"
J2133-0049C,pulsar,323.3625,-0.8233333333333334,,,,,"{""catalogue"": ""ATNF""}"
J2133-0049D,pulsar,323.3625,-0.8233333333333334,,,,,"{""catalogue"": ""ATNF""}"
J2133-0049E,pulsar,323.3625,-0.8233333333333334,,,,,"{""catalogue"": ""ATNF""}"
J2136-1606,pulsar,324.0009166666667,-16.103611111111114,,,,,"{""catalogue"": ""ATNF""}"
J2136-5046,pulsar,324.23997083333336,-50.782244444444444,,,,,"{""catalogue"": ""ATNF""}"
J2137+6428,pulsar,324.3344166666667,64.47827777777778,,,,,"{""catalogue"": ""ATNF""}"
J2139+2242,pulsar,324.8620833333333,22.711666666666666,,,,,"{""catalogue"": ""ATNF""}"
J2139+4716,pulsar,324.983125,47.27027777777778,,,,,"{""catalogue"": ""ATNF""}"
J2140-2310A,pulsar,325.09335875,-23.180220444444444,,,,,"{""catalogue"": ""ATNF""}"
J2140-2311B,pulsar,325.0916666666667,-23.179722222222225,,,,,"{""catalogue"": ""ATNF""}"
J2143+0654,pulsar,325.7640833333333,6.9048694444444445,,,,,"{""catalogue"": ""ATNF""}"
J2144-3933,pulsar,326.05025168333333,-39.5658014,,,,,"{""catalogue"": ""ATNF""}"
J2144-5237,pulsar,326.1485416666667,-52.61875833333333,,,,,"{""catalogue"": ""ATNF""}"
J2145-0750,pulsar,326.460248025,-7.838474527777778,,,,,"{""catalogue"": ""ATNF""}"
J2149+6329,pulsar,327.49459708333336,63.4956325,,,,,"{""catalogue"": ""ATNF""}"
J2150-0326,pulsar,327.61348045833336,-3.4424533333333334,,,,,"{""catalogue"": ""ATNF""}"
J2150+5247,pulsar,327.65729124999996,52.79709888888889,,,,,"{""catalogue"": ""ATNF""}"
J2151+2315,pulsar,327.87041666666664,23.253555555555554,,,,,"{""catalogue"": ""ATNF""}"
J2154-2812,pulsar,328.57237499999997,-28.211388888888887,,,,,"{""catalogue"": ""ATNF""}"
J2155+2813,pulsar,328.8159166666667,28.220027777777776,,,,,"{""catalogue"": ""ATNF""}"
J2155-3118,pulsar,328.80670833333335,-31.315194444444444,,,,,"{""catalogue"": ""ATNF""}"
J2155-5641,pulsar,328.7558333333333,-56.69916666666666,,,,,"{""catalogue"": ""ATNF""}"
J2156+2618,pulsar,329.0987666666667,26.30846388888889,,,,,"{""catalogue"": ""ATNF""}"
J2157+4017,pulsar,329.25770624999996,40.29610722222222,,,,,"{""catalogue"": ""ATNF""}"
J2204+2700,pulsar,331.1817041666667,27.015191666666666,,,,,"{""catalogue"": ""ATNF""}"
J2205+1444,pulsar,331.3218625,14.742027777777777,,,,,"{""catalogue"": ""ATNF""}"
J2205+6012,pulsar,331.3925059,60.21531685555556,,,,,"{""catalogue"": ""ATNF""}"
J2206+6151,pulsar,331.5754958333333,61.86613888888889,,,,,"{""catalogue"": ""ATNF""}"
J2208+4056,pulsar,332.0083041666667,40.933841666666666,,,,,"{""catalogue"": ""ATNF""}"
J2208+4610,pulsar,332.0973333333333,46.16804444444444,,,,,"{""catalogue"": ""ATNF""}"
J2208+5500,pulsar,332.09883333333335,55.00233611111111,,,,,"{""catalogue"": ""ATNF""}"
J2212+2450,pulsar,333.11424999999997,24.842888888888886,,,,,"{""catalogue"": ""ATNF""}"
J2212+2933,pulsar,333.0972683333333,29.551503055555557,,,,,"{""catalogue"": ""ATNF""}"
J2214+3000,pulsar,333.6618904625,30.01060877777778,,,,,"{""catalogue"": ""ATNF""}"
J2215+1538,pulsar,333.9152208333333,15.643022222222221,,,,,"{""catalogue"": ""ATNF""}"
J2215+4524,pulsar,333.94404166666664,45.41222222222222,,,,,"{""catalogue"": ""ATNF""}"
J2215+5135,pulsar,333.88620166666664,51.593427777777784,,,,,"{""catalogue"": ""ATNF""}"
J2216+5759,pulsar,334.02174999999994,57.99825,,,,,"{""catalogue"": ""ATNF""}"
J2217+5733,pulsar,334.4792916666667,57.551111111111105,,,,,"{""catalogue"": ""ATNF""}"
J2219+4754,pulsar,334.95057916666667,47.91498055555555,,,,,"{""catalogue"": ""ATNF""}"
J2222-0137,pulsar,335.524871,-1.62103475,,,,,"{""catalogue"": ""ATNF""}"
J2222+2923,pulsar,335.7634333333333,29.399625,,,,,"{""catalogue"": ""ATNF""}"
J2225+6535,pulsar,336.47026125,65.59343638888889,,,,,"{""catalogue"": ""ATNF""}"
J2227+3038,pulsar,336.92404166666665,30.63911111111111,,,,,"{""catalogue"": ""ATNF""}"
J2228+6447,pulsar,337.16875,64.78872222222222,,,,,"{""catalogue"": ""ATNF""}"
J2228-65,pulsar,337.07499999999993,-65.19638888888889,,,,,"{""catalogue"": ""ATNF""}"
J2229+2643,pulsar,337.4620184041667,26.7326789,,,,,"{""catalogue"": ""ATNF""}"
J2229+6114,pulsar,337.272,61.23591666666667,,,,,"{""catalogue"": ""ATNF""}"
J2229+6205,pulsar,337.42430833333333,62.093338888888894,,,,,"{""catalogue"": ""ATNF""}"
J2234+0611,pulsar,338.596137875,6.191301758333333,,,,,"{""catalogue"": ""ATNF""}"
J2234+0944,pulsar,338.6952257208334,9.741728444444444,,,,,"{""catalogue"": ""ATNF""}"
J2234+2114,pulsar,338.736,21.238555555555557,,,,,"{""catalogue"": ""ATNF""}"
J2235+1506,pulsar,338.93208375,15.113627777777777,,,,,"{""catalogue"": ""ATNF""}"
J2236-5527,pulsar,339.21604583333334,-55.46356472222222,,,,,"{""catalogue"": ""ATNF""}"
J2237+2828,pulsar,339.3725416666667,28.477999999999998,,,,,"{""catalogue"": ""ATNF""}"
J2238+5903,pulsar,339.6177916666667,59.06133333333333,,,,,"{""catalogue"": ""ATNF""}"
J2240+5832,pulsar,340.1789125,58.543755555555556,,,,,"{""catalogue"": ""ATNF""}"
J2241-5236,pulsar,340.42511243375,-52.61006655277778,,,,,"{""catalogue"": ""ATNF""}"
J2241+6941,pulsar,340.33459166666665,69.69992500000001,,,,,"{""catalogue"": ""ATNF""}"
J2242+6950,pulsar,340.735,69.84780555555555,,,,,"{""catalogue"": ""ATNF""}"
J2243+1518,pulsar,340.79069999999996,15.306975000000001,,,,,"{""catalogue"": ""ATNF""}"
J2248-0101,pulsar,342.1120245833333,-1.030023611111111,,,,,"{""catalogue"": ""ATNF""}"
J2251-3711,pulsar,342.93333333333334,-37.196666666666665,,,,,"{""catalogue"": ""ATNF""}"
J2253+1516,pulsar,343.31055416666663,15.277175000000002,,,,,"{""catalogue"": ""ATNF""}"
J2256-1024,pulsar,344.23497058333334,-10.40955138888889,,,,,"{""catalogue"": ""ATNF""}"
J2257+5909,pulsar,344.4906,59.15411944444444,,,,,"{""catalogue"": ""ATNF""}"
J2301+5852,pulsar,345.28454166666666,58.87901388888889,,,,,"{""catalogue"": ""ATNF""}"
J2302+4442,pulsar,345.69574327916666,44.706133475,,,,,"{""catalogue"": ""ATNF""}"
J2302+6028,pulsar,345.5466666666667,60.46672777777778,,,,,"{""catalogue"": ""ATNF""}"
J2305+3100,pulsar,346.493005,31.000355833333334,,,,,"{""catalogue"": ""ATNF""}"
J2305+4707,pulsar,346.482675,47.12925555555556,,,,,"{""catalogue"": ""ATNF""}"
J2307+2225,pulsar,346.92203333333333,22.43058888888889,,,,,"{""catalogue"": ""ATNF""}"
J2308+5547,pulsar,347.05759166666667,55.79334166666666,,,,,"{""catalogue"": ""ATNF""}"
J2310-0555,pulsar,347.5267916666667,-5.926638888888889,,,,,"{""catalogue"": ""ATNF""}"
J2310+6706,pulsar,347.675,67.11447222222222,,,,,"{""catalogue"": ""ATNF""}"
J2312+6931,pulsar,348.16220833333335,69.51777777777778,,,,,"{""catalogue"": ""ATNF""}"
J2313+4253,pulsar,348.2859204166666,42.88695638888889,,,,,"{""catalogue"": ""ATNF""}"
J2317+1439,pulsar,349.28848492083335,14.658683616666668,,,,,"{""catalogue"": ""ATNF""}"
J2317+2149,pulsar,349.4910079166667,21.830005277777776,,,,,"{""catalogue"": ""ATNF""}"
J2319+6411,pulsar,349.8967083333333,64.1904875,,,,,"{""catalogue"": ""ATNF""}"
J2321+6024,pulsar,350.4800541666667,60.40853055555555,,,,,"{""catalogue"": ""ATNF""}"
J2322+2057,pulsar,350.5930631666667,20.950743666666664,,,,,"{""catalogue"": ""ATNF""}"
J2322-2650,pulsar,350.64433349999996,-26.849532527777775,,,,,"{""catalogue"": ""ATNF""}"
J2323+1214,pulsar,350.84007916666667,12.23686111111111,,,,,"{""catalogue"": ""ATNF""}"
J2324-6054,pulsar,351.1130833333333,-60.901609444444446,,,,,"{""catalogue"": ""ATNF""}"
J2325-0530,pulsar,351.31375,-5.510833333333333,,,,,"{""catalogue"": ""ATNF""}"
J2325+6316,pulsar,351.30549833333333,63.281211666666664,,,,,"{""catalogue"": ""ATNF""}"
J2326+6113,pulsar,351.74457083333334,61.226796666666665,,,,,"{""catalogue"": ""ATNF""}"
J2329+4743,pulsar,352.38145000000003,47.72770277777778,,,,,"{""catalogue"": ""ATNF""}"
J2330-2005,pulsar,352.61202083333336,-20.09156388888889,,,,,"{""catalogue"": ""ATNF""}"
J2333+6145,pulsar,353.3310333333334,61.758358333333334,,,,,"{""catalogue"": ""ATNF""}"
J2337+6151,pulsar,354.2740083333333,61.850425,,,,,"{""catalogue"": ""ATNF""}"
J2338+4818,pulsar,354.5257875,48.30894166666666,,,,,"{""catalogue"": ""ATNF""}"
J2339-0533,pulsar,354.91141666666664,-5.5514777777777775,,,,,"{""catalogue"": ""ATNF""}"
J2340+08,pulsar,355.1875,8.55,,,,,"{""catalogue"": ""ATNF""}"
J2346-0609,pulsar,356.7104075,-6.166638611111112,,,,,"{""catalogue"": ""ATNF""}"
J2351+8533,pulsar,357.7625,85.55572222222222,,,,,"{""catalogue"": ""ATNF""}"
J2354-22,pulsar,358.6083333333333,-22.864722222222223,,,,,"{""catalogue"": ""ATNF""}"
J2354+6155,pulsar,358.51992916666666,61.929679166666666,,,,,"{""catalogue"": ""ATNF""}"
J2355+0051,pulsar,358.9637020833333,0.8526583333333333,,,,,"{""catalogue"": ""ATNF""}"
J2355+1523,pulsar,358.95258333333334,15.388333333333334,,,,,"{""catalogue"": ""ATNF""}"
J2355+2246,pulsar,358.95750000000004,22.77138888888889,,,,,"{""catalogue"": ""ATNF""}"
