n,n_usable,n_bad,bits,err_deg,success,failure_reason,residual,estimator,n_sources_used,mirror_wrong,chirality_used,scenario,t_years,rep
30,21,2,3280,106.31534427618485,True,,0.049921365719879505,ransac,5,False,True,E8|NC1_random_b,1000000.0,0
30,24,1,3312,53.533305578259565,True,,0.04429131286391306,ransac,4,False,True,E8|NC1_random_b,1000000.0,1
30,22,1,3312,78.39548739522976,True,,0.018575279187964745,ransac,5,False,True,E8|NC1_random_b,1000000.0,2
30,23,3,3328,40.086266381059836,True,,0.0323647896431598,ransac,6,False,True,E8|NC1_random_b,1000000.0,3
30,24,1,3264,34.96828778228241,True,,0.04187343199803431,ransac,4,False,True,E8|NC1_random_b,1000000.0,4
30,24,4,3312,141.22339850691054,True,,0.03906825411931367,ransac,6,False,True,E8|NC1_random_b,1000000.0,5
30,24,1,3248,31.014449003561662,True,,0.03016703856138056,ransac,4,False,True,E8|NC1_random_b,1000000.0,6
30,24,0,3296,88.32691121534043,True,,0.03486733483087233,ransac,5,False,True,E8|NC1_random_b,1000000.0,7
30,22,1,3264,89.37870322530453,True,,0.049860241406613375,ransac,7,False,True,E8|NC1_random_b,1000000.0,8
30,21,0,3232,75.43945759304857,True,,0.00913069767129935,ransac,4,False,True,E8|NC1_random_b,1000000.0,9
30,26,1,3232,63.578294291010565,True,,0.05068320097126681,ransac,5,False,True,E8|NC1_random_b,1000000.0,10
30,23,1,3280,122.88284857648834,True,,0.029933174756186634,ransac,5,False,True,E8|NC1_random_b,1000000.0,11
30,19,0,3280,134.44139905092513,True,,0.004593529563040074,ransac,3,False,True,E8|NC1_random_b,1000000.0,12
30,24,1,3312,80.67145911383818,True,,0.024851821150806835,ransac,4,False,True,E8|NC1_random_b,1000000.0,13
30,21,1,3296,125.8851261140366,True,,0.0348564973463085,ransac,5,False,True,E8|NC1_random_b,1000000.0,14
30,24,1,3264,22.856185311323976,True,,0.039715002291948166,ransac,4,False,True,E8|NC1_random_b,1000000.0,15
30,24,2,3280,162.98706047664237,True,,0.04095594363462569,ransac,6,False,True,E8|NC1_random_b,1000000.0,16
30,24,1,3280,144.83133153920664,True,,0.028393820900109362,ransac,5,False,True,E8|NC1_random_b,1000000.0,17
30,25,2,3296,79.86947739921625,True,,0.010223515359551271,ransac,4,False,True,E8|NC1_random_b,1000000.0,18
30,22,0,3312,121.17635513026993,True,,0.04146046223534218,ransac,5,False,True,E8|NC1_random_b,1000000.0,19
30,24,2,3296,152.17164433630356,True,,0.03396367901555578,ransac,5,False,True,E8|NC1_random_b,1000000.0,20
30,24,1,3296,111.58677158016663,True,,0.015189387280249737,ransac,4,False,True,E8|NC1_random_b,1000000.0,21
30,25,1,3328,29.960092311399855,True,,0.021862139783196274,ransac,4,False,True,E8|NC1_random_b,1000000.0,22
30,22,1,3248,111.97259200630164,True,,0.029263958692893225,ransac,5,False,True,E8|NC1_random_b,1000000.0,23
30,23,0,3280,98.5846215640351,True,,0.027460146597607073,ransac,4,False,True,E8|NC1_random_b,1000000.0,24
30,23,1,3264,128.28860897417786,True,,0.029984205097025252,ransac,6,False,True,E8|NC1_random_b,1000000.0,25
30,25,0,3216,133.14903230901044,True,,0.04435086968858756,ransac,4,False,True,E8|NC1_random_b,1000000.0,26
30,23,2,3280,157.1086638671856,True,,0.008164812966515663,ransac,5,False,True,E8|NC1_random_b,1000000.0,27
30,22,2,3296,109.15316774206104,True,,0.027317781629419183,ransac,5,False,True,E8|NC1_random_b,1000000.0,28
30,24,0,3296,95.04780697343683,True,,0.006874409620997394,ransac,4,False,True,E8|NC1_random_b,1000000.0,29
30,23,1,3232,130.02117676033131,True,,0.048408511994796434,ransac,4,False,True,E8|NC1_random_b,1000000.0,30
30,22,1,3232,11.863083079129211,True,,0.008029264820691351,ransac,4,False,True,E8|NC1_random_b,1000000.0,31
30,23,1,3296,57.14005346261131,True,,0.03630118501059121,ransac,5,False,True,E8|NC1_random_b,1000000.0,32
30,23,2,3328,50.137645428325,True,,0.05526299643545525,ransac,5,False,True,E8|NC1_random_b,1000000.0,33
30,21,1,3312,60.96292163597945,True,,0.04326668514783734,ransac,5,False,True,E8|NC1_random_b,1000000.0,34
30,24,1,3296,162.5743915510057,True,,0.04625213175609602,ransac,6,False,True,E8|NC1_random_b,1000000.0,35
30,23,2,3280,113.47356889165815,True,,0.01854975841480015,ransac,4,False,True,E8|NC1_random_b,1000000.0,36
30,26,0,3280,16.88622302084189,True,,0.03370893690688121,ransac,4,False,True,E8|NC1_random_b,1000000.0,37
30,24,3,3264,24.482011602854552,True,,0.020690623712490162,ransac,5,False,True,E8|NC1_random_b,1000000.0,38
30,23,2,3280,34.148844446984576,True,,0.05604795601802351,ransac,5,False,True,E8|NC1_random_b,1000000.0,39
30,24,1,3264,85.07661062981322,True,,0.03815054955866744,ransac,4,False,True,E8|NC1_random_b,1000000.0,40
30,22,1,3280,83.77896578179264,True,,0.05850060443346387,ransac,6,False,True,E8|NC1_random_b,1000000.0,41
30,24,3,3312,12.31904568225024,True,,0.07272698829999528,ransac,4,False,True,E8|NC1_random_b,1000000.0,42
30,23,0,3328,71.84224544125338,True,,0.025692671194416927,ransac,4,False,True,E8|NC1_random_b,1000000.0,43
30,25,2,3280,112.88960272604817,True,,0.03198666460666996,ransac,5,False,True,E8|NC1_random_b,1000000.0,44
30,23,0,3312,91.94638165010198,True,,0.04760386952115794,ransac,6,False,True,E8|NC1_random_b,1000000.0,45
30,22,2,3232,179.3126123594404,True,,0.04932115845736857,ransac,5,False,True,E8|NC1_random_b,1000000.0,46
30,26,4,3280,85.84473327820189,True,,0.01557435011263086,ransac,4,False,True,E8|NC1_random_b,1000000.0,47
30,24,0,3264,71.72704691856833,True,,0.02528213057709123,ransac,5,False,True,E8|NC1_random_b,1000000.0,48
30,22,0,3312,64.91818313125869,True,,0.038849490732398656,ransac,4,False,True,E8|NC1_random_b,1000000.0,49
30,22,1,3312,97.78771385303934,True,,0.03990346661800651,ransac,4,False,True,E8|NC1_random_b,1000000.0,50
30,21,0,3312,119.30435811894856,True,,0.014008095167486611,ransac,4,False,True,E8|NC1_random_b,1000000.0,51
30,23,0,3264,98.22906960331726,True,,0.0035191587967553085,ransac,5,False,True,E8|NC1_random_b,1000000.0,52
30,25,2,3296,103.44173043264676,True,,0.04724209202884978,ransac,6,False,True,E8|NC1_random_b,1000000.0,53
30,23,1,3200,135.7379824650893,True,,0.04512526206513829,ransac,5,False,True,E8|NC1_random_b,1000000.0,54
30,24,0,3328,118.76728825085534,True,,0.019532572318186888,ransac,5,False,True,E8|NC1_random_b,1000000.0,55
30,25,0,3280,45.73437161337326,True,,0.038524698587492794,ransac,6,False,True,E8|NC1_random_b,1000000.0,56
30,23,0,3312,35.71433659509809,True,,0.05102276339880151,ransac,4,False,True,E8|NC1_random_b,1000000.0,57
30,21,0,3280,40.140913291442544,True,,0.035726799669726604,ransac,4,False,True,E8|NC1_random_b,1000000.0,58
30,24,1,3296,63.09331642029631,True,,0.015250316238078689,ransac,4,False,True,E8|NC1_random_b,1000000.0,59
30,23,0,3296,71.89964812505058,True,,0.029544573329858423,ransac,4,False,True,E8|NC1_random_b,1000000.0,60
30,23,1,3296,108.60343675634496,True,,0.04178807227383603,ransac,5,False,True,E8|NC1_random_b,1000000.0,61
30,23,0,3264,32.05968483316186,True,,0.014751294693452491,ransac,5,False,True,E8|NC1_random_b,1000000.0,62
30,21,2,3296,70.67470961126081,True,,0.02320008843191199,ransac,4,False,True,E8|NC1_random_b,1000000.0,63
30,25,2,3296,30.308059824051934,True,,0.02342614533377837,ransac,6,False,True,E8|NC1_random_b,1000000.0,64
30,22,4,3280,110.70672475761825,True,,0.04904867122038514,ransac,4,False,True,E8|NC1_random_b,1000000.0,65
30,24,1,3312,160.5398505950559,True,,0.04254836962089066,ransac,5,False,True,E8|NC1_random_b,1000000.0,66
30,25,2,3264,100.33048032130975,True,,0.010336972761491233,ransac,4,False,True,E8|NC1_random_b,1000000.0,67
30,24,0,3312,66.94713085772858,True,,0.03174289947128822,ransac,6,False,True,E8|NC1_random_b,1000000.0,68
30,24,2,3328,63.40280072029114,True,,0.04066581802940952,ransac,6,False,True,E8|NC1_random_b,1000000.0,69
30,22,2,3296,128.479066451752,True,,0.009333042275275812,ransac,4,False,True,E8|NC1_random_b,1000000.0,70
30,21,0,3280,99.48904915415581,True,,0.03351322558465106,ransac,5,False,True,E8|NC1_random_b,1000000.0,71
30,24,2,3280,134.52285843064334,True,,0.008691483910876319,ransac,5,False,True,E8|NC1_random_b,1000000.0,72
30,24,2,3296,83.52864991550206,True,,0.030470288169170162,ransac,5,False,True,E8|NC1_random_b,1000000.0,73
30,23,1,3280,61.99847805507382,True,,0.053665492159166994,ransac,5,False,True,E8|NC1_random_b,1000000.0,74
30,25,2,3280,104.60654263168279,True,,0.03142817880014598,ransac,7,False,True,E8|NC1_random_b,1000000.0,75
30,23,0,3280,79.0668473019988,True,,0.03150190230202547,ransac,4,False,True,E8|NC1_random_b,1000000.0,76
30,25,0,3280,43.49607758929126,True,,0.03743952468905175,ransac,6,False,True,E8|NC1_random_b,1000000.0,77
30,22,1,3280,138.70687762857435,True,,0.052492237714581926,ransac,5,False,True,E8|NC1_random_b,1000000.0,78
30,21,1,3264,89.77206944511425,True,,0.043899023917185725,ransac,5,False,True,E8|NC1_random_b,1000000.0,79
30,24,2,3248,65.77214968171629,True,,0.038776293925826606,ransac,4,False,True,E8|NC1_random_b,1000000.0,80
30,21,0,3312,82.98018773902261,True,,0.012389096721949476,ransac,4,False,True,E8|NC1_random_b,1000000.0,81
30,24,2,3248,46.25553376382588,True,,0.03832058170185,ransac,5,False,True,E8|NC1_random_b,1000000.0,82
30,23,0,3296,93.42441020867916,True,,0.04081317296899108,ransac,5,False,True,E8|NC1_random_b,1000000.0,83
30,22,1,3296,131.71348800470489,True,,0.04523362380195471,ransac,5,False,True,E8|NC1_random_b,1000000.0,84
30,23,1,3296,152.08148252341812,True,,0.03900478720676672,ransac,6,False,True,E8|NC1_random_b,1000000.0,85
30,21,0,3248,112.98092880965595,True,,0.025902949320134365,ransac,4,False,True,E8|NC1_random_b,1000000.0,86
30,23,1,3248,113.82832543359778,True,,0.037316405926399246,ransac,6,False,True,E8|NC1_random_b,1000000.0,87
30,24,0,3296,112.20948635770098,True,,0.014248233176966376,ransac,4,False,True,E8|NC1_random_b,1000000.0,88
30,23,1,3280,123.68638451155023,True,,0.00758045020328551,ransac,4,False,True,E8|NC1_random_b,1000000.0,89
30,22,1,3264,105.65567513528866,True,,0.03903987083003869,ransac,4,False,True,E8|NC1_random_b,1000000.0,90
30,21,2,3248,155.15319115687248,True,,0.018467664727817475,ransac,5,False,True,E8|NC1_random_b,1000000.0,91
30,24,4,3264,84.0844970582079,True,,0.01526429915131857,ransac,4,False,True,E8|NC1_random_b,1000000.0,92
30,22,2,3328,139.8723907912271,True,,0.05038894260066791,ransac,4,False,True,E8|NC1_random_b,1000000.0,93
30,24,2,3248,59.28000976368052,True,,0.05023071130506165,ransac,5,False,True,E8|NC1_random_b,1000000.0,94
30,25,1,3280,172.11190195188686,True,,0.028290362046464238,ransac,5,False,True,E8|NC1_random_b,1000000.0,95
30,25,0,3312,123.61385399523843,True,,0.028417111290485696,ransac,6,False,True,E8|NC1_random_b,1000000.0,96
30,22,0,3248,104.30754067269527,True,,0.037267104065999396,ransac,6,False,True,E8|NC1_random_b,1000000.0,97
30,24,2,3280,120.71689583794632,True,,0.03186714339465169,ransac,6,False,True,E8|NC1_random_b,1000000.0,98
30,23,1,3216,99.53206955475645,True,,0.0517266107808704,ransac,5,False,True,E8|NC1_random_b,1000000.0,99
30,24,1,3248,88.1234555070486,True,,0.01416018890038913,ransac,4,False,True,E8|NC1_random_b,1000000.0,100
30,23,1,3296,140.0578838183248,True,,0.044581767126406775,ransac,5,False,True,E8|NC1_random_b,1000000.0,101
30,23,2,3280,64.83560470248217,True,,0.02577973746068668,ransac,5,False,True,E8|NC1_random_b,1000000.0,102
30,24,2,3296,41.19295023580153,True,,0.05975978090861612,ransac,7,False,True,E8|NC1_random_b,1000000.0,103
30,24,0,3280,83.85694610293619,True,,0.02114884657023401,ransac,4,False,True,E8|NC1_random_b,1000000.0,104
30,24,0,3296,95.7850495891999,True,,0.04444506676528798,ransac,5,False,True,E8|NC1_random_b,1000000.0,105
30,24,0,3296,110.53312464231817,True,,0.05006383751138475,ransac,6,False,True,E8|NC1_random_b,1000000.0,106
30,24,2,3312,121.2219199568923,True,,0.016309396101176418,ransac,4,False,True,E8|NC1_random_b,1000000.0,107
30,23,2,3296,63.64805918649384,True,,0.04179175492728709,ransac,5,False,True,E8|NC1_random_b,1000000.0,108
30,22,1,3296,133.917085509339,True,,0.06455297699563906,ransac,4,False,True,E8|NC1_random_b,1000000.0,109
30,24,0,3296,50.1799748171996,True,,0.028988282280058723,ransac,4,False,True,E8|NC1_random_b,1000000.0,110
30,25,2,3296,101.14364032767345,True,,0.02751682552340559,ransac,4,False,True,E8|NC1_random_b,1000000.0,111
30,24,2,3312,133.4176276165377,True,,0.031136290446465983,ransac,4,False,True,E8|NC1_random_b,1000000.0,112
30,23,2,3264,48.040270985478664,True,,0.028626135285856953,ransac,5,False,True,E8|NC1_random_b,1000000.0,113
30,22,0,3264,13.856767902972209,True,,0.028789825462634314,ransac,4,False,True,E8|NC1_random_b,1000000.0,114
30,22,0,3248,94.38636311122117,True,,0.0028046251556999584,ransac,3,False,True,E8|NC1_random_b,1000000.0,115
30,22,1,3184,132.82572183453317,True,,0.04731597073243961,ransac,5,False,True,E8|NC1_random_b,1000000.0,116
30,23,1,3280,175.95658490607096,True,,0.03175188510749657,ransac,4,False,True,E8|NC1_random_b,1000000.0,117
30,22,2,3248,50.14945385518907,True,,0.053916805605375345,ransac,6,False,True,E8|NC1_random_b,1000000.0,118
30,21,0,3280,44.17685596563651,True,,0.035143892700323955,ransac,4,False,True,E8|NC1_random_b,1000000.0,119
30,23,3,3248,161.86883222328453,True,,0.02251967062138602,ransac,5,False,True,E8|NC1_random_b,1000000.0,120
30,22,3,3184,127.4436689704403,True,,0.05267751623980083,ransac,7,False,True,E8|NC1_random_b,1000000.0,121
30,24,0,3280,101.05628428035865,True,,0.0378078730997566,ransac,4,False,True,E8|NC1_random_b,1000000.0,122
30,25,0,3296,69.25286777003826,True,,0.018434556729842247,ransac,4,False,True,E8|NC1_random_b,1000000.0,123
30,25,1,3296,78.19218807049974,True,,0.024560212636104327,ransac,6,False,True,E8|NC1_random_b,1000000.0,124
30,23,2,3296,31.113481707381062,True,,0.04204578815710231,ransac,3,False,True,E8|NC1_random_b,1000000.0,125
30,24,0,3232,66.06356015178918,True,,0.017717470654013755,ransac,5,False,True,E8|NC1_random_b,1000000.0,126
30,24,0,3296,65.38051289800687,True,,0.02035910839231712,ransac,4,False,True,E8|NC1_random_b,1000000.0,127
30,21,0,3264,60.22606623432247,True,,0.02152065840609999,ransac,4,False,True,E8|NC1_random_b,1000000.0,128
30,25,4,3248,135.77193834461036,True,,0.014673971419845926,ransac,5,False,True,E8|NC1_random_b,1000000.0,129
30,23,1,3248,135.90440402277972,True,,0.009175407132379876,ransac,4,False,True,E8|NC1_random_b,1000000.0,130
30,23,2,3296,118.32974206535374,True,,0.013603984448810114,ransac,3,False,True,E8|NC1_random_b,1000000.0,131
30,27,0,3296,86.61756976121715,True,,0.04526124132833589,ransac,6,False,True,E8|NC1_random_b,1000000.0,132
30,21,3,3296,116.0789038093991,True,,0.03630832254948666,ransac,4,False,True,E8|NC1_random_b,1000000.0,133
30,23,1,3280,145.27932143420682,True,,0.018511426699411464,ransac,4,False,True,E8|NC1_random_b,1000000.0,134
30,22,0,3232,61.4352833165118,True,,0.024273502719282358,ransac,5,False,True,E8|NC1_random_b,1000000.0,135
30,24,0,3296,44.19426473724049,True,,0.019778458748001094,ransac,5,False,True,E8|NC1_random_b,1000000.0,136
30,20,0,3296,76.62358117027233,True,,0.04156075486292974,ransac,5,False,True,E8|NC1_random_b,1000000.0,137
30,23,0,3296,115.80278611011644,True,,0.057843667239118414,ransac,6,False,True,E8|NC1_random_b,1000000.0,138
30,24,1,3296,53.864355918498156,True,,0.05189584326012963,ransac,6,False,True,E8|NC1_random_b,1000000.0,139
30,21,1,3264,84.67023080455203,True,,0.029690547936204657,ransac,4,False,True,E8|NC1_random_b,1000000.0,140
30,22,0,3328,125.2587509227659,True,,0.02267764449264583,ransac,4,False,True,E8|NC1_random_b,1000000.0,141
30,22,3,3264,129.2372440747758,True,,0.04297624550655979,ransac,4,False,True,E8|NC1_random_b,1000000.0,142
30,21,0,3296,100.33912964791031,True,,0.03404856687954194,ransac,4,False,True,E8|NC1_random_b,1000000.0,143
30,24,3,3296,83.95635302908597,True,,0.03655567501711467,ransac,5,False,True,E8|NC1_random_b,1000000.0,144
30,25,2,3232,47.198686591563536,True,,0.04370110609483524,ransac,5,False,True,E8|NC1_random_b,1000000.0,145
30,22,2,3280,55.50532371931212,True,,0.0034255569567296163,ransac,3,False,True,E8|NC1_random_b,1000000.0,146
30,21,1,3312,32.64856302623243,True,,0.03302274706375897,ransac,5,False,True,E8|NC1_random_b,1000000.0,147
30,25,2,3280,134.45760885395518,True,,0.0215047496136392,ransac,5,False,True,E8|NC1_random_b,1000000.0,148
30,23,1,3312,20.553770647166168,True,,0.0048395110065429054,ransac,4,False,True,E8|NC1_random_b,1000000.0,149
30,24,2,3264,143.50048637948137,True,,0.02390627424675105,ransac,5,False,True,E8|NC1_random_b,1000000.0,150
30,23,1,3248,73.1811816728779,True,,0.044180671617678635,ransac,5,False,True,E8|NC1_random_b,1000000.0,151
30,24,2,3312,99.16758854911475,True,,0.021153762432661174,ransac,5,False,True,E8|NC1_random_b,1000000.0,152
30,25,0,3248,8.052186604388485,True,,0.018676434460181208,ransac,5,False,True,E8|NC1_random_b,1000000.0,153
30,23,0,3296,114.63899584363148,True,,0.03604642369713058,ransac,5,False,True,E8|NC1_random_b,1000000.0,154
30,23,1,3280,126.91785918360655,True,,0.046740319809689075,ransac,5,False,True,E8|NC1_random_b,1000000.0,155
30,21,0,3312,80.24200819627514,True,,0.04322735587903949,ransac,5,False,True,E8|NC1_random_b,1000000.0,156
30,22,1,3264,92.26509899118804,True,,0.05193644321742228,ransac,5,False,True,E8|NC1_random_b,1000000.0,157
30,23,2,3216,37.938029741519514,True,,0.047559909157323374,ransac,5,False,True,E8|NC1_random_b,1000000.0,158
30,23,2,3280,139.79218047962203,True,,0.023022593593683277,ransac,5,False,True,E8|NC1_random_b,1000000.0,159
30,24,0,3280,120.5694685643415,True,,0.04736162722955752,ransac,5,False,True,E8|NC1_random_b,1000000.0,160
30,25,2,3328,83.22550630603459,True,,0.009614719613609891,ransac,5,False,True,E8|NC1_random_b,1000000.0,161
30,25,0,3296,23.243572785917618,True,,0.06444476030751307,ransac,5,False,True,E8|NC1_random_b,1000000.0,162
30,22,2,3264,75.42852766878889,True,,0.012134443892504211,ransac,5,False,True,E8|NC1_random_b,1000000.0,163
30,23,3,3296,127.12095104486292,True,,0.0382641110785638,ransac,5,False,True,E8|NC1_random_b,1000000.0,164
30,23,1,3312,92.63577596849683,True,,0.04764031519626091,ransac,6,False,True,E8|NC1_random_b,1000000.0,165
30,24,0,3200,123.18958079157468,True,,0.04439809731611546,ransac,6,False,True,E8|NC1_random_b,1000000.0,166
30,21,1,3296,91.91495396291309,True,,0.04822245527696992,ransac,5,False,True,E8|NC1_random_b,1000000.0,167
30,24,1,3296,32.223554265435546,True,,0.0368339690613952,ransac,5,False,True,E8|NC1_random_b,1000000.0,168
30,22,1,3296,126.06603855315241,True,,0.01163779664549177,ransac,5,False,True,E8|NC1_random_b,1000000.0,169
30,25,1,3296,142.17534948904955,True,,0.038789695813254414,ransac,5,False,True,E8|NC1_random_b,1000000.0,170
30,25,3,3296,132.91637504899168,True,,0.04165903281926516,ransac,5,False,True,E8|NC1_random_b,1000000.0,171
30,23,1,3312,71.86134359740593,True,,0.03889776798885788,ransac,6,False,True,E8|NC1_random_b,1000000.0,172
30,22,0,3232,85.45800341086175,True,,0.0297599963131974,ransac,5,False,True,E8|NC1_random_b,1000000.0,173
30,25,1,3296,148.6601915649864,True,,0.029115935335267126,ransac,5,False,True,E8|NC1_random_b,1000000.0,174
30,25,4,3312,23.333453463820838,True,,0.026826341485384445,ransac,6,False,True,E8|NC1_random_b,1000000.0,175
30,25,0,3280,34.85736353530776,True,,0.02127060432816162,ransac,6,False,True,E8|NC1_random_b,1000000.0,176
30,22,3,3296,65.9062392146249,True,,0.048489215308151756,ransac,5,False,True,E8|NC1_random_b,1000000.0,177
30,24,0,3216,106.94873395304674,True,,0.0320183566618358,ransac,5,False,True,E8|NC1_random_b,1000000.0,178
30,23,0,3296,128.18828384214933,True,,0.03815543803248787,ransac,4,False,True,E8|NC1_random_b,1000000.0,179
30,25,3,3232,75.96397233379582,True,,0.06770461735073602,ransac,5,False,True,E8|NC1_random_b,1000000.0,180
30,24,1,3312,30.96930219375405,True,,0.022325313177849505,ransac,5,False,True,E8|NC1_random_b,1000000.0,181
30,25,1,3216,95.26655530410606,True,,0.03948063399371849,ransac,4,False,True,E8|NC1_random_b,1000000.0,182
30,23,0,3296,66.15280164307111,True,,0.02635386497330814,ransac,5,False,True,E8|NC1_random_b,1000000.0,183
30,24,1,3312,88.72031583890656,True,,0.02912853209911786,ransac,5,False,True,E8|NC1_random_b,1000000.0,184
30,24,2,3312,127.15699532106107,True,,0.05819851891627902,ransac,5,False,True,E8|NC1_random_b,1000000.0,185
30,22,0,3296,80.32971717252823,True,,0.038090073080152165,ransac,5,False,True,E8|NC1_random_b,1000000.0,186
30,25,1,3296,123.81784995134721,True,,0.034850273160231676,ransac,5,False,True,E8|NC1_random_b,1000000.0,187
30,23,2,3296,83.06972373624856,True,,0.037616064330660434,ransac,5,False,True,E8|NC1_random_b,1000000.0,188
30,23,1,3248,137.9926462704105,True,,0.006352319641175255,ransac,4,False,True,E8|NC1_random_b,1000000.0,189
30,23,0,3264,139.1342857123668,True,,0.03247304429301364,ransac,5,False,True,E8|NC1_random_b,1000000.0,190
30,21,0,3296,105.95566252408153,True,,0.008505755298221092,ransac,3,False,True,E8|NC1_random_b,1000000.0,191
30,20,3,3264,86.63427619745372,True,,0.025279712140102762,ransac,4,False,True,E8|NC1_random_b,1000000.0,192
30,24,1,3248,20.004868319077186,True,,0.03512677639766942,ransac,6,False,True,E8|NC1_random_b,1000000.0,193
30,23,0,3312,41.2736213928257,True,,0.025488167483667536,ransac,5,False,True,E8|NC1_random_b,1000000.0,194
30,23,0,3248,116.94130872009151,True,,0.047793303280521685,ransac,5,False,True,E8|NC1_random_b,1000000.0,195
30,22,1,3296,95.95622799113728,True,,0.03784982041431025,ransac,5,False,True,E8|NC1_random_b,1000000.0,196
30,21,1,3264,122.02029736118669,True,,0.03010449120066988,ransac,5,False,True,E8|NC1_random_b,1000000.0,197
30,23,0,3184,109.54532961914742,True,,0.033475176542859954,ransac,6,False,True,E8|NC1_random_b,1000000.0,198
30,24,1,3280,126.38529402329941,True,,0.02474015791678723,ransac,4,False,True,E8|NC1_random_b,1000000.0,199
30,22,1,3248,139.64717873293446,True,,0.05202283961072749,ransac,6,False,True,E8|NC1_random_b,1000000.0,200
30,23,0,3296,121.93346138943866,True,,0.020142251556669457,ransac,5,False,True,E8|NC1_random_b,1000000.0,201
30,21,3,3232,118.06608129858039,True,,0.03967938063325102,ransac,5,False,True,E8|NC1_random_b,1000000.0,202
30,21,2,3296,113.2839233714188,True,,0.04855660396106983,ransac,4,False,True,E8|NC1_random_b,1000000.0,203
30,23,2,3280,64.5648528093595,True,,0.002321180876789223,ransac,4,False,True,E8|NC1_random_b,1000000.0,204
30,23,1,3312,82.81059836414195,True,,0.03223268119641873,ransac,5,False,True,E8|NC1_random_b,1000000.0,205
30,24,0,3264,83.83040892180027,True,,0.06345896230474557,ransac,6,False,True,E8|NC1_random_b,1000000.0,206
30,24,1,3248,151.53925589441866,True,,0.02779786012595892,ransac,4,False,True,E8|NC1_random_b,1000000.0,207
30,24,1,3312,141.96265284273667,True,,0.004929351221970877,ransac,4,False,True,E8|NC1_random_b,1000000.0,208
30,22,1,3264,141.02066767492389,True,,0.03995939000912051,ransac,5,False,True,E8|NC1_random_b,1000000.0,209
30,24,1,3264,62.89031479914742,True,,0.09063804048537599,ransac,4,False,True,E8|NC1_random_b,1000000.0,210
30,23,3,3312,164.13100152413898,True,,0.018609605067489085,ransac,4,False,True,E8|NC1_random_b,1000000.0,211
30,22,0,3280,74.55717653686688,True,,0.030357259924440605,ransac,4,False,True,E8|NC1_random_b,1000000.0,212
30,24,2,3264,38.4686210490426,True,,0.03291076092429158,ransac,4,False,True,E8|NC1_random_b,1000000.0,213
30,24,2,3248,58.99089254587838,True,,0.0044480396008884406,ransac,4,False,True,E8|NC1_random_b,1000000.0,214
30,24,1,3264,102.35047212655097,True,,0.047257986700471336,ransac,5,False,True,E8|NC1_random_b,1000000.0,215
30,22,0,3248,111.82555712124437,True,,0.15184934538211378,ransac,4,False,True,E8|NC1_random_b,1000000.0,216
30,21,1,3312,85.3605606501959,True,,0.03774753599360992,ransac,4,False,True,E8|NC1_random_b,1000000.0,217
30,24,1,3312,107.46487892908924,True,,0.043713539646188876,ransac,6,False,True,E8|NC1_random_b,1000000.0,218
30,24,0,3296,142.83138403760898,True,,0.035535650060603156,ransac,4,False,True,E8|NC1_random_b,1000000.0,219
30,24,1,3296,37.62255113353324,True,,0.030010336149030974,ransac,5,False,True,E8|NC1_random_b,1000000.0,220
30,23,0,3264,85.44852346692568,True,,0.013968161985370738,ransac,4,False,True,E8|NC1_random_b,1000000.0,221
30,23,2,3280,83.68724800667518,True,,0.04221941407835237,ransac,4,False,True,E8|NC1_random_b,1000000.0,222
30,23,1,3280,83.88740700830822,True,,0.044164942678791064,ransac,5,False,True,E8|NC1_random_b,1000000.0,223
30,22,1,3264,144.37999450617409,True,,0.0352102611089891,ransac,5,False,True,E8|NC1_random_b,1000000.0,224
30,26,2,3296,104.12226619584739,True,,0.09437766023881242,ransac,4,False,True,E8|NC1_random_b,1000000.0,225
30,23,2,3296,167.8153774991576,True,,0.027207125153856725,ransac,5,False,True,E8|NC1_random_b,1000000.0,226
30,24,2,3248,104.34004472268501,True,,0.025248469737457455,ransac,6,False,True,E8|NC1_random_b,1000000.0,227
30,26,1,3296,73.4836370092528,True,,0.037854730586139966,ransac,4,False,True,E8|NC1_random_b,1000000.0,228
30,25,0,3328,47.869144906196055,True,,0.020708628485458114,ransac,6,False,True,E8|NC1_random_b,1000000.0,229
30,24,2,3264,12.345885072551148,True,,0.033537672226012255,ransac,5,False,True,E8|NC1_random_b,1000000.0,230
30,22,4,3264,75.35018290629338,True,,0.045558839291010136,ransac,5,False,True,E8|NC1_random_b,1000000.0,231
30,23,2,3296,112.26650357834855,True,,0.022935789763843382,ransac,5,False,True,E8|NC1_random_b,1000000.0,232
30,24,0,3296,124.77592647686217,True,,0.03977996378552847,ransac,4,False,True,E8|NC1_random_b,1000000.0,233
30,24,1,3296,159.0776359393687,True,,0.00967317555935292,ransac,4,False,True,E8|NC1_random_b,1000000.0,234
30,23,0,3248,27.918507747897678,True,,0.021228084070380245,ransac,6,False,True,E8|NC1_random_b,1000000.0,235
30,22,2,3280,50.49535928399343,True,,0.03634176318980909,ransac,5,False,True,E8|NC1_random_b,1000000.0,236
30,21,0,3248,22.160970572136378,True,,0.017117254958895267,ransac,3,False,True,E8|NC1_random_b,1000000.0,237
30,22,2,3264,163.89287340309022,True,,0.04904666546713247,ransac,4,False,True,E8|NC1_random_b,1000000.0,238
30,21,0,3296,122.69498518408246,True,,0.03995684791209134,ransac,5,False,True,E8|NC1_random_b,1000000.0,239
30,25,0,3264,165.65919026566627,True,,0.04809583972946354,ransac,6,False,True,E8|NC1_random_b,1000000.0,240
30,24,1,3312,62.72108260317865,True,,0.022275044612182784,ransac,5,False,True,E8|NC1_random_b,1000000.0,241
30,24,0,3312,116.63629371077873,True,,0.03553409108924753,ransac,5,False,True,E8|NC1_random_b,1000000.0,242
30,25,1,3280,20.193258121664666,True,,0.024328210454814602,ransac,5,False,True,E8|NC1_random_b,1000000.0,243
30,22,2,3280,79.55875905086305,True,,0.023244380109924155,ransac,5,False,True,E8|NC1_random_b,1000000.0,244
30,19,0,3296,87.63035879835815,True,,0.038431390479386394,ransac,5,False,True,E8|NC1_random_b,1000000.0,245
30,24,0,3280,88.70074014983956,True,,0.06197481363665496,ransac,4,False,True,E8|NC1_random_b,1000000.0,246
30,24,0,3280,133.60850596713388,True,,0.04240490712140706,ransac,5,False,True,E8|NC1_random_b,1000000.0,247
30,22,0,3312,82.38274257074183,True,,0.05028841198635768,ransac,7,False,True,E8|NC1_random_b,1000000.0,248
30,23,2,3280,85.01473003261063,True,,0.048592242147386555,ransac,6,False,True,E8|NC1_random_b,1000000.0,249
30,25,0,3264,44.52875344161781,True,,0.037374857286491946,ransac,5,False,True,E8|NC1_random_b,1000000.0,250
30,22,2,3264,126.64165558190774,True,,0.016873947155447294,ransac,5,False,True,E8|NC1_random_b,1000000.0,251
30,25,1,3248,81.64133495278129,True,,0.03634471208134321,ransac,4,False,True,E8|NC1_random_b,1000000.0,252
30,25,2,3296,122.22020007974822,True,,0.02413943569833222,ransac,4,False,True,E8|NC1_random_b,1000000.0,253
30,25,1,3248,149.4889668101234,True,,0.03445856083055982,ransac,4,False,True,E8|NC1_random_b,1000000.0,254
30,23,1,3296,136.83702880412966,True,,0.05905185874207125,ransac,4,False,True,E8|NC1_random_b,1000000.0,255
30,25,2,3312,56.14559344500398,True,,0.034783586306806565,ransac,4,False,True,E8|NC1_random_b,1000000.0,256
30,24,0,3280,108.26382407434528,True,,0.029994437987282945,ransac,5,False,True,E8|NC1_random_b,1000000.0,257
30,24,1,3264,71.52112713478064,True,,0.021440868529014806,ransac,5,False,True,E8|NC1_random_b,1000000.0,258
30,22,2,3264,118.9366691894591,True,,0.03038020530600169,ransac,4,False,True,E8|NC1_random_b,1000000.0,259
30,23,0,3328,78.98897675252181,True,,0.04504102678646768,ransac,5,False,True,E8|NC1_random_b,1000000.0,260
30,22,1,3296,99.66584326472025,True,,0.012478116610761527,ransac,4,False,True,E8|NC1_random_b,1000000.0,261
30,22,1,3280,61.45376794059076,True,,0.03336163787916255,ransac,5,False,True,E8|NC1_random_b,1000000.0,262
30,23,1,3248,150.77568348525534,True,,0.03017763261304936,ransac,4,False,True,E8|NC1_random_b,1000000.0,263
30,24,1,3280,78.33181837814718,True,,0.04272015975830767,ransac,5,False,True,E8|NC1_random_b,1000000.0,264
30,24,3,3296,57.087822758659534,True,,0.013675466237635426,ransac,5,False,True,E8|NC1_random_b,1000000.0,265
30,22,0,3280,87.09399012561761,True,,0.01684481163680495,ransac,5,False,True,E8|NC1_random_b,1000000.0,266
30,24,1,3312,163.94893294282127,True,,0.04276507129055704,ransac,5,False,True,E8|NC1_random_b,1000000.0,267
30,24,1,3296,70.11503943941771,True,,0.022677929906264264,ransac,5,False,True,E8|NC1_random_b,1000000.0,268
30,25,1,3248,139.53486667271096,True,,0.04468267524857386,ransac,6,False,True,E8|NC1_random_b,1000000.0,269
30,22,0,3280,110.933612869929,True,,0.05784067130542474,ransac,5,False,True,E8|NC1_random_b,1000000.0,270
30,21,1,3296,125.65213122945862,True,,0.011860167232922172,ransac,4,False,True,E8|NC1_random_b,1000000.0,271
30,25,2,3232,54.98683024595074,True,,0.035891121277763095,ransac,4,False,True,E8|NC1_random_b,1000000.0,272
30,24,4,3296,134.36617193655644,True,,0.030855593832847972,ransac,5,False,True,E8|NC1_random_b,1000000.0,273
30,22,1,3296,160.12652936079368,True,,0.01324830445842633,ransac,5,False,True,E8|NC1_random_b,1000000.0,274
30,23,1,3296,24.70135124935069,True,,0.017690865773092933,ransac,4,False,True,E8|NC1_random_b,1000000.0,275
30,21,0,3280,37.629369235065745,True,,0.021344952774387,ransac,4,False,True,E8|NC1_random_b,1000000.0,276
30,25,4,3280,43.706293537270184,True,,0.04145734630053534,ransac,4,False,True,E8|NC1_random_b,1000000.0,277
30,23,1,3296,90.24142075427345,True,,0.03663040039711952,ransac,5,False,True,E8|NC1_random_b,1000000.0,278
30,24,2,3296,41.96765480042509,True,,0.035988730567529145,ransac,4,False,True,E8|NC1_random_b,1000000.0,279
30,23,1,3280,144.69244696305887,True,,0.019712228495156515,ransac,4,False,True,E8|NC1_random_b,1000000.0,280
30,24,1,3280,164.7485417977358,True,,0.028799174613417182,ransac,5,False,True,E8|NC1_random_b,1000000.0,281
30,25,1,3328,75.27109685325749,True,,0.029571665062800432,ransac,6,False,True,E8|NC1_random_b,1000000.0,282
30,22,1,3280,47.18556613207144,True,,0.025084338127643012,ransac,4,False,True,E8|NC1_random_b,1000000.0,283
30,24,2,3296,57.84995139923162,True,,0.026437759003368737,ransac,5,False,True,E8|NC1_random_b,1000000.0,284
30,24,1,3248,77.177257084973,True,,0.03127949960995666,ransac,5,False,True,E8|NC1_random_b,1000000.0,285
30,23,1,3312,60.85919868561696,True,,0.038919439884085694,ransac,4,False,True,E8|NC1_random_b,1000000.0,286
30,23,1,3280,106.95974256378933,True,,0.05090440016173614,ransac,4,False,True,E8|NC1_random_b,1000000.0,287
30,24,0,3296,105.5664210344857,True,,0.03992535450216506,ransac,6,False,True,E8|NC1_random_b,1000000.0,288
30,25,1,3264,116.66380290028424,True,,0.021675329652763906,ransac,5,False,True,E8|NC1_random_b,1000000.0,289
30,21,4,3248,133.07853731797348,True,,0.02366454951408513,ransac,4,False,True,E8|NC1_random_b,1000000.0,290
30,22,0,3248,173.43873675245715,True,,0.036528264260448515,ransac,5,False,True,E8|NC1_random_b,1000000.0,291
30,21,3,3264,84.30533992387832,True,,0.043422972815516964,ransac,4,False,True,E8|NC1_random_b,1000000.0,292
30,21,0,3280,62.98780898177748,True,,0.04461277416928992,ransac,4,False,True,E8|NC1_random_b,1000000.0,293
30,22,3,3312,65.55466366433407,True,,0.04150721038569031,ransac,4,False,True,E8|NC1_random_b,1000000.0,294
30,24,1,3280,147.87889972734453,True,,0.016028778097347707,ransac,5,False,True,E8|NC1_random_b,1000000.0,295
30,23,0,3280,14.38010796510677,True,,0.02006994912765412,ransac,5,False,True,E8|NC1_random_b,1000000.0,296
30,23,2,3280,72.10807715773097,True,,0.03359666743107633,ransac,6,False,True,E8|NC1_random_b,1000000.0,297
30,25,3,3264,153.6054733195869,True,,0.032482849388650294,ransac,5,False,True,E8|NC1_random_b,1000000.0,298
30,23,2,3280,109.13578333570317,True,,0.03427473651558633,ransac,6,False,True,E8|NC1_random_b,1000000.0,299
30,24,0,3216,15.110159233409732,True,,0.016307492416386654,ransac,4,False,True,E8|NC1_random_b,1000000.0,300
30,22,1,3280,66.4006403438234,True,,0.02001719210837335,ransac,4,False,True,E8|NC1_random_b,1000000.0,301
30,24,0,3280,83.94999861046551,True,,0.025315203862463227,ransac,5,False,True,E8|NC1_random_b,1000000.0,302
30,23,1,3328,109.8064754426037,True,,0.00548546555170686,ransac,4,False,True,E8|NC1_random_b,1000000.0,303
30,22,1,3296,142.54719246879375,True,,0.030742808212289894,ransac,5,False,True,E8|NC1_random_b,1000000.0,304
30,22,2,3280,112.18303583590965,True,,0.03385833167774358,ransac,5,False,True,E8|NC1_random_b,1000000.0,305
30,23,0,3312,16.917077464272268,True,,0.027298769444895635,ransac,5,False,True,E8|NC1_random_b,1000000.0,306
30,23,1,3296,93.94838435299431,True,,0.0815447039699364,ransac,4,False,True,E8|NC1_random_b,1000000.0,307
30,22,1,3264,145.96945296360855,True,,0.0415629150334934,ransac,5,False,True,E8|NC1_random_b,1000000.0,308
30,24,3,3280,94.36695329163956,True,,0.015891787534640923,ransac,5,False,True,E8|NC1_random_b,1000000.0,309
30,23,1,3280,60.73781563703839,True,,0.0536235588134938,ransac,4,False,True,E8|NC1_random_b,1000000.0,310
30,21,3,3312,41.358665116617075,True,,0.04277599614867747,ransac,4,False,True,E8|NC1_random_b,1000000.0,311
30,23,1,3296,84.88438620448385,True,,0.043339036947801876,ransac,4,False,True,E8|NC1_random_b,1000000.0,312
30,23,3,3296,112.95596459336369,True,,0.026523297796414196,ransac,7,False,True,E8|NC1_random_b,1000000.0,313
30,23,0,3312,48.591782417599894,True,,0.027694016026619,ransac,4,False,True,E8|NC1_random_b,1000000.0,314
30,23,0,3216,82.50429986704412,True,,0.04096765550941491,ransac,5,False,True,E8|NC1_random_b,1000000.0,315
30,23,0,3264,65.03598981524594,True,,0.023206538214596967,ransac,4,False,True,E8|NC1_random_b,1000000.0,316
30,22,2,3280,77.9159795960688,True,,0.047950743760002905,ransac,4,False,True,E8|NC1_random_b,1000000.0,317
30,23,1,3296,51.23796246117444,True,,0.014537286154193868,ransac,4,False,True,E8|NC1_random_b,1000000.0,318
30,21,2,3296,133.595197505435,True,,0.018653430215345438,ransac,4,False,True,E8|NC1_random_b,1000000.0,319
30,20,0,3312,135.9411181826004,True,,0.02995029113218008,ransac,4,False,True,E8|NC1_random_b,1000000.0,320
30,23,0,3248,121.37219357614062,True,,0.04430534111396634,ransac,6,False,True,E8|NC1_random_b,1000000.0,321
30,24,0,3264,88.78658392198126,True,,0.02577003262391634,ransac,6,False,True,E8|NC1_random_b,1000000.0,322
30,22,2,3296,129.64259697295287,True,,0.013224445701897807,ransac,5,False,True,E8|NC1_random_b,1000000.0,323
30,21,2,3296,28.957773821994724,True,,0.019514539355688424,ransac,5,False,True,E8|NC1_random_b,1000000.0,324
30,24,0,3296,47.03348594784942,True,,0.034485912548582354,ransac,7,False,True,E8|NC1_random_b,1000000.0,325
30,24,1,3280,123.10995498227805,True,,0.043849639650593346,ransac,4,False,True,E8|NC1_random_b,1000000.0,326
30,24,2,3264,17.537468503763346,True,,0.014676692731294906,ransac,4,False,True,E8|NC1_random_b,1000000.0,327
30,22,1,3312,173.51048956762756,True,,0.03437966215403202,ransac,4,False,True,E8|NC1_random_b,1000000.0,328
30,24,1,3232,81.4807754386057,True,,0.012856813779491405,ransac,4,False,True,E8|NC1_random_b,1000000.0,329
30,20,1,3264,123.01168198951004,True,,0.0173298707500525,ransac,4,False,True,E8|NC1_random_b,1000000.0,330
30,25,3,3248,137.15149258800733,True,,0.016822220619337486,ransac,5,False,True,E8|NC1_random_b,1000000.0,331
30,22,0,3312,108.4737926440465,True,,0.023221322011159295,ransac,5,False,True,E8|NC1_random_b,1000000.0,332
30,23,0,3280,129.5996088170986,True,,0.02411985354716042,ransac,5,False,True,E8|NC1_random_b,1000000.0,333
30,20,0,3280,86.11039199617291,True,,0.03387882303897708,ransac,5,False,True,E8|NC1_random_b,1000000.0,334
30,23,0,3248,66.62683061620731,True,,0.029339338280854842,ransac,6,False,True,E8|NC1_random_b,1000000.0,335
30,23,1,3280,117.28985771852295,True,,0.06593448187171862,ransac,5,False,True,E8|NC1_random_b,1000000.0,336
30,22,0,3264,119.92673258958695,True,,0.032130479501602034,ransac,5,False,True,E8|NC1_random_b,1000000.0,337
30,24,3,3312,33.733449853887784,True,,0.048344814329760497,ransac,6,False,True,E8|NC1_random_b,1000000.0,338
30,21,1,3312,147.1338869732092,True,,0.05417543721884945,ransac,5,False,True,E8|NC1_random_b,1000000.0,339
30,24,2,3280,84.63581616999116,True,,0.041190551977244014,ransac,4,False,True,E8|NC1_random_b,1000000.0,340
30,24,0,3264,98.04779545617812,True,,0.029472380913565178,ransac,5,False,True,E8|NC1_random_b,1000000.0,341
30,24,1,3264,52.47192580350836,True,,0.033259248799801786,ransac,5,False,True,E8|NC1_random_b,1000000.0,342
30,23,0,3264,52.09979004813096,True,,0.03009140967467038,ransac,5,False,True,E8|NC1_random_b,1000000.0,343
30,24,1,3328,127.63835356913782,True,,0.016443196600306034,ransac,4,False,True,E8|NC1_random_b,1000000.0,344
30,23,1,3248,90.56421924402676,True,,0.023295956390446987,ransac,5,False,True,E8|NC1_random_b,1000000.0,345
30,25,0,3328,96.81096975579584,True,,0.03818671213867005,ransac,5,False,True,E8|NC1_random_b,1000000.0,346
30,25,1,3216,90.16675848123866,True,,0.017866721396236036,ransac,5,False,True,E8|NC1_random_b,1000000.0,347
30,23,2,3328,92.16489097308734,True,,0.05012556022547253,ransac,6,False,True,E8|NC1_random_b,1000000.0,348
30,23,1,3264,16.22766426537117,True,,0.050502414619426346,ransac,5,False,True,E8|NC1_random_b,1000000.0,349
30,23,1,3248,64.79337392987942,True,,0.04059159083669583,ransac,5,False,True,E8|NC1_random_b,1000000.0,350
30,24,0,3296,49.35700348205917,True,,0.03543700982655582,ransac,6,False,True,E8|NC1_random_b,1000000.0,351
30,21,1,3296,157.39877028256535,True,,0.04162730551811138,ransac,5,False,True,E8|NC1_random_b,1000000.0,352
30,23,1,3264,44.68350392088847,True,,0.08193511993575575,ransac,6,False,True,E8|NC1_random_b,1000000.0,353
30,19,0,3248,44.85123850087924,True,,0.020626048881050567,ransac,4,False,True,E8|NC1_random_b,1000000.0,354
30,23,0,3264,75.14361804556658,True,,0.028811263273693054,ransac,4,False,True,E8|NC1_random_b,1000000.0,355
30,25,0,3232,115.17077186151666,True,,0.03252734806161823,ransac,5,False,True,E8|NC1_random_b,1000000.0,356
30,25,2,3296,15.696182324122514,True,,0.03435422010165214,ransac,6,False,True,E8|NC1_random_b,1000000.0,357
30,22,0,3312,90.02040837532921,True,,0.021816033936269272,ransac,5,False,True,E8|NC1_random_b,1000000.0,358
30,24,1,3296,121.81142881145192,True,,0.019347944879685584,ransac,3,False,True,E8|NC1_random_b,1000000.0,359
30,23,0,3296,49.33073044795488,True,,0.02091521003799366,ransac,4,False,True,E8|NC1_random_b,1000000.0,360
30,23,1,3280,118.02766040480239,True,,0.045211626641237325,ransac,5,False,True,E8|NC1_random_b,1000000.0,361
30,23,1,3280,102.20006282678862,True,,0.01352349282166957,ransac,4,False,True,E8|NC1_random_b,1000000.0,362
30,24,1,3280,163.8253625741513,True,,0.05776028879439896,ransac,5,False,True,E8|NC1_random_b,1000000.0,363
30,23,0,3296,50.79123977847752,True,,0.013547182054637855,ransac,4,False,True,E8|NC1_random_b,1000000.0,364
30,26,2,3280,90.30380341560225,True,,0.046748807570402666,ransac,4,False,True,E8|NC1_random_b,1000000.0,365
30,24,1,3280,141.62362643087633,True,,0.04360025498930295,ransac,5,False,True,E8|NC1_random_b,1000000.0,366
30,23,1,3312,29.121459834396315,True,,0.04261095858398375,ransac,5,False,True,E8|NC1_random_b,1000000.0,367
30,24,3,3232,148.35173335171302,True,,0.050354153748596676,ransac,5,False,True,E8|NC1_random_b,1000000.0,368
30,25,0,3264,81.85903186089391,True,,0.053162411223194164,ransac,4,False,True,E8|NC1_random_b,1000000.0,369
30,22,0,3312,61.29062043583493,True,,0.05271132446932714,ransac,5,False,True,E8|NC1_random_b,1000000.0,370
30,24,0,3280,71.17237140246353,True,,0.026765669588422136,ransac,5,False,True,E8|NC1_random_b,1000000.0,371
30,23,1,3264,71.34249265644756,True,,0.043534964364259895,ransac,6,False,True,E8|NC1_random_b,1000000.0,372
30,25,2,3232,93.7019467780127,True,,0.03401989411923841,ransac,4,False,True,E8|NC1_random_b,1000000.0,373
30,22,1,3248,126.27588293167219,True,,0.029077965918754937,ransac,4,False,True,E8|NC1_random_b,1000000.0,374
30,24,0,3264,87.36111339170763,True,,0.20294790306104613,ransac,3,False,True,E8|NC1_random_b,1000000.0,375
30,24,1,3280,24.588346565037014,True,,0.022039857771594885,ransac,6,False,True,E8|NC1_random_b,1000000.0,376
30,23,1,3248,59.300406880091835,True,,0.049252972801159076,ransac,5,False,True,E8|NC1_random_b,1000000.0,377
30,22,1,3280,84.00042471733136,True,,0.048820958884486954,ransac,5,False,True,E8|NC1_random_b,1000000.0,378
30,25,1,3232,54.18312336655657,True,,0.05936428823282526,ransac,8,False,True,E8|NC1_random_b,1000000.0,379
30,21,1,3232,119.07981085472667,True,,0.026790558815223634,ransac,5,False,True,E8|NC1_random_b,1000000.0,380
30,22,0,3312,110.23723608055968,True,,0.017849364246487996,ransac,5,False,True,E8|NC1_random_b,1000000.0,381
30,22,4,3280,136.6442875433653,True,,0.058004642325050544,ransac,6,False,True,E8|NC1_random_b,1000000.0,382
30,19,1,3312,76.05340110521169,True,,0.012314722259991038,ransac,4,False,True,E8|NC1_random_b,1000000.0,383
30,22,1,3312,94.32292652197418,True,,0.030204574063738696,ransac,4,False,True,E8|NC1_random_b,1000000.0,384
30,25,2,3312,65.34121149325456,True,,0.030081550093816214,ransac,5,False,True,E8|NC1_random_b,1000000.0,385
30,25,0,3216,124.97323907602406,True,,0.04081473374573974,ransac,5,False,True,E8|NC1_random_b,1000000.0,386
30,23,0,3280,65.28864396896897,True,,0.03091589891416733,ransac,5,False,True,E8|NC1_random_b,1000000.0,387
30,26,0,3296,64.89441035143204,True,,0.041943559432547455,ransac,4,False,True,E8|NC1_random_b,1000000.0,388
30,23,1,3280,48.69242609686874,True,,0.01819705615800303,ransac,4,False,True,E8|NC1_random_b,1000000.0,389
30,23,0,3328,94.95404930070626,True,,0.03032695435624622,ransac,5,False,True,E8|NC1_random_b,1000000.0,390
30,24,0,3312,121.61553897691802,True,,0.022231434016703935,ransac,5,False,True,E8|NC1_random_b,1000000.0,391
30,25,1,3296,80.6584592850996,True,,0.05060103365467818,ransac,5,False,True,E8|NC1_random_b,1000000.0,392
30,24,0,3312,53.300932630575836,True,,0.025197180229370474,ransac,4,False,True,E8|NC1_random_b,1000000.0,393
30,25,0,3264,85.14492230565,True,,0.02757496107034485,ransac,4,False,True,E8|NC1_random_b,1000000.0,394
30,23,1,3264,117.12838007231251,True,,0.047821133360827175,ransac,6,False,True,E8|NC1_random_b,1000000.0,395
30,22,1,3312,53.339142090071384,True,,0.0169631481924062,ransac,5,False,True,E8|NC1_random_b,1000000.0,396
30,25,1,3264,85.0865292133039,True,,0.04707625312030919,ransac,5,False,True,E8|NC1_random_b,1000000.0,397
30,23,1,3232,38.16111391322551,True,,0.01267578090351797,ransac,4,False,True,E8|NC1_random_b,1000000.0,398
30,22,0,3280,33.954662362516956,True,,0.02936170850896858,ransac,4,False,True,E8|NC1_random_b,1000000.0,399
30,23,3,3280,38.33070099145094,True,,0.03139645588138694,ransac,5,False,True,E8|NC1_random_b,1000000.0,400
30,23,1,3280,120.50368681069413,True,,0.02786902498789402,ransac,4,False,True,E8|NC1_random_b,1000000.0,401
30,24,2,3312,57.48266899184575,True,,0.01713707547693115,ransac,4,False,True,E8|NC1_random_b,1000000.0,402
30,24,2,3232,20.108135434183286,True,,0.013467305602912009,ransac,5,False,True,E8|NC1_random_b,1000000.0,403
30,23,2,3296,83.0817193313703,True,,0.04933412063416186,ransac,5,False,True,E8|NC1_random_b,1000000.0,404
30,23,1,3280,106.003579391677,True,,0.029849451590477732,ransac,4,False,True,E8|NC1_random_b,1000000.0,405
30,19,1,3280,123.32914360371572,True,,0.01858712330074527,ransac,4,False,True,E8|NC1_random_b,1000000.0,406
30,23,1,3232,96.86435129550514,True,,0.0251074982832849,ransac,6,False,True,E8|NC1_random_b,1000000.0,407
30,23,1,3232,65.57591582265565,True,,0.02125721892851839,ransac,4,False,True,E8|NC1_random_b,1000000.0,408
30,25,0,3312,88.04409693853967,True,,0.042722435134399814,ransac,5,False,True,E8|NC1_random_b,1000000.0,409
30,20,0,3296,145.96180225823085,True,,0.026590043208655458,ransac,4,False,True,E8|NC1_random_b,1000000.0,410
30,23,1,3328,87.88171372070079,True,,0.04437062079652595,ransac,5,False,True,E8|NC1_random_b,1000000.0,411
30,24,2,3280,77.04849944597434,True,,0.017234448488433977,ransac,6,False,True,E8|NC1_random_b,1000000.0,412
30,21,1,3280,97.49565265064881,True,,0.04152337525126879,ransac,5,False,True,E8|NC1_random_b,1000000.0,413
30,24,0,3312,80.66544737964634,True,,0.028080446240398946,ransac,5,False,True,E8|NC1_random_b,1000000.0,414
30,22,0,3280,45.1632816802313,True,,0.016907870558261078,ransac,5,False,True,E8|NC1_random_b,1000000.0,415
30,23,3,3248,124.97126617211786,True,,0.030013148077301717,ransac,5,False,True,E8|NC1_random_b,1000000.0,416
30,23,1,3264,91.0964263652154,True,,0.025390424836235145,ransac,5,False,True,E8|NC1_random_b,1000000.0,417
30,23,1,3264,21.112111519288373,True,,0.019817117603809713,ransac,4,False,True,E8|NC1_random_b,1000000.0,418
30,24,1,3296,127.8578844568414,True,,0.024675050204790112,ransac,5,False,True,E8|NC1_random_b,1000000.0,419
30,25,0,3264,77.62998292602414,True,,0.04190214148154511,ransac,5,False,True,E8|NC1_random_b,1000000.0,420
30,23,1,3264,103.39041466393881,True,,0.013250342188702075,ransac,4,False,True,E8|NC1_random_b,1000000.0,421
30,25,2,3296,36.030147905757914,True,,0.004592087500328366,ransac,4,False,True,E8|NC1_random_b,1000000.0,422
30,22,1,3296,31.97031623408292,True,,0.056131338139344324,ransac,5,False,True,E8|NC1_random_b,1000000.0,423
30,21,0,3312,114.17423606040862,True,,0.017951567425641343,ransac,4,False,True,E8|NC1_random_b,1000000.0,424
30,19,0,3312,93.33929377122585,True,,0.023366146351901342,ransac,4,False,True,E8|NC1_random_b,1000000.0,425
30,25,2,3264,47.60954445276836,True,,0.08849544002015672,ransac,4,False,True,E8|NC1_random_b,1000000.0,426
30,24,0,3232,124.7609135226597,True,,0.015599243438141968,ransac,4,False,True,E8|NC1_random_b,1000000.0,427
30,24,0,3264,122.74570565023065,True,,0.006031864182973575,ransac,4,False,True,E8|NC1_random_b,1000000.0,428
30,21,0,3232,83.6854211846842,True,,0.033678386371071914,ransac,4,False,True,E8|NC1_random_b,1000000.0,429
30,25,1,3280,149.0684476219734,True,,0.048869470522563185,ransac,5,False,True,E8|NC1_random_b,1000000.0,430
30,22,2,3264,45.6390865944604,True,,0.030190845885344327,ransac,5,False,True,E8|NC1_random_b,1000000.0,431
30,24,1,3264,21.95177020016224,True,,0.02685958289607468,ransac,4,False,True,E8|NC1_random_b,1000000.0,432
30,24,0,3280,97.57454073747536,True,,0.030778752195315784,ransac,5,False,True,E8|NC1_random_b,1000000.0,433
30,22,0,3248,146.25872091765902,True,,0.037000792270693215,ransac,5,False,True,E8|NC1_random_b,1000000.0,434
30,25,1,3312,92.47772410213733,True,,0.01584946936004947,ransac,4,False,True,E8|NC1_random_b,1000000.0,435
30,23,0,3264,78.64067180108293,True,,0.04416698843740684,ransac,5,False,True,E8|NC1_random_b,1000000.0,436
30,25,2,3264,63.49277664652213,True,,0.014547577743840183,ransac,4,False,True,E8|NC1_random_b,1000000.0,437
30,24,1,3296,142.4131418473067,True,,0.015931418996456996,ransac,6,False,True,E8|NC1_random_b,1000000.0,438
30,23,0,3296,13.49434370360655,True,,0.04792508503210459,ransac,5,False,True,E8|NC1_random_b,1000000.0,439
30,24,0,3312,117.59479285026097,True,,0.0400107674765343,ransac,5,False,True,E8|NC1_random_b,1000000.0,440
30,24,0,3328,108.11068795644711,True,,0.021462145963235275,ransac,4,False,True,E8|NC1_random_b,1000000.0,441
30,23,1,3248,154.88264799908833,True,,0.03035072174721545,ransac,5,False,True,E8|NC1_random_b,1000000.0,442
30,23,0,3296,134.47099244914585,True,,0.03470648420946151,ransac,5,False,True,E8|NC1_random_b,1000000.0,443
30,23,1,3312,43.319360476395495,True,,0.021834900955595902,ransac,5,False,True,E8|NC1_random_b,1000000.0,444
30,23,2,3296,78.72916374658213,True,,0.017205598696918196,ransac,4,False,True,E8|NC1_random_b,1000000.0,445
30,24,2,3232,96.21529197524053,True,,0.04443434576294962,ransac,6,False,True,E8|NC1_random_b,1000000.0,446
30,25,0,3216,150.3921253116974,True,,0.03026674216100406,ransac,5,False,True,E8|NC1_random_b,1000000.0,447
30,22,0,3232,84.81495800084856,True,,0.058450038644732104,ransac,4,False,True,E8|NC1_random_b,1000000.0,448
30,25,1,3280,140.9518894189748,True,,0.03076378408127121,ransac,4,False,True,E8|NC1_random_b,1000000.0,449
30,24,0,3312,29.694924685182386,True,,0.03041271739116057,ransac,4,False,True,E8|NC1_random_b,1000000.0,450
30,26,1,3264,63.22773498527761,True,,0.03533644743296446,ransac,5,False,True,E8|NC1_random_b,1000000.0,451
30,22,1,3296,59.62275724124168,True,,0.029579235980055393,ransac,5,False,True,E8|NC1_random_b,1000000.0,452
30,21,2,3312,31.798653739863166,True,,0.018811718591930513,ransac,4,False,True,E8|NC1_random_b,1000000.0,453
30,22,1,3280,93.06632991518514,True,,0.053545148616703994,ransac,4,False,True,E8|NC1_random_b,1000000.0,454
30,23,1,3280,33.833987872658064,True,,0.020544647514972283,ransac,5,False,True,E8|NC1_random_b,1000000.0,455
30,23,1,3264,125.16835500561652,True,,0.027582020773372067,ransac,6,False,True,E8|NC1_random_b,1000000.0,456
30,25,3,3312,53.56517436382587,True,,0.016346560562268648,ransac,5,False,True,E8|NC1_random_b,1000000.0,457
30,22,1,3296,58.87094294208806,True,,0.03457585635195638,ransac,5,False,True,E8|NC1_random_b,1000000.0,458
30,24,1,3264,54.656770020293635,True,,0.017832737516577338,ransac,4,False,True,E8|NC1_random_b,1000000.0,459
30,22,3,3312,70.91220701935585,True,,0.07584660655069995,ransac,4,False,True,E8|NC1_random_b,1000000.0,460
30,21,4,3296,103.9108687565095,True,,0.050140456933982516,ransac,6,False,True,E8|NC1_random_b,1000000.0,461
30,23,1,3296,139.9991399699106,True,,0.05477079300328413,ransac,5,False,True,E8|NC1_random_b,1000000.0,462
30,24,1,3312,59.56391558690518,True,,0.024978995710579658,ransac,4,False,True,E8|NC1_random_b,1000000.0,463
30,26,1,3312,68.4311406194649,True,,0.04301958947359852,ransac,5,False,True,E8|NC1_random_b,1000000.0,464
30,21,0,3296,75.34138438818306,True,,0.049581514825418026,ransac,4,False,True,E8|NC1_random_b,1000000.0,465
30,23,2,3296,40.62901440697809,True,,0.022617409928360897,ransac,4,False,True,E8|NC1_random_b,1000000.0,466
30,24,2,3280,115.25108385197454,True,,0.04575445463071839,ransac,5,False,True,E8|NC1_random_b,1000000.0,467
30,24,1,3248,72.06944258352476,True,,0.02221293010009675,ransac,5,False,True,E8|NC1_random_b,1000000.0,468
30,23,6,3296,132.38841729498967,True,,0.05134660418144956,ransac,6,False,True,E8|NC1_random_b,1000000.0,469
30,25,3,3232,94.44908898070189,True,,0.030458164664982405,ransac,5,False,True,E8|NC1_random_b,1000000.0,470
30,21,1,3296,38.38363957383348,True,,0.036872020645343645,ransac,5,False,True,E8|NC1_random_b,1000000.0,471
30,22,1,3248,63.46919734640773,True,,0.013322699617642575,ransac,5,False,True,E8|NC1_random_b,1000000.0,472
30,24,1,3264,168.6301198222256,True,,0.03545810466817301,ransac,5,False,True,E8|NC1_random_b,1000000.0,473
30,23,1,3296,75.22243750898146,True,,0.03443414976384745,ransac,6,False,True,E8|NC1_random_b,1000000.0,474
30,21,2,3312,34.437308537528914,True,,0.025703966345307045,ransac,5,False,True,E8|NC1_random_b,1000000.0,475
30,22,0,3312,108.73122839627092,True,,0.0351983181453382,ransac,5,False,True,E8|NC1_random_b,1000000.0,476
30,22,3,3296,99.690687280944,True,,0.021830267928297883,ransac,4,False,True,E8|NC1_random_b,1000000.0,477
30,24,0,3216,93.90270794156001,True,,0.026902313262617515,ransac,5,False,True,E8|NC1_random_b,1000000.0,478
30,23,1,3248,43.692686499414094,True,,0.052052878559213575,ransac,4,False,True,E8|NC1_random_b,1000000.0,479
30,20,2,3232,105.21698513636427,True,,0.026592595616093045,ransac,4,False,True,E8|NC1_random_b,1000000.0,480
30,24,2,3312,83.04184216545713,True,,0.02567537714906774,ransac,5,False,True,E8|NC1_random_b,1000000.0,481
30,23,2,3296,123.12677187902428,True,,0.030422143319367906,ransac,5,False,True,E8|NC1_random_b,1000000.0,482
30,23,2,3296,161.78209638544843,True,,0.07074281170379014,ransac,5,False,True,E8|NC1_random_b,1000000.0,483
30,25,2,3312,151.45762865304346,True,,0.02230821964446898,ransac,5,False,True,E8|NC1_random_b,1000000.0,484
30,23,0,3200,121.75908814886357,True,,0.03130923634027036,ransac,6,False,True,E8|NC1_random_b,1000000.0,485
30,21,1,3264,38.59870628604922,True,,0.08888773474833761,ransac,5,False,True,E8|NC1_random_b,1000000.0,486
30,24,2,3248,124.76501996951876,True,,0.020970718689480958,ransac,4,False,True,E8|NC1_random_b,1000000.0,487
30,25,1,3248,100.18844688812948,True,,0.031511783219564035,ransac,6,False,True,E8|NC1_random_b,1000000.0,488
30,23,0,3296,73.97231464129025,True,,0.04161505101137371,ransac,6,False,True,E8|NC1_random_b,1000000.0,489
30,24,1,3296,66.09325651399955,True,,0.018445628554564126,ransac,5,False,True,E8|NC1_random_b,1000000.0,490
30,24,1,3280,83.35276498975861,True,,0.046510079702553705,ransac,5,False,True,E8|NC1_random_b,1000000.0,491
30,22,0,3248,85.49652879790163,True,,0.02636083376902503,ransac,5,False,True,E8|NC1_random_b,1000000.0,492
30,23,2,3232,40.29583733588493,True,,0.040629574056334154,ransac,5,False,True,E8|NC1_random_b,1000000.0,493
30,25,2,3264,61.10964153358086,True,,0.044458340363619675,ransac,4,False,True,E8|NC1_random_b,1000000.0,494
30,26,1,3312,110.2862990352231,True,,0.012947657280842935,ransac,4,False,True,E8|NC1_random_b,1000000.0,495
30,23,0,3248,59.68171543446761,True,,0.005895571816400988,ransac,5,False,True,E8|NC1_random_b,1000000.0,496
30,25,2,3280,68.64606790177281,True,,0.03401533470328474,ransac,5,False,True,E8|NC1_random_b,1000000.0,497
30,26,0,3264,80.21983532654941,True,,0.02935466970591733,ransac,5,False,True,E8|NC1_random_b,1000000.0,498
30,26,2,3248,133.7118147633614,True,,0.02951257910378942,ransac,4,False,True,E8|NC1_random_b,1000000.0,499
30,22,4,3328,91.81415097716334,True,,0.038146532400143936,ransac,5,False,True,E8|NC1_random_b,1000000.0,500
30,22,4,3296,131.26678422442313,True,,0.027935791231075518,ransac,5,False,True,E8|NC1_random_b,1000000.0,501
30,22,0,3280,94.33010191703501,True,,0.03997889526621415,ransac,4,False,True,E8|NC1_random_b,1000000.0,502
30,23,2,3280,53.57261210915974,True,,0.03709271293858272,ransac,4,False,True,E8|NC1_random_b,1000000.0,503
30,23,1,3248,151.54075118873115,True,,0.035762665402770726,ransac,5,False,True,E8|NC1_random_b,1000000.0,504
30,25,2,3248,64.82445860282711,True,,0.03530206259607759,ransac,4,False,True,E8|NC1_random_b,1000000.0,505
30,25,1,3312,94.04051035620026,True,,0.03273036192237676,ransac,6,False,True,E8|NC1_random_b,1000000.0,506
30,23,1,3280,113.95604998033075,True,,0.027323400898395377,ransac,5,False,True,E8|NC1_random_b,1000000.0,507
30,21,1,3312,67.63487167121603,True,,0.00470818498335686,ransac,4,False,True,E8|NC1_random_b,1000000.0,508
30,24,0,3312,17.637129880112877,True,,0.03133085384609698,ransac,5,False,True,E8|NC1_random_b,1000000.0,509
30,24,0,3312,96.2894371483184,True,,0.05103838479875421,ransac,5,False,True,E8|NC1_random_b,1000000.0,510
30,21,0,3264,62.3861789327843,True,,0.04256178827039746,ransac,4,False,True,E8|NC1_random_b,1000000.0,511
30,23,0,3296,58.32883207423412,True,,0.022650163218675846,ransac,5,False,True,E8|NC1_random_b,1000000.0,512
30,24,1,3280,157.8331175648983,True,,0.029518838312604472,ransac,8,False,True,E8|NC1_random_b,1000000.0,513
30,23,1,3264,63.38672549267553,True,,0.022761590029698055,ransac,5,False,True,E8|NC1_random_b,1000000.0,514
30,22,1,3248,69.345195715251,True,,0.008434803265276923,ransac,4,False,True,E8|NC1_random_b,1000000.0,515
30,22,3,3312,69.49238532054639,True,,0.042164032320921856,ransac,4,False,True,E8|NC1_random_b,1000000.0,516
30,23,0,3312,77.20738130517987,True,,0.04350716168799005,ransac,5,False,True,E8|NC1_random_b,1000000.0,517
30,25,3,3248,134.50892168754692,True,,0.03448884200511008,ransac,5,False,True,E8|NC1_random_b,1000000.0,518
30,23,1,3296,118.38147752292963,True,,0.03412123131387426,ransac,7,False,True,E8|NC1_random_b,1000000.0,519
30,24,3,3312,73.66388956621765,True,,0.04253722563943645,ransac,5,False,True,E8|NC1_random_b,1000000.0,520
30,22,2,3264,133.08494355085904,True,,0.03234673219249977,ransac,5,False,True,E8|NC1_random_b,1000000.0,521
30,24,1,3280,62.03134504370905,True,,0.03581939019053581,ransac,5,False,True,E8|NC1_random_b,1000000.0,522
30,22,0,3264,70.92163616252896,True,,0.0418780388231286,ransac,5,False,True,E8|NC1_random_b,1000000.0,523
30,24,1,3312,73.56974218877974,True,,0.03153139947928464,ransac,4,False,True,E8|NC1_random_b,1000000.0,524
30,24,0,3296,54.08761474813296,True,,0.01694092937528996,ransac,5,False,True,E8|NC1_random_b,1000000.0,525
30,21,1,3296,106.04400037331582,True,,0.0516329182735921,ransac,5,False,True,E8|NC1_random_b,1000000.0,526
30,23,2,3296,98.44780972740672,True,,0.04139777886421438,ransac,6,False,True,E8|NC1_random_b,1000000.0,527
30,23,2,3296,84.28346286426816,True,,0.009463442856492041,ransac,4,False,True,E8|NC1_random_b,1000000.0,528
30,24,1,3328,51.97632152117178,True,,0.02667430041479105,ransac,5,False,True,E8|NC1_random_b,1000000.0,529
30,23,0,3232,119.65056294374308,True,,0.05291573971875524,ransac,6,False,True,E8|NC1_random_b,1000000.0,530
30,24,2,3264,127.63195340985366,True,,0.0337005241875394,ransac,5,False,True,E8|NC1_random_b,1000000.0,531
30,23,2,3264,93.2127513150215,True,,0.031107121407416533,ransac,6,False,True,E8|NC1_random_b,1000000.0,532
30,20,2,3248,86.85430355629981,True,,0.023272548024846303,ransac,3,False,True,E8|NC1_random_b,1000000.0,533
30,23,1,3280,100.92147168099018,True,,0.03553925080074089,ransac,4,False,True,E8|NC1_random_b,1000000.0,534
30,23,1,3280,108.3726212609246,True,,0.03923268251967232,ransac,5,False,True,E8|NC1_random_b,1000000.0,535
30,24,2,3280,170.61104380831048,True,,0.040052221806911224,ransac,4,False,True,E8|NC1_random_b,1000000.0,536
30,21,2,3296,77.57708644112071,True,,0.024319509263387763,ransac,4,False,True,E8|NC1_random_b,1000000.0,537
30,24,0,3280,46.91101755250822,True,,0.042602263773804105,ransac,5,False,True,E8|NC1_random_b,1000000.0,538
30,21,1,3312,134.1557420395431,True,,0.04056993335486639,ransac,3,False,True,E8|NC1_random_b,1000000.0,539
30,23,0,3296,82.00521465475101,True,,0.03785999934198644,ransac,6,False,True,E8|NC1_random_b,1000000.0,540
30,23,1,3280,93.96918580511557,True,,0.031066441574709485,ransac,5,False,True,E8|NC1_random_b,1000000.0,541
30,25,2,3264,134.4181836271335,True,,0.034963188106461845,ransac,5,False,True,E8|NC1_random_b,1000000.0,542
30,22,1,3280,104.89217165110406,True,,0.03915046750070521,ransac,4,False,True,E8|NC1_random_b,1000000.0,543
30,25,2,3296,60.25259268893615,True,,0.036010521280195044,ransac,5,False,True,E8|NC1_random_b,1000000.0,544
30,25,2,3280,59.76775094465435,True,,0.007563660285162442,ransac,5,False,True,E8|NC1_random_b,1000000.0,545
30,26,1,3280,106.21125695189589,True,,0.02775432798351492,ransac,4,False,True,E8|NC1_random_b,1000000.0,546
30,23,2,3312,85.66227329531544,True,,0.039444292848930106,ransac,6,False,True,E8|NC1_random_b,1000000.0,547
30,26,1,3296,73.30379667713541,True,,0.03278282508240448,ransac,4,False,True,E8|NC1_random_b,1000000.0,548
30,20,0,3312,106.47189159810053,True,,0.06811040424073503,ransac,5,False,True,E8|NC1_random_b,1000000.0,549
30,24,2,3312,154.4593007013793,True,,0.04114723525397655,ransac,5,False,True,E8|NC1_random_b,1000000.0,550
30,25,1,3296,103.80796933262798,True,,0.05989795275066743,ransac,4,False,True,E8|NC1_random_b,1000000.0,551
30,23,0,3264,101.19694942293377,True,,0.044122061704846324,ransac,5,False,True,E8|NC1_random_b,1000000.0,552
30,25,3,3264,88.81448507096702,True,,0.04071082346706803,ransac,5,False,True,E8|NC1_random_b,1000000.0,553
30,23,1,3264,156.27952849653119,True,,0.036958286490483785,ransac,6,False,True,E8|NC1_random_b,1000000.0,554
30,23,1,3216,148.74616292205363,True,,0.009932049228131281,ransac,4,False,True,E8|NC1_random_b,1000000.0,555
30,24,1,3280,143.68201302995223,True,,0.0387428380978743,ransac,5,False,True,E8|NC1_random_b,1000000.0,556
30,22,1,3280,71.50448990107652,True,,0.02733365590094123,ransac,4,False,True,E8|NC1_random_b,1000000.0,557
30,24,1,3296,61.02595206411751,True,,0.0393562400335974,ransac,6,False,True,E8|NC1_random_b,1000000.0,558
30,22,0,3264,19.467637579297627,True,,0.02309333616489241,ransac,4,False,True,E8|NC1_random_b,1000000.0,559
30,25,2,3296,76.03342626128298,True,,0.057698810383481194,ransac,5,False,True,E8|NC1_random_b,1000000.0,560
30,21,0,3280,59.206304577761216,True,,0.03283166652908974,ransac,5,False,True,E8|NC1_random_b,1000000.0,561
30,23,1,3280,17.265832550925133,True,,0.04726099921168797,ransac,5,False,True,E8|NC1_random_b,1000000.0,562
30,24,0,3280,91.05690476188713,True,,0.023954802190274717,ransac,5,False,True,E8|NC1_random_b,1000000.0,563
30,23,1,3296,52.96324760283227,True,,0.05899436827414392,ransac,6,False,True,E8|NC1_random_b,1000000.0,564
30,24,0,3280,87.88150484336175,True,,0.03604494702258144,ransac,6,False,True,E8|NC1_random_b,1000000.0,565
30,23,2,3232,79.99600559958282,True,,0.006178511373592939,ransac,4,False,True,E8|NC1_random_b,1000000.0,566
30,22,1,3264,174.0179634881429,True,,0.0257791381468842,ransac,5,False,True,E8|NC1_random_b,1000000.0,567
30,24,4,3264,103.07348763080388,True,,0.04294772231662181,ransac,4,False,True,E8|NC1_random_b,1000000.0,568
30,24,0,3280,117.24205583188318,True,,0.017828425027161993,ransac,4,False,True,E8|NC1_random_b,1000000.0,569
30,23,0,3312,32.1709225324575,True,,0.044002934480139595,ransac,4,False,True,E8|NC1_random_b,1000000.0,570
30,24,0,3280,91.30096438646785,True,,0.028829962371823517,ransac,5,False,True,E8|NC1_random_b,1000000.0,571
30,22,1,3296,144.55180584849393,True,,0.032086802224656125,ransac,5,False,True,E8|NC1_random_b,1000000.0,572
30,24,0,3296,95.22409023766701,True,,0.011252788223443165,ransac,4,False,True,E8|NC1_random_b,1000000.0,573
30,23,3,3312,133.77745332273787,True,,0.015427230399848066,ransac,4,False,True,E8|NC1_random_b,1000000.0,574
30,23,2,3312,121.01598713350116,True,,0.03767687966569304,ransac,5,False,True,E8|NC1_random_b,1000000.0,575
30,20,1,3280,84.98396888404909,True,,0.0301937956130762,ransac,4,False,True,E8|NC1_random_b,1000000.0,576
30,22,2,3296,88.02761493529697,True,,0.01467113485007977,ransac,4,False,True,E8|NC1_random_b,1000000.0,577
30,25,2,3232,159.1585256724419,True,,0.015174409208029331,ransac,4,False,True,E8|NC1_random_b,1000000.0,578
30,22,0,3280,164.21212926733406,True,,0.03864206654830389,ransac,5,False,True,E8|NC1_random_b,1000000.0,579
30,20,0,3296,165.45190305290916,True,,0.016808067876768827,ransac,4,False,True,E8|NC1_random_b,1000000.0,580
30,24,1,3248,32.794472167274456,True,,0.03608807644257222,ransac,5,False,True,E8|NC1_random_b,1000000.0,581
30,22,2,3264,163.56465875335655,True,,0.026501628225995392,ransac,6,False,True,E8|NC1_random_b,1000000.0,582
30,21,2,3312,148.23183720248312,True,,0.02868530157861443,ransac,4,False,True,E8|NC1_random_b,1000000.0,583
30,24,0,3248,34.53055017290971,True,,0.03156651602678135,ransac,5,False,True,E8|NC1_random_b,1000000.0,584
30,22,0,3296,29.604098300671975,True,,0.029736412953398156,ransac,5,False,True,E8|NC1_random_b,1000000.0,585
30,23,2,3296,153.1739443991182,True,,0.010226397007368753,ransac,4,False,True,E8|NC1_random_b,1000000.0,586
30,23,1,3312,106.96509812699054,True,,0.04299941801862426,ransac,6,False,True,E8|NC1_random_b,1000000.0,587
30,24,2,3280,154.2744632461525,True,,0.03862807059448929,ransac,5,False,True,E8|NC1_random_b,1000000.0,588
30,24,1,3296,83.78681584928184,True,,0.05846241998405091,ransac,6,False,True,E8|NC1_random_b,1000000.0,589
30,24,1,3312,121.10373268950626,True,,0.042426539352327465,ransac,4,False,True,E8|NC1_random_b,1000000.0,590
30,23,1,3280,108.2270030184286,True,,0.014800158049385781,ransac,5,False,True,E8|NC1_random_b,1000000.0,591
30,22,2,3296,64.63173395269105,True,,0.04025814432933389,ransac,5,False,True,E8|NC1_random_b,1000000.0,592
30,23,0,3296,52.80344507317247,True,,0.028648698351134694,ransac,5,False,True,E8|NC1_random_b,1000000.0,593
30,24,2,3280,76.34828294976802,True,,0.03509285933051376,ransac,4,False,True,E8|NC1_random_b,1000000.0,594
30,23,0,3280,107.19367340625791,True,,0.047177726805088686,ransac,5,False,True,E8|NC1_random_b,1000000.0,595
30,21,1,3280,123.40633047898648,True,,0.04204830534192116,ransac,5,False,True,E8|NC1_random_b,1000000.0,596
30,24,0,3296,144.2235969921571,True,,0.034545039739935675,ransac,5,False,True,E8|NC1_random_b,1000000.0,597
30,23,0,3312,117.51266097536903,True,,0.04950778556022891,ransac,4,False,True,E8|NC1_random_b,1000000.0,598
30,23,2,3280,36.647952514166754,True,,0.04630995599331081,ransac,5,False,True,E8|NC1_random_b,1000000.0,599
30,24,1,3232,64.69070129492866,True,,0.025808172374459138,ransac,4,False,True,E8|NC1_random_b,1000000.0,600
30,23,0,3264,131.0248970546773,True,,0.06005899352728,ransac,5,False,True,E8|NC1_random_b,1000000.0,601
30,24,1,3296,75.1378990513588,True,,0.02611372633540705,ransac,4,False,True,E8|NC1_random_b,1000000.0,602
30,24,2,3312,61.914391992449815,True,,0.011191390649608685,ransac,4,False,True,E8|NC1_random_b,1000000.0,603
30,24,2,3312,78.49451458675688,True,,0.01199501888480428,ransac,5,False,True,E8|NC1_random_b,1000000.0,604
30,21,1,3280,97.3820405379953,True,,0.03863368702827215,ransac,4,False,True,E8|NC1_random_b,1000000.0,605
30,25,1,3264,96.90798900204696,True,,0.023419618688711053,ransac,5,False,True,E8|NC1_random_b,1000000.0,606
30,22,0,3312,72.52219072703842,True,,0.02398847617864041,ransac,5,False,True,E8|NC1_random_b,1000000.0,607
30,24,3,3280,157.86624144663435,True,,0.022373787289180647,ransac,5,False,True,E8|NC1_random_b,1000000.0,608
30,21,1,3312,109.45619032141333,True,,0.01866511447412415,ransac,5,False,True,E8|NC1_random_b,1000000.0,609
30,23,1,3312,103.91614081934924,True,,0.025438817793657774,ransac,4,False,True,E8|NC1_random_b,1000000.0,610
30,23,2,3232,117.38500702422779,True,,0.02794059332139111,ransac,5,False,True,E8|NC1_random_b,1000000.0,611
30,24,2,3232,118.55389338234079,True,,0.025298648371990664,ransac,5,False,True,E8|NC1_random_b,1000000.0,612
30,22,0,3296,153.6196066552486,True,,0.023908810005670706,ransac,6,False,True,E8|NC1_random_b,1000000.0,613
30,25,1,3280,64.46218077706945,True,,0.023527782233316915,ransac,6,False,True,E8|NC1_random_b,1000000.0,614
30,22,1,3248,100.00992630856757,True,,0.031262340276987474,ransac,5,False,True,E8|NC1_random_b,1000000.0,615
30,23,1,3280,54.77650753802305,True,,0.044320187620956145,ransac,5,False,True,E8|NC1_random_b,1000000.0,616
30,23,3,3328,110.9799496569816,True,,0.04657619214934714,ransac,6,False,True,E8|NC1_random_b,1000000.0,617
30,24,1,3264,85.74434844599868,True,,0.0520372109428863,ransac,5,False,True,E8|NC1_random_b,1000000.0,618
30,24,0,3264,105.10171306369836,True,,0.047103171274064895,ransac,6,False,True,E8|NC1_random_b,1000000.0,619
30,24,0,3248,60.50593820634407,True,,0.04228277772514427,ransac,5,False,True,E8|NC1_random_b,1000000.0,620
30,21,1,3280,39.54779146412793,True,,0.03891124705297663,ransac,6,False,True,E8|NC1_random_b,1000000.0,621
30,25,2,3296,24.951961642745044,True,,0.023192761828999,ransac,4,False,True,E8|NC1_random_b,1000000.0,622
30,23,0,3280,135.44745393274917,True,,0.039081987965871756,ransac,7,False,True,E8|NC1_random_b,1000000.0,623
30,23,1,3232,31.81394420069425,True,,0.017197232615612987,ransac,4,False,True,E8|NC1_random_b,1000000.0,624
30,25,0,3280,144.8057382529884,True,,0.029921703031395335,ransac,6,False,True,E8|NC1_random_b,1000000.0,625
30,23,5,3280,88.89599871915038,True,,0.02660089041770691,ransac,5,False,True,E8|NC1_random_b,1000000.0,626
30,20,2,3264,57.55008920137391,True,,0.05243004914315093,ransac,4,False,True,E8|NC1_random_b,1000000.0,627
30,22,2,3280,58.09524122734784,True,,0.018007017984658407,ransac,4,False,True,E8|NC1_random_b,1000000.0,628
30,23,0,3296,43.96127056329815,True,,0.03338099701349122,ransac,5,False,True,E8|NC1_random_b,1000000.0,629
30,24,3,3248,132.20745647734088,True,,0.02591385861830037,ransac,4,False,True,E8|NC1_random_b,1000000.0,630
30,24,2,3296,92.10572462342685,True,,0.030315786630590223,ransac,4,False,True,E8|NC1_random_b,1000000.0,631
30,24,1,3296,121.55816970850472,True,,0.02375846823859603,ransac,6,False,True,E8|NC1_random_b,1000000.0,632
30,24,2,3264,97.43629426670617,True,,0.023985310431802184,ransac,4,False,True,E8|NC1_random_b,1000000.0,633
30,21,0,3264,108.68397278785824,True,,0.026183822644494856,ransac,4,False,True,E8|NC1_random_b,1000000.0,634
30,24,2,3312,35.739132201303015,True,,0.030281662694991655,ransac,4,False,True,E8|NC1_random_b,1000000.0,635
30,24,3,3296,127.33801485004864,True,,0.03961958450625002,ransac,6,False,True,E8|NC1_random_b,1000000.0,636
30,22,0,3280,129.86103516033495,True,,0.0248153946873147,ransac,5,False,True,E8|NC1_random_b,1000000.0,637
30,22,1,3248,72.67292569659026,True,,0.05203757592202381,ransac,6,False,True,E8|NC1_random_b,1000000.0,638
30,25,1,3280,126.73838538070787,True,,0.041947165166131506,ransac,5,False,True,E8|NC1_random_b,1000000.0,639
30,24,5,3280,161.33522676917724,True,,0.02516812535623287,ransac,5,False,True,E8|NC1_random_b,1000000.0,640
30,23,0,3248,144.7655455206215,True,,0.040861008404164734,ransac,5,False,True,E8|NC1_random_b,1000000.0,641
30,22,1,3280,48.05193746613886,True,,0.051325087749184393,ransac,5,False,True,E8|NC1_random_b,1000000.0,642
30,24,1,3328,53.590057642543556,True,,0.05086959916964268,ransac,5,False,True,E8|NC1_random_b,1000000.0,643
30,23,0,3296,42.936107137387616,True,,0.018370922692699423,ransac,4,False,True,E8|NC1_random_b,1000000.0,644
30,23,0,3232,63.54041892038901,True,,0.044218911829678895,ransac,4,False,True,E8|NC1_random_b,1000000.0,645
30,21,0,3328,136.32214148429298,True,,0.023466825777605886,ransac,5,False,True,E8|NC1_random_b,1000000.0,646
30,21,2,3296,47.785212555458884,True,,0.012380736079103,ransac,4,False,True,E8|NC1_random_b,1000000.0,647
30,24,0,3184,91.79817747920546,True,,0.050892627942069654,ransac,5,False,True,E8|NC1_random_b,1000000.0,648
30,20,2,3264,142.61832731864087,True,,0.01032566533122923,ransac,4,False,True,E8|NC1_random_b,1000000.0,649
30,25,2,3264,45.31134426675703,True,,0.04323990767735102,ransac,6,False,True,E8|NC1_random_b,1000000.0,650
30,23,1,3264,131.64506470031804,True,,0.037872612896746406,ransac,5,False,True,E8|NC1_random_b,1000000.0,651
30,25,2,3280,91.28841321737806,True,,0.05409162145107656,ransac,5,False,True,E8|NC1_random_b,1000000.0,652
30,25,1,3200,77.48862002059712,True,,0.01235086391622329,ransac,5,False,True,E8|NC1_random_b,1000000.0,653
30,25,2,3280,21.43284521980391,True,,0.02571078640891683,ransac,5,False,True,E8|NC1_random_b,1000000.0,654
30,23,3,3264,160.4915883556383,True,,0.03724772783329464,ransac,7,False,True,E8|NC1_random_b,1000000.0,655
30,23,3,3328,80.44672860592371,True,,0.020479615946869017,ransac,5,False,True,E8|NC1_random_b,1000000.0,656
30,24,1,3248,93.33552328535619,True,,0.03513792614910686,ransac,6,False,True,E8|NC1_random_b,1000000.0,657
30,24,0,3296,48.46307546738785,True,,0.04402560044870791,ransac,8,False,True,E8|NC1_random_b,1000000.0,658
30,24,0,3264,47.299399717145285,True,,0.03471461211282741,ransac,4,False,True,E8|NC1_random_b,1000000.0,659
30,23,2,3248,143.37788152724687,True,,0.03467025828663598,ransac,5,False,True,E8|NC1_random_b,1000000.0,660
30,26,3,3184,63.87835920226746,True,,0.03775059630688487,ransac,4,False,True,E8|NC1_random_b,1000000.0,661
30,25,1,3312,99.12569833086775,True,,0.048937648969644844,ransac,6,False,True,E8|NC1_random_b,1000000.0,662
30,24,3,3296,25.58373631488849,True,,0.04755176121533145,ransac,5,False,True,E8|NC1_random_b,1000000.0,663
30,21,0,3264,142.92997712657183,True,,0.049033461950083256,ransac,4,False,True,E8|NC1_random_b,1000000.0,664
30,24,1,3312,66.50883769244044,True,,0.03713699541943692,ransac,5,False,True,E8|NC1_random_b,1000000.0,665
30,23,2,3264,107.44988584307951,True,,0.01647303534210932,ransac,4,False,True,E8|NC1_random_b,1000000.0,666
30,23,0,3328,109.13443399906612,True,,0.03293517724566609,ransac,6,False,True,E8|NC1_random_b,1000000.0,667
30,24,0,3280,69.90808881676917,True,,0.013802289894189608,ransac,5,False,True,E8|NC1_random_b,1000000.0,668
30,20,1,3280,79.55877871258252,True,,0.04615186441990192,ransac,6,False,True,E8|NC1_random_b,1000000.0,669
30,25,1,3280,167.57831502888715,True,,0.009648175606836945,ransac,5,False,True,E8|NC1_random_b,1000000.0,670
30,24,1,3312,136.53206655060708,True,,0.04432758846769312,ransac,5,False,True,E8|NC1_random_b,1000000.0,671
30,22,1,3264,43.97476553408952,True,,0.01836063909375416,ransac,4,False,True,E8|NC1_random_b,1000000.0,672
30,24,2,3312,132.61197888636386,True,,0.0399462232219449,ransac,6,False,True,E8|NC1_random_b,1000000.0,673
30,22,0,3280,47.13783869552916,True,,0.027707972028006712,ransac,4,False,True,E8|NC1_random_b,1000000.0,674
30,21,0,3264,91.17640607409643,True,,0.02585508194393736,ransac,6,False,True,E8|NC1_random_b,1000000.0,675
30,23,1,3264,66.34642339818137,True,,0.004922501392502399,ransac,5,False,True,E8|NC1_random_b,1000000.0,676
30,24,3,3280,177.78967385644526,True,,0.03680224908650321,ransac,5,False,True,E8|NC1_random_b,1000000.0,677
30,22,1,3280,100.23346432245866,True,,0.008973034345859427,ransac,5,False,True,E8|NC1_random_b,1000000.0,678
30,24,1,3296,91.078214655864,True,,0.041526973964126565,ransac,5,False,True,E8|NC1_random_b,1000000.0,679
30,23,1,3280,79.73414703722828,True,,0.03206515383236545,ransac,5,False,True,E8|NC1_random_b,1000000.0,680
30,23,0,3280,98.30095821070532,True,,0.0505396556607774,ransac,5,False,True,E8|NC1_random_b,1000000.0,681
30,23,1,3264,52.13787746431968,True,,0.04562938439841258,ransac,5,False,True,E8|NC1_random_b,1000000.0,682
30,24,0,3264,114.19970345204383,True,,0.010183222287864202,ransac,4,False,True,E8|NC1_random_b,1000000.0,683
30,25,0,3280,78.03856685969491,True,,0.011910167057396125,ransac,4,False,True,E8|NC1_random_b,1000000.0,684
30,23,3,3264,110.57703885274904,True,,0.0487783008951803,ransac,6,False,True,E8|NC1_random_b,1000000.0,685
30,25,1,3264,37.13082947567667,True,,0.047904911364216665,ransac,6,False,True,E8|NC1_random_b,1000000.0,686
30,25,2,3280,116.12423678924404,True,,0.0318223176181129,ransac,5,False,True,E8|NC1_random_b,1000000.0,687
30,22,0,3280,140.176127457692,True,,0.03373795177959311,ransac,6,False,True,E8|NC1_random_b,1000000.0,688
30,22,0,3264,106.1267628660445,True,,0.05211618394592707,ransac,5,False,True,E8|NC1_random_b,1000000.0,689
30,25,1,3296,30.572271545548183,True,,0.05900606369469415,ransac,5,False,True,E8|NC1_random_b,1000000.0,690
30,24,0,3312,24.094331290604885,True,,0.057210507174665,ransac,4,False,True,E8|NC1_random_b,1000000.0,691
30,23,3,3280,106.15531181773719,True,,0.26392076786750834,ransac,3,False,True,E8|NC1_random_b,1000000.0,692
30,22,1,3312,55.20215827365774,True,,0.06556278700832324,ransac,5,False,True,E8|NC1_random_b,1000000.0,693
30,23,2,3296,130.64455721909647,True,,0.017044273262469996,ransac,4,False,True,E8|NC1_random_b,1000000.0,694
30,23,1,3248,90.42904619066205,True,,0.03284915926750837,ransac,4,False,True,E8|NC1_random_b,1000000.0,695
30,22,2,3312,106.56647992704501,True,,0.02190303483209341,ransac,4,False,True,E8|NC1_random_b,1000000.0,696
30,21,1,3296,85.21682001848984,True,,0.03555231263930301,ransac,4,False,True,E8|NC1_random_b,1000000.0,697
30,22,1,3312,71.23303014262166,True,,0.03319163666930962,ransac,5,False,True,E8|NC1_random_b,1000000.0,698
30,22,0,3296,73.9953604372948,True,,0.04096287202466251,ransac,4,False,True,E8|NC1_random_b,1000000.0,699
30,24,0,3264,145.56570150093464,True,,0.02074628177090971,ransac,4,False,True,E8|NC1_random_b,1000000.0,700
30,24,3,3296,52.729973644981044,True,,0.02844052054691537,ransac,5,False,True,E8|NC1_random_b,1000000.0,701
30,21,1,3296,60.91233922655006,True,,0.019920100845268556,ransac,4,False,True,E8|NC1_random_b,1000000.0,702
30,22,1,3280,21.03552919132472,True,,0.048074749569151136,ransac,6,False,True,E8|NC1_random_b,1000000.0,703
30,23,1,3296,126.00140938876629,True,,0.03745237523876008,ransac,6,False,True,E8|NC1_random_b,1000000.0,704
30,20,2,3280,131.80427254034043,True,,0.024520047137231157,ransac,5,False,True,E8|NC1_random_b,1000000.0,705
30,24,0,3296,97.82587823587798,True,,0.03159311132437428,ransac,6,False,True,E8|NC1_random_b,1000000.0,706
30,22,2,3296,66.20188178009862,True,,0.032467933410919324,ransac,5,False,True,E8|NC1_random_b,1000000.0,707
30,21,0,3264,54.05101562856136,True,,0.0227971894854556,ransac,5,False,True,E8|NC1_random_b,1000000.0,708
30,22,1,3248,172.22883559932913,True,,0.01575507443879784,ransac,3,False,True,E8|NC1_random_b,1000000.0,709
30,22,0,3264,51.11920869531562,True,,0.04231235926699069,ransac,4,False,True,E8|NC1_random_b,1000000.0,710
30,25,0,3296,103.64064423326485,True,,0.012075387759286259,ransac,5,False,True,E8|NC1_random_b,1000000.0,711
30,23,1,3264,120.09718720776061,True,,0.01813659891995006,ransac,5,False,True,E8|NC1_random_b,1000000.0,712
30,25,3,3280,97.91983625717859,True,,0.019692217305932447,ransac,4,False,True,E8|NC1_random_b,1000000.0,713
30,24,1,3312,148.29535388442025,True,,0.01287918012116751,ransac,4,False,True,E8|NC1_random_b,1000000.0,714
30,23,1,3264,100.33221844106423,True,,0.034849294450031654,ransac,5,False,True,E8|NC1_random_b,1000000.0,715
30,23,1,3264,119.16945170010322,True,,0.03205434206707131,ransac,5,False,True,E8|NC1_random_b,1000000.0,716
30,22,0,3312,106.32442884703963,True,,0.0332449801517281,ransac,3,False,True,E8|NC1_random_b,1000000.0,717
30,25,1,3312,139.40892863649654,True,,0.04541885118547637,ransac,5,False,True,E8|NC1_random_b,1000000.0,718
30,21,1,3280,42.79463404672198,True,,0.016300663676093362,ransac,4,False,True,E8|NC1_random_b,1000000.0,719
30,24,1,3264,79.605691266943,True,,0.022701730300287826,ransac,5,False,True,E8|NC1_random_b,1000000.0,720
30,22,0,3312,80.11934580394934,True,,0.04155062827479752,ransac,4,False,True,E8|NC1_random_b,1000000.0,721
30,22,0,3312,117.34641488569217,True,,0.043283375743916955,ransac,4,False,True,E8|NC1_random_b,1000000.0,722
30,25,2,3312,120.09616605110553,True,,0.011899043003612872,ransac,4,False,True,E8|NC1_random_b,1000000.0,723
30,23,0,3280,58.316250244242035,True,,0.027787461742453785,ransac,5,False,True,E8|NC1_random_b,1000000.0,724
30,23,1,3264,83.34367252362205,True,,0.022682344416654197,ransac,5,False,True,E8|NC1_random_b,1000000.0,725
30,24,0,3280,141.78188224548478,True,,0.02403959314264958,ransac,5,False,True,E8|NC1_random_b,1000000.0,726
30,23,0,3296,121.02471547370209,True,,0.031192122166260525,ransac,6,False,True,E8|NC1_random_b,1000000.0,727
30,21,2,3264,110.72822950970914,True,,0.06844496105750368,ransac,5,False,True,E8|NC1_random_b,1000000.0,728
30,21,1,3280,139.11543492790028,True,,0.03309667218229301,ransac,4,False,True,E8|NC1_random_b,1000000.0,729
30,24,2,3296,126.93764473114814,True,,0.02278846047238132,ransac,4,False,True,E8|NC1_random_b,1000000.0,730
30,23,0,3296,59.10656955219073,True,,0.030030652350272708,ransac,5,False,True,E8|NC1_random_b,1000000.0,731
30,22,3,3280,31.10748982931894,True,,0.03923844131335651,ransac,5,False,True,E8|NC1_random_b,1000000.0,732
30,24,1,3296,138.27848777839858,True,,0.047467461137581726,ransac,6,False,True,E8|NC1_random_b,1000000.0,733
30,24,1,3328,38.08945267973763,True,,0.013343606850368003,ransac,4,False,True,E8|NC1_random_b,1000000.0,734
30,24,1,3264,32.53665100602644,True,,0.03936370078713275,ransac,5,False,True,E8|NC1_random_b,1000000.0,735
30,22,1,3200,133.32432806817548,True,,0.03258945960644958,ransac,5,False,True,E8|NC1_random_b,1000000.0,736
30,22,0,3280,52.75949662135893,True,,0.013413869877307558,ransac,4,False,True,E8|NC1_random_b,1000000.0,737
30,24,0,3280,84.09794641933472,True,,0.04435458095394937,ransac,5,False,True,E8|NC1_random_b,1000000.0,738
30,23,0,3280,97.87285393553358,True,,0.049839796176923294,ransac,6,False,True,E8|NC1_random_b,1000000.0,739
30,25,0,3296,141.88443845839655,True,,0.030626800156684605,ransac,5,False,True,E8|NC1_random_b,1000000.0,740
30,25,2,3312,113.9421400149987,True,,0.04360211287598597,ransac,5,False,True,E8|NC1_random_b,1000000.0,741
30,24,0,3280,47.17606731678862,True,,0.008014762005058471,ransac,4,False,True,E8|NC1_random_b,1000000.0,742
30,24,1,3248,40.95866920120712,True,,0.05027902100498492,ransac,5,False,True,E8|NC1_random_b,1000000.0,743
30,23,0,3312,158.19642831660278,True,,0.025626695396625626,ransac,5,False,True,E8|NC1_random_b,1000000.0,744
30,23,1,3296,30.13527344198949,True,,0.04814702366901379,ransac,4,False,True,E8|NC1_random_b,1000000.0,745
30,23,3,3232,142.0628142397602,True,,0.05208058088791289,ransac,5,False,True,E8|NC1_random_b,1000000.0,746
30,22,1,3312,90.3225707775287,True,,0.03233828516725245,ransac,4,False,True,E8|NC1_random_b,1000000.0,747
30,25,2,3296,106.79542369017678,True,,0.013638130120479378,ransac,5,False,True,E8|NC1_random_b,1000000.0,748
30,22,3,3280,88.56378590406501,True,,0.031145263004197624,ransac,5,False,True,E8|NC1_random_b,1000000.0,749
30,24,0,3280,9.887505019776604,True,,0.04082301707194422,ransac,5,False,True,E8|NC1_random_b,1000000.0,750
30,22,2,3264,96.99385164194125,True,,0.03163298656573224,ransac,6,False,True,E8|NC1_random_b,1000000.0,751
30,23,2,3264,125.59821886587294,True,,0.04474190578708821,ransac,5,False,True,E8|NC1_random_b,1000000.0,752
30,23,0,3248,73.33755262103313,True,,0.041935029381904326,ransac,5,False,True,E8|NC1_random_b,1000000.0,753
30,23,2,3248,65.804096346477,True,,0.015737647239658398,ransac,4,False,True,E8|NC1_random_b,1000000.0,754
30,25,3,3296,40.31862317643338,True,,0.021997076547121387,ransac,5,False,True,E8|NC1_random_b,1000000.0,755
30,21,1,3264,91.56491129028993,True,,0.0219849486977834,ransac,5,False,True,E8|NC1_random_b,1000000.0,756
30,22,0,3280,91.50686315882754,True,,0.012984121842344402,ransac,4,False,True,E8|NC1_random_b,1000000.0,757
30,21,1,3280,117.3830533861604,True,,0.03428827954746562,ransac,4,False,True,E8|NC1_random_b,1000000.0,758
30,22,0,3296,104.44557070558533,True,,0.047558195264163244,ransac,5,False,True,E8|NC1_random_b,1000000.0,759
30,23,1,3280,14.87603075224559,True,,0.03902078102678236,ransac,6,False,True,E8|NC1_random_b,1000000.0,760
30,23,4,3296,131.15688275351437,True,,0.04738765759432682,ransac,4,False,True,E8|NC1_random_b,1000000.0,761
30,23,0,3280,90.82489138488747,True,,0.03775618428112914,ransac,4,False,True,E8|NC1_random_b,1000000.0,762
30,23,0,3248,94.90705733208071,True,,0.04358228393547363,ransac,5,False,True,E8|NC1_random_b,1000000.0,763
30,20,2,3280,111.80244685992923,True,,0.03856027772472379,ransac,5,False,True,E8|NC1_random_b,1000000.0,764
30,24,2,3280,131.55319984999767,True,,0.010806375190855944,ransac,4,False,True,E8|NC1_random_b,1000000.0,765
30,23,1,3312,122.41446853826729,True,,0.024271105661514296,ransac,5,False,True,E8|NC1_random_b,1000000.0,766
30,23,0,3296,111.6754191849449,True,,0.03709526117153697,ransac,5,False,True,E8|NC1_random_b,1000000.0,767
30,22,1,3248,41.395996029598116,True,,0.02775738831793842,ransac,4,False,True,E8|NC1_random_b,1000000.0,768
30,23,2,3216,100.90849989807856,True,,0.02956946380243786,ransac,5,False,True,E8|NC1_random_b,1000000.0,769
30,24,0,3264,47.837078236544386,True,,0.05454758816676778,ransac,6,False,True,E8|NC1_random_b,1000000.0,770
30,24,3,3232,92.36308583156448,True,,0.013101412880885892,ransac,4,False,True,E8|NC1_random_b,1000000.0,771
30,24,2,3312,91.55028161447878,True,,0.04293225372568733,ransac,4,False,True,E8|NC1_random_b,1000000.0,772
30,25,0,3264,61.3674235840416,True,,0.0420928818793111,ransac,7,False,True,E8|NC1_random_b,1000000.0,773
30,24,1,3232,154.61464748065677,True,,0.02477910491377572,ransac,5,False,True,E8|NC1_random_b,1000000.0,774
30,24,3,3296,158.43176887016574,True,,0.033179654641396876,ransac,4,False,True,E8|NC1_random_b,1000000.0,775
30,23,1,3280,144.29069585254436,True,,0.023615146466455364,ransac,4,False,True,E8|NC1_random_b,1000000.0,776
30,23,0,3280,55.5166976490957,True,,0.049482742904726464,ransac,5,False,True,E8|NC1_random_b,1000000.0,777
30,25,1,3248,132.82828499613248,True,,0.028700791449053215,ransac,5,False,True,E8|NC1_random_b,1000000.0,778
30,23,2,3248,116.76662043737154,True,,0.016540259480714792,ransac,5,False,True,E8|NC1_random_b,1000000.0,779
30,23,0,3264,96.19088503633667,True,,0.07114239068595961,ransac,5,False,True,E8|NC1_random_b,1000000.0,780
30,22,1,3296,110.22093710208894,True,,0.023281526467660747,ransac,4,False,True,E8|NC1_random_b,1000000.0,781
30,24,2,3264,137.15647782628852,True,,0.02414350793078915,ransac,5,False,True,E8|NC1_random_b,1000000.0,782
30,23,4,3264,136.50358727578856,True,,0.026347053465085885,ransac,5,False,True,E8|NC1_random_b,1000000.0,783
30,21,0,3312,147.78442125120588,True,,0.04096326956176911,ransac,5,False,True,E8|NC1_random_b,1000000.0,784
30,24,1,3248,150.6124499563402,True,,0.05626963281765338,ransac,6,False,True,E8|NC1_random_b,1000000.0,785
30,21,1,3296,10.67685011099896,True,,0.008998999718350774,ransac,5,False,True,E8|NC1_random_b,1000000.0,786
30,25,1,3280,92.45591308717515,True,,0.021566532851964425,ransac,5,False,True,E8|NC1_random_b,1000000.0,787
30,22,1,3280,5.353269938009014,True,,0.05514588432327724,ransac,4,False,True,E8|NC1_random_b,1000000.0,788
30,25,1,3296,63.59724779183782,True,,0.021744148368351326,ransac,4,False,True,E8|NC1_random_b,1000000.0,789
30,25,1,3280,91.3194845159302,True,,0.015917339601905705,ransac,5,False,True,E8|NC1_random_b,1000000.0,790
30,24,2,3296,119.58321933649383,True,,0.002829734313897398,ransac,4,False,True,E8|NC1_random_b,1000000.0,791
30,22,2,3296,84.21092730985379,True,,0.015416834078765776,ransac,4,False,True,E8|NC1_random_b,1000000.0,792
30,22,1,3264,146.2420617132893,True,,0.02090306462260604,ransac,5,False,True,E8|NC1_random_b,1000000.0,793
30,25,3,3312,86.68917820964735,True,,0.034887052552491804,ransac,6,False,True,E8|NC1_random_b,1000000.0,794
30,25,1,3328,106.23575003864319,True,,0.06521073496095303,ransac,5,False,True,E8|NC1_random_b,1000000.0,795
30,22,3,3328,113.46268591468447,True,,0.04495084088766749,ransac,6,False,True,E8|NC1_random_b,1000000.0,796
30,23,1,3312,167.0333758775379,True,,0.029643208749296053,ransac,6,False,True,E8|NC1_random_b,1000000.0,797
30,24,0,3264,93.48716360119842,True,,0.023747997026756076,ransac,5,False,True,E8|NC1_random_b,1000000.0,798
30,23,2,3280,24.963007106742186,True,,0.03988429765236345,ransac,5,False,True,E8|NC1_random_b,1000000.0,799
30,23,1,3296,136.75680602789262,True,,0.03526578450513157,ransac,4,False,True,E8|NC1_random_b,1000000.0,800
30,25,0,3280,53.750463744946806,True,,0.023598297766789247,ransac,5,False,True,E8|NC1_random_b,1000000.0,801
30,24,0,3296,57.83700359121084,True,,0.03041305604814874,ransac,5,False,True,E8|NC1_random_b,1000000.0,802
30,21,0,3296,129.09590482636406,True,,0.03203089783522878,ransac,5,False,True,E8|NC1_random_b,1000000.0,803
30,21,1,3264,70.81743698084598,True,,0.00896802448300177,ransac,4,False,True,E8|NC1_random_b,1000000.0,804
30,25,0,3216,169.48664984814624,True,,0.02344662625190428,ransac,5,False,True,E8|NC1_random_b,1000000.0,805
30,24,1,3248,81.64480983980525,True,,0.016683987208147153,ransac,6,False,True,E8|NC1_random_b,1000000.0,806
30,25,1,3216,148.757419669968,True,,0.04697987022784289,ransac,5,False,True,E8|NC1_random_b,1000000.0,807
30,25,0,3248,69.36678859045124,True,,0.040922423037859944,ransac,6,False,True,E8|NC1_random_b,1000000.0,808
30,21,1,3280,116.53355235466182,True,,0.0342636093877792,ransac,6,False,True,E8|NC1_random_b,1000000.0,809
30,23,0,3280,119.19079577959647,True,,0.05190210024104868,ransac,6,False,True,E8|NC1_random_b,1000000.0,810
30,24,0,3328,25.881813411406508,True,,0.05177942820719109,ransac,5,False,True,E8|NC1_random_b,1000000.0,811
30,24,1,3264,110.79387081156752,True,,0.025379604166558725,ransac,4,False,True,E8|NC1_random_b,1000000.0,812
30,23,1,3248,119.87670234929118,True,,0.030660879562884352,ransac,5,False,True,E8|NC1_random_b,1000000.0,813
30,23,2,3264,56.6530299351148,True,,0.04367181902316528,ransac,5,False,True,E8|NC1_random_b,1000000.0,814
30,23,1,3264,52.26235714724492,True,,0.0421134366283966,ransac,5,False,True,E8|NC1_random_b,1000000.0,815
30,22,0,3328,92.83536024274197,True,,0.03935836432336822,ransac,4,False,True,E8|NC1_random_b,1000000.0,816
30,24,4,3280,80.95107333882228,True,,0.0427792586280169,ransac,6,False,True,E8|NC1_random_b,1000000.0,817
30,22,0,3296,109.80664103071717,True,,0.02746214568206993,ransac,4,False,True,E8|NC1_random_b,1000000.0,818
30,23,1,3280,93.36995890418805,True,,0.044132587977634564,ransac,5,False,True,E8|NC1_random_b,1000000.0,819
30,23,1,3280,85.09087166833037,True,,0.04477052265648636,ransac,6,False,True,E8|NC1_random_b,1000000.0,820
30,22,2,3264,59.13057002794589,True,,0.02861370495401051,ransac,4,False,True,E8|NC1_random_b,1000000.0,821
30,22,2,3312,78.4373272701577,True,,0.03656276771527857,ransac,5,False,True,E8|NC1_random_b,1000000.0,822
30,22,3,3280,116.7888552289974,True,,0.07272958767870813,ransac,4,False,True,E8|NC1_random_b,1000000.0,823
30,22,0,3328,157.1546955096612,True,,0.025388886885674106,ransac,6,False,True,E8|NC1_random_b,1000000.0,824
30,23,1,3296,105.58446091368545,True,,0.0385005943637342,ransac,4,False,True,E8|NC1_random_b,1000000.0,825
30,25,0,3264,145.70687799694463,True,,0.06180911634071292,ransac,5,False,True,E8|NC1_random_b,1000000.0,826
30,22,0,3280,46.78526325900543,True,,0.025795696193924814,ransac,5,False,True,E8|NC1_random_b,1000000.0,827
30,21,2,3296,35.60352518691867,True,,0.009088923149886234,ransac,5,False,True,E8|NC1_random_b,1000000.0,828
30,24,1,3280,37.12293900167183,True,,0.04655603784129945,ransac,4,False,True,E8|NC1_random_b,1000000.0,829
30,24,1,3264,102.95076819286027,True,,0.01933799226632852,ransac,4,False,True,E8|NC1_random_b,1000000.0,830
30,24,0,3296,59.38720789577074,True,,0.007659214334580656,ransac,4,False,True,E8|NC1_random_b,1000000.0,831
30,22,1,3264,71.70581709984087,True,,0.014351166493819838,ransac,5,False,True,E8|NC1_random_b,1000000.0,832
30,25,3,3312,59.01518520130135,True,,0.03853378821172615,ransac,5,False,True,E8|NC1_random_b,1000000.0,833
30,23,1,3296,144.29912095108384,True,,0.02845227331000069,ransac,6,False,True,E8|NC1_random_b,1000000.0,834
30,24,2,3280,26.469628986660172,True,,0.039950232126531295,ransac,6,False,True,E8|NC1_random_b,1000000.0,835
30,22,0,3264,144.97011791366032,True,,0.034971080457131994,ransac,5,False,True,E8|NC1_random_b,1000000.0,836
30,22,1,3296,161.12748883223838,True,,0.037520979828573026,ransac,4,False,True,E8|NC1_random_b,1000000.0,837
30,23,2,3264,120.90267976507097,True,,0.028741425948278575,ransac,4,False,True,E8|NC1_random_b,1000000.0,838
30,24,0,3312,94.49303328891024,True,,0.03055388764945361,ransac,6,False,True,E8|NC1_random_b,1000000.0,839
30,24,2,3296,24.32503349309093,True,,0.02541486912662891,ransac,5,False,True,E8|NC1_random_b,1000000.0,840
30,23,2,3296,83.36155994399023,True,,0.029186805575221218,ransac,6,False,True,E8|NC1_random_b,1000000.0,841
30,25,0,3296,96.08814479668148,True,,0.03933955826012947,ransac,6,False,True,E8|NC1_random_b,1000000.0,842
30,22,1,3296,152.26592716955764,True,,0.02674606451349465,ransac,5,False,True,E8|NC1_random_b,1000000.0,843
30,24,0,3280,73.38481954547345,True,,0.018671672548778905,ransac,5,False,True,E8|NC1_random_b,1000000.0,844
30,24,2,3248,57.979834189947624,True,,0.03127557699763614,ransac,5,False,True,E8|NC1_random_b,1000000.0,845
30,24,1,3248,66.95839986097629,True,,0.048177811356317386,ransac,6,False,True,E8|NC1_random_b,1000000.0,846
30,23,0,3280,53.07664153968333,True,,0.028803619242585378,ransac,5,False,True,E8|NC1_random_b,1000000.0,847
30,23,0,3296,168.74075178514647,True,,0.036011738120108376,ransac,5,False,True,E8|NC1_random_b,1000000.0,848
30,25,0,3248,25.55952344780432,True,,0.02058438800095715,ransac,5,False,True,E8|NC1_random_b,1000000.0,849
30,25,1,3248,46.621353053338076,True,,0.027643740578886536,ransac,5,False,True,E8|NC1_random_b,1000000.0,850
30,22,1,3328,57.748778677578166,True,,0.044974188941207555,ransac,4,False,True,E8|NC1_random_b,1000000.0,851
30,24,1,3296,9.077737233496462,True,,0.03109201669013053,ransac,5,False,True,E8|NC1_random_b,1000000.0,852
30,21,0,3248,74.43646510929233,True,,0.020751221917171353,ransac,4,False,True,E8|NC1_random_b,1000000.0,853
30,22,0,3280,91.49825778349573,True,,0.04840200523275153,ransac,5,False,True,E8|NC1_random_b,1000000.0,854
30,25,1,3248,132.51513104634174,True,,0.03843633298894095,ransac,6,False,True,E8|NC1_random_b,1000000.0,855
30,23,1,3280,113.61789364112707,True,,0.040334855759917396,ransac,4,False,True,E8|NC1_random_b,1000000.0,856
30,21,0,3264,79.4702912473542,True,,0.046552601554848784,ransac,4,False,True,E8|NC1_random_b,1000000.0,857
30,22,1,3264,104.06063751627367,True,,0.02883684605327595,ransac,5,False,True,E8|NC1_random_b,1000000.0,858
30,25,1,3296,60.54014266568917,True,,0.035626465403914814,ransac,5,False,True,E8|NC1_random_b,1000000.0,859
30,23,0,3280,94.94813647165856,True,,0.048513746538354184,ransac,5,False,True,E8|NC1_random_b,1000000.0,860
30,24,1,3312,33.521604313188455,True,,0.01815550174721847,ransac,4,False,True,E8|NC1_random_b,1000000.0,861
30,22,0,3280,147.86664585984565,True,,0.01967704656409942,ransac,3,False,True,E8|NC1_random_b,1000000.0,862
30,24,0,3248,8.54466163929443,True,,0.03352650031700914,ransac,6,False,True,E8|NC1_random_b,1000000.0,863
30,20,0,3280,101.1470373613183,True,,0.03187146725885687,ransac,4,False,True,E8|NC1_random_b,1000000.0,864
30,26,0,3248,53.17411957062534,True,,0.032177402402306106,ransac,5,False,True,E8|NC1_random_b,1000000.0,865
30,23,0,3296,74.02511179521196,True,,0.029364604045027783,ransac,5,False,True,E8|NC1_random_b,1000000.0,866
30,24,4,3280,63.47896286978405,True,,0.034944143041876104,ransac,5,False,True,E8|NC1_random_b,1000000.0,867
30,23,1,3312,107.5528053110698,True,,0.018627801770936012,ransac,4,False,True,E8|NC1_random_b,1000000.0,868
30,24,0,3280,109.76713616163288,True,,0.03764284458409903,ransac,5,False,True,E8|NC1_random_b,1000000.0,869
30,25,0,3184,95.25338443849795,True,,0.008253882297734091,ransac,5,False,True,E8|NC1_random_b,1000000.0,870
30,24,0,3280,87.60084346703584,True,,0.03850521062346957,ransac,5,False,True,E8|NC1_random_b,1000000.0,871
30,22,2,3296,146.70089619103362,True,,0.015733072015830945,ransac,5,False,True,E8|NC1_random_b,1000000.0,872
30,23,0,3248,120.27163688418761,True,,0.03162032331729385,ransac,4,False,True,E8|NC1_random_b,1000000.0,873
30,20,2,3280,95.79953394986964,True,,0.04192868429496397,ransac,5,False,True,E8|NC1_random_b,1000000.0,874
30,23,2,3264,35.99337876392994,True,,0.030659293977048894,ransac,5,False,True,E8|NC1_random_b,1000000.0,875
30,23,0,3264,96.4502935506645,True,,0.06315015042577686,ransac,5,False,True,E8|NC1_random_b,1000000.0,876
30,23,2,3312,66.75931632237788,True,,0.034977136725754004,ransac,4,False,True,E8|NC1_random_b,1000000.0,877
30,22,5,3280,72.53833709350056,True,,0.02121060718788354,ransac,5,False,True,E8|NC1_random_b,1000000.0,878
30,23,2,3296,78.02218117267009,True,,0.024658744157478138,ransac,4,False,True,E8|NC1_random_b,1000000.0,879
30,23,1,3264,72.51859593581614,True,,0.05577159963209852,ransac,6,False,True,E8|NC1_random_b,1000000.0,880
30,25,1,3312,58.27972976774665,True,,0.04602824612765966,ransac,7,False,True,E8|NC1_random_b,1000000.0,881
30,24,1,3280,156.11673935756718,True,,0.03680823161109572,ransac,4,False,True,E8|NC1_random_b,1000000.0,882
30,25,2,3296,115.84148385262438,True,,0.021623054646141768,ransac,4,False,True,E8|NC1_random_b,1000000.0,883
30,24,2,3248,134.5125467435371,True,,0.034592543160496994,ransac,5,False,True,E8|NC1_random_b,1000000.0,884
30,22,2,3312,49.14283337269674,True,,0.020873516709563722,ransac,5,False,True,E8|NC1_random_b,1000000.0,885
30,22,1,3264,42.23310669933526,True,,0.011239782629021708,ransac,4,False,True,E8|NC1_random_b,1000000.0,886
30,24,1,3280,49.076144551379656,True,,0.025303994298309394,ransac,4,False,True,E8|NC1_random_b,1000000.0,887
30,25,2,3296,68.53708081540195,True,,0.05064024014561184,ransac,4,False,True,E8|NC1_random_b,1000000.0,888
30,23,0,3280,126.4906490845331,True,,0.04732789311359961,ransac,6,False,True,E8|NC1_random_b,1000000.0,889
30,25,2,3296,168.6867987773196,True,,0.029974644938901705,ransac,4,False,True,E8|NC1_random_b,1000000.0,890
30,25,1,3264,86.10487820996498,True,,0.016592585469326165,ransac,5,False,True,E8|NC1_random_b,1000000.0,891
30,23,1,3264,99.64857395829463,True,,0.008106764015104897,ransac,4,False,True,E8|NC1_random_b,1000000.0,892
30,24,2,3248,41.089875173664666,True,,0.04165136901599689,ransac,4,False,True,E8|NC1_random_b,1000000.0,893
30,21,0,3264,70.8459737920883,True,,0.018008228021673844,ransac,4,False,True,E8|NC1_random_b,1000000.0,894
30,23,0,3296,160.94267526117807,True,,0.023806513946339584,ransac,5,False,True,E8|NC1_random_b,1000000.0,895
30,22,0,3280,13.393471966823958,True,,0.019062843363968733,ransac,6,False,True,E8|NC1_random_b,1000000.0,896
30,24,1,3248,150.14810808315556,True,,0.0703112285442152,ransac,4,False,True,E8|NC1_random_b,1000000.0,897
30,26,1,3328,141.35556459048794,True,,0.046587044201953656,ransac,5,False,True,E8|NC1_random_b,1000000.0,898
30,23,2,3296,143.20606505192623,True,,0.04132378036643545,ransac,5,False,True,E8|NC1_random_b,1000000.0,899
30,23,0,3248,37.18840231725859,True,,0.0488101577137482,ransac,6,False,True,E8|NC1_random_b,1000000.0,900
30,23,1,3232,73.77749293856736,True,,0.04019505721295798,ransac,6,False,True,E8|NC1_random_b,1000000.0,901
30,24,1,3264,68.33692566665621,True,,0.06306181282311182,ransac,6,False,True,E8|NC1_random_b,1000000.0,902
30,24,0,3328,72.79860695437236,True,,0.020685125975464947,ransac,5,False,True,E8|NC1_random_b,1000000.0,903
30,23,2,3232,141.46287896813016,True,,0.04335393222554208,ransac,4,False,True,E8|NC1_random_b,1000000.0,904
30,23,1,3264,67.51819957096993,True,,0.01739938177308568,ransac,4,False,True,E8|NC1_random_b,1000000.0,905
30,24,0,3248,55.461757148198366,True,,0.048331911492942366,ransac,5,False,True,E8|NC1_random_b,1000000.0,906
30,22,0,3232,155.34067179920362,True,,0.04104847764777307,ransac,4,False,True,E8|NC1_random_b,1000000.0,907
30,22,2,3248,38.10069163756251,True,,0.11049690169929804,ransac,5,False,True,E8|NC1_random_b,1000000.0,908
30,24,1,3200,126.28335279842935,True,,0.02828735045358365,ransac,5,False,True,E8|NC1_random_b,1000000.0,909
30,22,2,3264,105.87885385861627,True,,0.019770543533351802,ransac,5,False,True,E8|NC1_random_b,1000000.0,910
30,25,0,3280,127.65481731932034,True,,0.016650680543595676,ransac,5,False,True,E8|NC1_random_b,1000000.0,911
30,24,0,3312,73.25538541415061,True,,0.02729218050371332,ransac,5,False,True,E8|NC1_random_b,1000000.0,912
30,22,2,3296,137.32663572189034,True,,0.04279388336801959,ransac,6,False,True,E8|NC1_random_b,1000000.0,913
30,24,2,3264,113.14655181523634,True,,0.03811108287901661,ransac,5,False,True,E8|NC1_random_b,1000000.0,914
30,23,0,3248,137.8844260115911,True,,0.02408694682480016,ransac,4,False,True,E8|NC1_random_b,1000000.0,915
30,21,1,3280,54.437475751472185,True,,0.06669342582452552,ransac,4,False,True,E8|NC1_random_b,1000000.0,916
30,22,4,3328,39.29689916007072,True,,0.00981548077317659,ransac,4,False,True,E8|NC1_random_b,1000000.0,917
30,21,1,3296,133.01862892330712,True,,0.010378954621410006,ransac,5,False,True,E8|NC1_random_b,1000000.0,918
30,23,1,3264,89.52165747526202,True,,0.03260860306581422,ransac,5,False,True,E8|NC1_random_b,1000000.0,919
30,25,0,3280,55.07650842153061,True,,0.04072335299912844,ransac,5,False,True,E8|NC1_random_b,1000000.0,920
30,24,0,3312,30.65365010350528,True,,0.03158775417623468,ransac,5,False,True,E8|NC1_random_b,1000000.0,921
30,23,0,3296,95.57003535368,True,,0.023276628711315424,ransac,5,False,True,E8|NC1_random_b,1000000.0,922
30,23,2,3312,123.3669832240236,True,,0.052066589545459084,ransac,4,False,True,E8|NC1_random_b,1000000.0,923
30,22,1,3312,159.70280864951513,True,,0.04735245314304416,ransac,5,False,True,E8|NC1_random_b,1000000.0,924
30,23,2,3280,51.764190541367554,True,,0.037944792208835135,ransac,6,False,True,E8|NC1_random_b,1000000.0,925
30,24,1,3328,97.19967913232773,True,,0.01280553325558159,ransac,5,False,True,E8|NC1_random_b,1000000.0,926
30,23,1,3296,99.63968019644524,True,,0.009360845955123228,ransac,5,False,True,E8|NC1_random_b,1000000.0,927
30,25,2,3280,102.76202115070652,True,,0.01907694524402712,ransac,5,False,True,E8|NC1_random_b,1000000.0,928
30,24,0,3296,90.52588883771669,True,,0.02866932236735125,ransac,4,False,True,E8|NC1_random_b,1000000.0,929
30,23,1,3312,155.86970321829014,True,,0.06715968134399293,ransac,6,False,True,E8|NC1_random_b,1000000.0,930
30,24,2,3296,145.11123112196304,True,,0.04154385451750891,ransac,6,False,True,E8|NC1_random_b,1000000.0,931
30,24,3,3280,98.0408363167502,True,,0.032383509361286096,ransac,4,False,True,E8|NC1_random_b,1000000.0,932
30,22,1,3312,88.7132174621864,True,,0.021033537251523664,ransac,5,False,True,E8|NC1_random_b,1000000.0,933
30,23,1,3264,147.20656556893766,True,,0.025368555861581276,ransac,5,False,True,E8|NC1_random_b,1000000.0,934
30,23,1,3296,68.93536456625576,True,,0.023226406322142148,ransac,4,False,True,E8|NC1_random_b,1000000.0,935
30,25,2,3248,78.93936003208687,True,,0.034071133559930536,ransac,5,False,True,E8|NC1_random_b,1000000.0,936
30,22,3,3280,117.91378271770726,True,,0.03264876227105352,ransac,4,False,True,E8|NC1_random_b,1000000.0,937
30,22,2,3248,108.64735600899722,True,,0.0614324221991808,ransac,5,False,True,E8|NC1_random_b,1000000.0,938
30,23,1,3312,18.06972983705194,True,,0.0372013703557336,ransac,4,False,True,E8|NC1_random_b,1000000.0,939
30,22,0,3296,16.442410609965126,True,,0.02747781395413101,ransac,6,False,True,E8|NC1_random_b,1000000.0,940
30,23,0,3264,98.33479073590604,True,,0.020035685015148148,ransac,5,False,True,E8|NC1_random_b,1000000.0,941
30,24,2,3280,71.9508841824107,True,,0.040784196357686896,ransac,5,False,True,E8|NC1_random_b,1000000.0,942
30,25,0,3296,150.17960224587415,True,,0.03847127514311912,ransac,5,False,True,E8|NC1_random_b,1000000.0,943
30,25,1,3312,80.70301432940624,True,,0.030924261435283606,ransac,4,False,True,E8|NC1_random_b,1000000.0,944
30,22,2,3264,20.800824658392038,True,,0.01896705916979883,ransac,4,False,True,E8|NC1_random_b,1000000.0,945
30,24,1,3280,89.4759855396941,True,,0.02278948563704988,ransac,5,False,True,E8|NC1_random_b,1000000.0,946
30,23,0,3280,138.22292541225391,True,,0.052608621437500024,ransac,5,False,True,E8|NC1_random_b,1000000.0,947
30,19,3,3312,117.59253304025493,True,,0.047924318143290894,ransac,4,False,True,E8|NC1_random_b,1000000.0,948
30,24,0,3280,59.33954474187985,True,,0.024134536335976484,ransac,6,False,True,E8|NC1_random_b,1000000.0,949
30,24,1,3264,104.36119709938711,True,,0.043030385388857555,ransac,5,False,True,E8|NC1_random_b,1000000.0,950
30,22,0,3296,148.6504113440886,True,,0.04221018735002646,ransac,4,False,True,E8|NC1_random_b,1000000.0,951
30,23,2,3280,119.65818199102107,True,,0.033816455876258644,ransac,4,False,True,E8|NC1_random_b,1000000.0,952
30,24,2,3296,52.78699544682716,True,,0.03943292060029494,ransac,5,False,True,E8|NC1_random_b,1000000.0,953
30,23,1,3296,82.68059236459862,True,,0.016177380376803992,ransac,4,False,True,E8|NC1_random_b,1000000.0,954
30,22,2,3232,126.81453541490356,True,,0.07925508623026402,ransac,6,False,True,E8|NC1_random_b,1000000.0,955
30,25,1,3280,82.27293602341074,True,,0.05909263209104537,ransac,5,False,True,E8|NC1_random_b,1000000.0,956
30,21,3,3312,44.053795988302035,True,,0.03847942445843043,ransac,4,False,True,E8|NC1_random_b,1000000.0,957
30,25,4,3280,62.01920742220593,True,,0.04487156486064366,ransac,5,False,True,E8|NC1_random_b,1000000.0,958
30,21,0,3312,97.88927390246336,True,,0.019354306840186228,ransac,5,False,True,E8|NC1_random_b,1000000.0,959
30,22,1,3296,66.12323963603598,True,,0.009294606840112744,ransac,4,False,True,E8|NC1_random_b,1000000.0,960
30,25,1,3296,152.7089452558062,True,,0.047528816709790936,ransac,4,False,True,E8|NC1_random_b,1000000.0,961
30,24,0,3328,90.22539369931886,True,,0.03125494664628255,ransac,5,False,True,E8|NC1_random_b,1000000.0,962
30,24,1,3312,66.96146384038082,True,,0.01769596397888875,ransac,5,False,True,E8|NC1_random_b,1000000.0,963
30,23,1,3232,98.4636573967113,True,,0.01924378942563977,ransac,5,False,True,E8|NC1_random_b,1000000.0,964
30,24,2,3264,111.09247246469984,True,,0.05889246087799036,ransac,7,False,True,E8|NC1_random_b,1000000.0,965
30,24,3,3312,22.14257583345332,True,,0.040079569113492926,ransac,7,False,True,E8|NC1_random_b,1000000.0,966
30,25,1,3328,100.78583014707456,True,,0.03671301364355333,ransac,5,False,True,E8|NC1_random_b,1000000.0,967
30,22,2,3328,126.90062243003722,True,,0.033942653706488315,ransac,4,False,True,E8|NC1_random_b,1000000.0,968
30,24,0,3312,108.96870044438285,True,,0.03823585359505201,ransac,5,False,True,E8|NC1_random_b,1000000.0,969
30,22,1,3312,144.78620753512362,True,,0.09294702810215398,ransac,5,False,True,E8|NC1_random_b,1000000.0,970
30,22,2,3328,57.88587606241741,True,,0.053170898697536176,ransac,4,False,True,E8|NC1_random_b,1000000.0,971
30,22,1,3264,101.5723230603238,True,,0.018315605626697106,ransac,4,False,True,E8|NC1_random_b,1000000.0,972
30,24,4,3248,98.42777046887402,True,,0.018922465504827367,ransac,4,False,True,E8|NC1_random_b,1000000.0,973
30,23,0,3312,83.83634294409374,True,,0.04457344374823006,ransac,4,False,True,E8|NC1_random_b,1000000.0,974
30,24,1,3312,76.09180642122283,True,,0.030138527453745328,ransac,4,False,True,E8|NC1_random_b,1000000.0,975
30,23,3,3280,91.74973629215228,True,,0.02224247403469355,ransac,6,False,True,E8|NC1_random_b,1000000.0,976
30,24,0,3232,117.49548088323274,True,,0.03526429504716202,ransac,4,False,True,E8|NC1_random_b,1000000.0,977
30,24,0,3312,79.29862588943625,True,,0.030018822079645742,ransac,5,False,True,E8|NC1_random_b,1000000.0,978
30,25,0,3232,32.46618516512192,True,,0.03478671238784216,ransac,6,False,True,E8|NC1_random_b,1000000.0,979
30,24,0,3200,25.858394880637903,True,,0.02824849136948422,ransac,4,False,True,E8|NC1_random_b,1000000.0,980
30,23,2,3312,19.19663921183518,True,,0.042079164877649504,ransac,5,False,True,E8|NC1_random_b,1000000.0,981
30,22,0,3296,32.24673565829879,True,,0.017058869176573455,ransac,4,False,True,E8|NC1_random_b,1000000.0,982
30,23,4,3280,134.63000020709742,True,,0.03424862439974538,ransac,5,False,True,E8|NC1_random_b,1000000.0,983
30,24,2,3264,143.7657669811833,True,,0.020309210910983456,ransac,5,False,True,E8|NC1_random_b,1000000.0,984
30,21,1,3296,133.57608903167056,True,,0.008546717085892495,ransac,4,False,True,E8|NC1_random_b,1000000.0,985
30,23,1,3280,133.23016692108575,True,,0.027827911905870417,ransac,5,False,True,E8|NC1_random_b,1000000.0,986
30,23,1,3296,117.11059735800755,True,,0.04664947845633173,ransac,6,False,True,E8|NC1_random_b,1000000.0,987
30,21,1,3296,118.9048242782788,True,,0.02183921158394549,ransac,5,False,True,E8|NC1_random_b,1000000.0,988
30,23,2,3248,59.94473831640478,True,,0.04273603098743415,ransac,5,False,True,E8|NC1_random_b,1000000.0,989
30,25,4,3312,14.045104702524123,True,,0.042061604754535915,ransac,5,False,True,E8|NC1_random_b,1000000.0,990
30,23,0,3312,75.84803516705706,True,,0.052341993981305825,ransac,6,False,True,E8|NC1_random_b,1000000.0,991
30,25,1,3264,133.3847379371013,True,,0.03331085254249901,ransac,6,False,True,E8|NC1_random_b,1000000.0,992
30,23,3,3248,72.38040626026775,True,,0.0361189040681359,ransac,6,False,True,E8|NC1_random_b,1000000.0,993
30,24,2,3328,52.49726186983227,True,,0.036740441596345895,ransac,5,False,True,E8|NC1_random_b,1000000.0,994
30,24,2,3312,114.7366644793918,True,,0.012329393568615262,ransac,4,False,True,E8|NC1_random_b,1000000.0,995
30,22,0,3296,178.18796013315747,True,,0.03605000284476228,ransac,5,False,True,E8|NC1_random_b,1000000.0,996
30,25,2,3264,117.65484463352848,True,,0.03506422081012286,ransac,4,False,True,E8|NC1_random_b,1000000.0,997
30,24,0,3296,66.00277888823089,True,,0.04031761254565521,ransac,6,False,True,E8|NC1_random_b,1000000.0,998
30,24,2,3264,23.659512307543054,True,,0.031536946128172115,ransac,5,False,True,E8|NC1_random_b,1000000.0,999
30,24,1,3312,162.59456350376243,True,,0.008031890544640574,ransac,4,False,True,E8|NC1_random_b,1000000.0,1000
30,22,2,3232,42.797091701736434,True,,0.048551674910105334,ransac,6,False,True,E8|NC1_random_b,1000000.0,1001
30,23,1,3296,91.35684067610693,True,,0.03195970449495396,ransac,5,False,True,E8|NC1_random_b,1000000.0,1002
30,23,1,3312,16.430461175173402,True,,0.053138167775879,ransac,6,False,True,E8|NC1_random_b,1000000.0,1003
30,25,0,3248,25.884122579908734,True,,0.03864710213442752,ransac,4,False,True,E8|NC1_random_b,1000000.0,1004
30,24,1,3296,66.94288688477985,True,,0.035249683855755096,ransac,4,False,True,E8|NC1_random_b,1000000.0,1005
30,20,2,3312,53.54272651779767,True,,0.011925943859845654,ransac,4,False,True,E8|NC1_random_b,1000000.0,1006
30,23,2,3248,80.52018813023562,True,,0.0434421997839208,ransac,5,False,True,E8|NC1_random_b,1000000.0,1007
30,25,1,3280,116.1402900389098,True,,0.029161846070117625,ransac,6,False,True,E8|NC1_random_b,1000000.0,1008
30,22,1,3232,63.040175462095924,True,,0.020523540048988858,ransac,5,False,True,E8|NC1_random_b,1000000.0,1009
30,21,1,3248,67.48658824374473,True,,0.046426442253824064,ransac,5,False,True,E8|NC1_random_b,1000000.0,1010
30,23,1,3248,103.89784223762238,True,,0.046392141535376005,ransac,5,False,True,E8|NC1_random_b,1000000.0,1011
30,24,1,3312,150.89344965553906,True,,0.01947129715133493,ransac,5,False,True,E8|NC1_random_b,1000000.0,1012
30,26,1,3280,77.10481049354718,True,,0.025097198378839967,ransac,5,False,True,E8|NC1_random_b,1000000.0,1013
30,23,0,3280,25.879763723734687,True,,0.050924546643374494,ransac,6,False,True,E8|NC1_random_b,1000000.0,1014
30,23,0,3216,147.2061606376065,True,,0.03650958659286322,ransac,5,False,True,E8|NC1_random_b,1000000.0,1015
30,23,1,3280,63.00305130393947,True,,0.023283967291630868,ransac,4,False,True,E8|NC1_random_b,1000000.0,1016
30,21,1,3280,67.85511454582756,True,,0.03709408755765824,ransac,4,False,True,E8|NC1_random_b,1000000.0,1017
30,22,0,3296,151.4490192288992,True,,0.02007384465435283,ransac,6,False,True,E8|NC1_random_b,1000000.0,1018
30,24,1,3264,42.326704298173276,True,,0.04321592436534178,ransac,5,False,True,E8|NC1_random_b,1000000.0,1019
30,21,3,3296,17.923800745393308,True,,0.04190723433778508,ransac,7,False,True,E8|NC1_random_b,1000000.0,1020
30,22,1,3248,30.065367957630297,True,,0.03937513188769613,ransac,4,False,True,E8|NC1_random_b,1000000.0,1021
30,23,2,3264,133.08000206556068,True,,0.04490687132326004,ransac,5,False,True,E8|NC1_random_b,1000000.0,1022
30,21,1,3264,148.69751778892615,True,,0.04767014322331293,ransac,7,False,True,E8|NC1_random_b,1000000.0,1023
30,25,2,3280,13.469288752780047,True,,0.03283903172745577,ransac,6,False,True,E8|NC1_random_b,1000000.0,1024
30,23,0,3184,83.3681250348716,True,,0.02752635729753119,ransac,5,False,True,E8|NC1_random_b,1000000.0,1025
30,24,4,3312,85.3293302744781,True,,0.03465762070447889,ransac,4,False,True,E8|NC1_random_b,1000000.0,1026
30,23,0,3264,113.51149441956167,True,,0.039233293606918185,ransac,4,False,True,E8|NC1_random_b,1000000.0,1027
30,24,3,3280,93.0755822192067,True,,0.020867754367940188,ransac,5,False,True,E8|NC1_random_b,1000000.0,1028
30,24,1,3312,148.93466428498576,True,,0.04777105133490825,ransac,5,False,True,E8|NC1_random_b,1000000.0,1029
30,25,2,3232,118.39985076759739,True,,0.03562167732528899,ransac,7,False,True,E8|NC1_random_b,1000000.0,1030
30,24,1,3296,39.59533887423539,True,,0.026775125317584813,ransac,5,False,True,E8|NC1_random_b,1000000.0,1031
30,23,2,3296,39.20726833985394,True,,0.019901063933136214,ransac,5,False,True,E8|NC1_random_b,1000000.0,1032
30,20,0,3280,40.700913498377226,True,,0.032609177656262825,ransac,4,False,True,E8|NC1_random_b,1000000.0,1033
30,22,2,3280,87.03110382421136,True,,0.026059459784609586,ransac,5,False,True,E8|NC1_random_b,1000000.0,1034
30,21,1,3296,154.29322801811426,True,,0.03927457389882814,ransac,5,False,True,E8|NC1_random_b,1000000.0,1035
30,23,1,3280,120.77584356920651,True,,0.024885707703091786,ransac,4,False,True,E8|NC1_random_b,1000000.0,1036
30,23,0,3296,92.25026412640808,True,,0.04448815144360879,ransac,5,False,True,E8|NC1_random_b,1000000.0,1037
30,22,1,3280,82.0102439292955,True,,0.04192154703297053,ransac,5,False,True,E8|NC1_random_b,1000000.0,1038
30,23,1,3248,22.415734178547982,True,,0.03764851720603653,ransac,6,False,True,E8|NC1_random_b,1000000.0,1039
30,22,1,3280,56.54798606550525,True,,0.02866173753181732,ransac,6,False,True,E8|NC1_random_b,1000000.0,1040
30,23,1,3280,121.27694746565598,True,,0.037467516012635,ransac,6,False,True,E8|NC1_random_b,1000000.0,1041
30,23,0,3280,86.97713239316235,True,,0.07270175314753019,ransac,4,False,True,E8|NC1_random_b,1000000.0,1042
30,23,3,3280,69.95462770471855,True,,0.041930035283067484,ransac,5,False,True,E8|NC1_random_b,1000000.0,1043
30,23,0,3280,42.54390508103835,True,,0.016960103432190822,ransac,4,False,True,E8|NC1_random_b,1000000.0,1044
30,22,2,3296,70.63777183807699,True,,0.026655398976229153,ransac,4,False,True,E8|NC1_random_b,1000000.0,1045
30,20,2,3312,88.79334678523448,True,,0.01645602625664815,ransac,4,False,True,E8|NC1_random_b,1000000.0,1046
30,22,0,3280,61.19806956368128,True,,0.009566683822739133,ransac,5,False,True,E8|NC1_random_b,1000000.0,1047
30,25,0,3296,79.49383697796058,True,,0.013304039219762212,ransac,4,False,True,E8|NC1_random_b,1000000.0,1048
30,24,0,3312,101.10237585162311,True,,0.04097411458078159,ransac,5,False,True,E8|NC1_random_b,1000000.0,1049
30,21,0,3264,103.44498760131113,True,,0.024364355983572544,ransac,4,False,True,E8|NC1_random_b,1000000.0,1050
30,22,0,3312,116.7354739381127,True,,0.04415783406983867,ransac,4,False,True,E8|NC1_random_b,1000000.0,1051
30,24,0,3296,15.542418803749625,True,,0.028274399108715677,ransac,5,False,True,E8|NC1_random_b,1000000.0,1052
30,22,2,3296,91.47350235387621,True,,0.028083091752799758,ransac,5,False,True,E8|NC1_random_b,1000000.0,1053
30,22,1,3312,111.94621645693022,True,,0.0462565041860262,ransac,5,False,True,E8|NC1_random_b,1000000.0,1054
30,22,0,3280,115.2519500294096,True,,0.038095681280415836,ransac,4,False,True,E8|NC1_random_b,1000000.0,1055
30,25,1,3312,32.78942584499078,True,,0.0112244193620593,ransac,4,False,True,E8|NC1_random_b,1000000.0,1056
30,25,2,3312,55.50273953855837,True,,0.04090325572104346,ransac,5,False,True,E8|NC1_random_b,1000000.0,1057
30,22,1,3280,89.09030690810454,True,,0.02994555514774918,ransac,5,False,True,E8|NC1_random_b,1000000.0,1058
30,23,0,3232,77.07169387946735,True,,0.031960652688178486,ransac,5,False,True,E8|NC1_random_b,1000000.0,1059
30,24,2,3280,44.444072482274464,True,,0.027682975810943727,ransac,5,False,True,E8|NC1_random_b,1000000.0,1060
30,24,3,3312,58.607287260044636,True,,0.015796955031816162,ransac,4,False,True,E8|NC1_random_b,1000000.0,1061
30,21,1,3232,75.09245916109859,True,,0.02177004396890194,ransac,5,False,True,E8|NC1_random_b,1000000.0,1062
30,24,3,3312,90.83180409927755,True,,0.03664443657142466,ransac,5,False,True,E8|NC1_random_b,1000000.0,1063
30,25,0,3296,23.97431630107672,True,,0.04129439464198244,ransac,5,False,True,E8|NC1_random_b,1000000.0,1064
30,22,5,3296,72.97873378065513,True,,0.05153441177740291,ransac,6,False,True,E8|NC1_random_b,1000000.0,1065
30,22,1,3280,129.83137955547022,True,,0.03793415698572346,ransac,6,False,True,E8|NC1_random_b,1000000.0,1066
30,23,1,3248,32.47735439502165,True,,0.028958223810650347,ransac,5,False,True,E8|NC1_random_b,1000000.0,1067
30,22,1,3328,79.39030513096392,True,,0.052732679472661456,ransac,5,False,True,E8|NC1_random_b,1000000.0,1068
30,23,2,3328,97.57003181970799,True,,0.03310655349311842,ransac,4,False,True,E8|NC1_random_b,1000000.0,1069
30,25,2,3264,61.69355334674194,True,,0.02469625459960783,ransac,5,False,True,E8|NC1_random_b,1000000.0,1070
30,22,2,3312,78.7612395977042,True,,0.0340865094308627,ransac,5,False,True,E8|NC1_random_b,1000000.0,1071
30,24,1,3296,110.25185264946097,True,,0.02726459923962201,ransac,5,False,True,E8|NC1_random_b,1000000.0,1072
30,25,1,3264,127.07159653763412,True,,0.062066604694486716,ransac,5,False,True,E8|NC1_random_b,1000000.0,1073
30,22,1,3264,123.19331310263316,True,,0.05221912273231803,ransac,4,False,True,E8|NC1_random_b,1000000.0,1074
30,22,1,3312,78.93217891816563,True,,0.05347146492299926,ransac,5,False,True,E8|NC1_random_b,1000000.0,1075
30,22,2,3136,100.42832465995028,True,,0.04451288944881044,ransac,5,False,True,E8|NC1_random_b,1000000.0,1076
30,25,6,3296,75.7579956101038,True,,0.053233885993498355,ransac,5,False,True,E8|NC1_random_b,1000000.0,1077
30,21,2,3296,164.52948128561087,True,,0.02681620745818123,ransac,4,False,True,E8|NC1_random_b,1000000.0,1078
30,22,1,3328,101.53065353124795,True,,0.16507002716440447,ransac,3,False,True,E8|NC1_random_b,1000000.0,1079
30,22,1,3312,61.58331948743624,True,,0.0051495834634557106,ransac,4,False,True,E8|NC1_random_b,1000000.0,1080
30,21,0,3312,66.45784615805537,True,,0.02501253932064794,ransac,5,False,True,E8|NC1_random_b,1000000.0,1081
30,23,0,3248,117.01900649521907,True,,0.024906746790717492,ransac,4,False,True,E8|NC1_random_b,1000000.0,1082
30,23,1,3264,95.16658706588468,True,,0.011061541003917113,ransac,4,False,True,E8|NC1_random_b,1000000.0,1083
30,23,0,3264,52.93788869757402,True,,0.03150476061029539,ransac,5,False,True,E8|NC1_random_b,1000000.0,1084
30,23,0,3296,65.2430425024404,True,,0.03380757244587849,ransac,5,False,True,E8|NC1_random_b,1000000.0,1085
30,22,0,3296,79.27509912042663,True,,0.02853413478888892,ransac,4,False,True,E8|NC1_random_b,1000000.0,1086
30,22,1,3280,114.90931006209284,True,,0.012106800171235518,ransac,4,False,True,E8|NC1_random_b,1000000.0,1087
30,22,0,3264,78.03341650676593,True,,0.03923623427941195,ransac,4,False,True,E8|NC1_random_b,1000000.0,1088
30,24,0,3312,81.98092446278176,True,,0.026377058375829248,ransac,5,False,True,E8|NC1_random_b,1000000.0,1089
30,22,1,3280,143.66251403055813,True,,0.020154547662275053,ransac,4,False,True,E8|NC1_random_b,1000000.0,1090
30,24,0,3280,139.58759913556298,True,,0.021743242729078505,ransac,5,False,True,E8|NC1_random_b,1000000.0,1091
30,22,0,3264,105.98603795822112,True,,0.052557011163125014,ransac,5,False,True,E8|NC1_random_b,1000000.0,1092
30,21,1,3216,60.09956384671908,True,,0.023325565771719133,ransac,4,False,True,E8|NC1_random_b,1000000.0,1093
30,21,2,3280,122.94768291694756,True,,0.04307212382653168,ransac,5,False,True,E8|NC1_random_b,1000000.0,1094
30,24,1,3248,65.17170849563806,True,,0.008690079731430314,ransac,4,False,True,E8|NC1_random_b,1000000.0,1095
30,22,0,3296,78.9493244772468,True,,0.03484471062145261,ransac,4,False,True,E8|NC1_random_b,1000000.0,1096
30,23,0,3232,91.41651655374139,True,,0.033668733474007444,ransac,5,False,True,E8|NC1_random_b,1000000.0,1097
30,23,2,3216,89.24049508748186,True,,0.009123447778867108,ransac,4,False,True,E8|NC1_random_b,1000000.0,1098
30,23,1,3280,62.699899351218505,True,,0.05543496421045111,ransac,6,False,True,E8|NC1_random_b,1000000.0,1099
30,24,2,3264,109.84982304106978,True,,0.009831107697362106,ransac,5,False,True,E8|NC1_random_b,1000000.0,1100
30,24,2,3264,110.38553937862503,True,,0.048462544540365034,ransac,5,False,True,E8|NC1_random_b,1000000.0,1101
30,21,1,3264,76.14348454532622,True,,0.05558452022937499,ransac,5,False,True,E8|NC1_random_b,1000000.0,1102
30,24,1,3216,51.88281972278346,True,,0.023929588137408773,ransac,5,False,True,E8|NC1_random_b,1000000.0,1103
30,24,0,3280,122.97374149398935,True,,0.02314460416434078,ransac,5,False,True,E8|NC1_random_b,1000000.0,1104
30,23,1,3296,42.616017480270685,True,,0.027044247859799864,ransac,4,False,True,E8|NC1_random_b,1000000.0,1105
30,25,1,3312,120.47694650931217,True,,0.034768206807897564,ransac,5,False,True,E8|NC1_random_b,1000000.0,1106
30,22,1,3296,70.74259264916223,True,,0.03804706271523977,ransac,4,False,True,E8|NC1_random_b,1000000.0,1107
30,24,0,3328,151.55073803908334,True,,0.04856498461096588,ransac,6,False,True,E8|NC1_random_b,1000000.0,1108
30,24,3,3312,50.15120225836438,True,,0.033222668746279264,ransac,4,False,True,E8|NC1_random_b,1000000.0,1109
30,21,1,3280,66.21153561194167,True,,0.02851460218456773,ransac,4,False,True,E8|NC1_random_b,1000000.0,1110
30,21,1,3248,74.86353336481233,True,,0.01012085785549891,ransac,3,False,True,E8|NC1_random_b,1000000.0,1111
30,23,0,3264,78.76216999412354,True,,0.055622390847774164,ransac,5,False,True,E8|NC1_random_b,1000000.0,1112
30,23,3,3312,68.11205312305921,True,,0.014962817590645671,ransac,3,False,True,E8|NC1_random_b,1000000.0,1113
30,24,5,3296,75.57911283356265,True,,0.023267344035682036,ransac,5,False,True,E8|NC1_random_b,1000000.0,1114
30,23,1,3280,104.06510932858548,True,,0.03491565363207947,ransac,5,False,True,E8|NC1_random_b,1000000.0,1115
30,25,0,3296,135.77918546373706,True,,0.03880014674956349,ransac,6,False,True,E8|NC1_random_b,1000000.0,1116
30,23,1,3280,138.83477896633812,True,,0.13625269000625637,ransac,4,False,True,E8|NC1_random_b,1000000.0,1117
30,24,0,3248,27.950123955597594,True,,0.04342115808784795,ransac,4,False,True,E8|NC1_random_b,1000000.0,1118
30,24,0,3312,147.03897527880434,True,,0.045121115895833154,ransac,6,False,True,E8|NC1_random_b,1000000.0,1119
30,25,1,3312,107.07594426602743,True,,0.011776511708696239,ransac,5,False,True,E8|NC1_random_b,1000000.0,1120
30,24,0,3280,96.44935851553815,True,,0.06158744038235952,ransac,5,False,True,E8|NC1_random_b,1000000.0,1121
30,21,0,3248,105.68199054235632,True,,0.03568011251443505,ransac,5,False,True,E8|NC1_random_b,1000000.0,1122
30,23,3,3312,87.62911951238753,True,,0.03333637595000678,ransac,5,False,True,E8|NC1_random_b,1000000.0,1123
30,23,1,3296,77.32968105161083,True,,0.023492290841275045,ransac,4,False,True,E8|NC1_random_b,1000000.0,1124
30,24,2,3232,166.23742752493163,True,,0.023316942305744548,ransac,5,False,True,E8|NC1_random_b,1000000.0,1125
30,24,1,3296,116.98726744339353,True,,0.025687378050098013,ransac,5,False,True,E8|NC1_random_b,1000000.0,1126
30,24,0,3264,54.144093661798046,True,,0.0038822558049146387,ransac,4,False,True,E8|NC1_random_b,1000000.0,1127
30,25,1,3264,27.517721036623662,True,,0.02979660798863793,ransac,5,False,True,E8|NC1_random_b,1000000.0,1128
30,23,3,3312,76.52770132697496,True,,0.02607916758812769,ransac,6,False,True,E8|NC1_random_b,1000000.0,1129
30,23,1,3312,132.73720236911714,True,,0.02831044210333734,ransac,5,False,True,E8|NC1_random_b,1000000.0,1130
30,23,3,3296,86.25596883408988,True,,0.023881546802689405,ransac,4,False,True,E8|NC1_random_b,1000000.0,1131
30,23,3,3312,104.93487650489536,True,,0.0376051712721538,ransac,5,False,True,E8|NC1_random_b,1000000.0,1132
30,23,1,3264,77.41682787896887,True,,0.04971362933198367,ransac,5,False,True,E8|NC1_random_b,1000000.0,1133
30,23,2,3264,47.91108856961488,True,,0.01519863969275789,ransac,5,False,True,E8|NC1_random_b,1000000.0,1134
30,24,1,3280,107.63049884032408,True,,0.015044899058123831,ransac,4,False,True,E8|NC1_random_b,1000000.0,1135
30,24,0,3232,54.325819228642125,True,,0.03345908211787016,ransac,5,False,True,E8|NC1_random_b,1000000.0,1136
30,23,0,3312,47.415494400344045,True,,0.01476691202971604,ransac,4,False,True,E8|NC1_random_b,1000000.0,1137
30,24,1,3248,117.00647725104382,True,,0.03805043583463576,ransac,5,False,True,E8|NC1_random_b,1000000.0,1138
30,22,0,3328,94.42858234868683,True,,0.02543081456166653,ransac,5,False,True,E8|NC1_random_b,1000000.0,1139
30,22,1,3280,87.26169958711566,True,,0.059500167842935096,ransac,4,False,True,E8|NC1_random_b,1000000.0,1140
30,23,2,3280,51.092947328774,True,,0.02692729914699633,ransac,5,False,True,E8|NC1_random_b,1000000.0,1141
30,22,1,3328,94.2680799945989,True,,0.055878952986403586,ransac,5,False,True,E8|NC1_random_b,1000000.0,1142
30,23,1,3264,96.79709516213173,True,,0.020259159736344488,ransac,4,False,True,E8|NC1_random_b,1000000.0,1143
30,24,3,3296,113.38633459701799,True,,0.025106040941964412,ransac,4,False,True,E8|NC1_random_b,1000000.0,1144
30,25,2,3264,136.6364354765389,True,,0.030152669603210364,ransac,4,False,True,E8|NC1_random_b,1000000.0,1145
30,24,1,3296,44.79323671711922,True,,0.03991218255452408,ransac,5,False,True,E8|NC1_random_b,1000000.0,1146
30,24,0,3232,72.07923061760319,True,,0.019016172981086456,ransac,5,False,True,E8|NC1_random_b,1000000.0,1147
30,21,2,3264,84.68557807181358,True,,0.025977733249517448,ransac,4,False,True,E8|NC1_random_b,1000000.0,1148
30,22,1,3312,93.43423940897117,True,,0.051007795476120256,ransac,5,False,True,E8|NC1_random_b,1000000.0,1149
30,23,1,3312,17.976708743647144,True,,0.043620769561748075,ransac,6,False,True,E8|NC1_random_b,1000000.0,1150
30,24,1,3280,115.65602309939125,True,,0.05395931591121709,ransac,5,False,True,E8|NC1_random_b,1000000.0,1151
30,24,1,3312,25.944361404420427,True,,0.014654378941061343,ransac,5,False,True,E8|NC1_random_b,1000000.0,1152
30,21,0,3280,123.98897828435744,True,,0.0419584400483745,ransac,4,False,True,E8|NC1_random_b,1000000.0,1153
30,24,2,3280,143.85300549294516,True,,0.056502436208530425,ransac,6,False,True,E8|NC1_random_b,1000000.0,1154
30,26,0,3264,42.01289126945558,True,,0.044012140862844815,ransac,6,False,True,E8|NC1_random_b,1000000.0,1155
30,23,1,3264,55.12998535134382,True,,0.050844728664043916,ransac,4,False,True,E8|NC1_random_b,1000000.0,1156
30,22,1,3280,98.97567157794593,True,,0.035249263965825235,ransac,6,False,True,E8|NC1_random_b,1000000.0,1157
30,24,2,3280,54.811553762726106,True,,0.02921680931322941,ransac,5,False,True,E8|NC1_random_b,1000000.0,1158
30,23,1,3312,112.52541973153816,True,,0.043854752177441066,ransac,4,False,True,E8|NC1_random_b,1000000.0,1159
30,23,1,3280,82.67929787516874,True,,0.04004229537529529,ransac,8,False,True,E8|NC1_random_b,1000000.0,1160
30,23,1,3232,67.95970484815822,True,,0.03348362833244616,ransac,5,False,True,E8|NC1_random_b,1000000.0,1161
30,22,2,3264,145.53549544032333,True,,0.02654901637209618,ransac,4,False,True,E8|NC1_random_b,1000000.0,1162
30,24,4,3296,63.786819006744146,True,,0.009942299496271336,ransac,4,False,True,E8|NC1_random_b,1000000.0,1163
30,25,1,3248,61.52394525555896,True,,0.02663680403957946,ransac,4,False,True,E8|NC1_random_b,1000000.0,1164
30,23,1,3312,100.67742520047206,True,,0.03752606688932373,ransac,5,False,True,E8|NC1_random_b,1000000.0,1165
30,25,2,3280,102.3731113154689,True,,0.028500703918091563,ransac,4,False,True,E8|NC1_random_b,1000000.0,1166
30,22,3,3248,60.9188576253952,True,,0.04515746480210144,ransac,6,False,True,E8|NC1_random_b,1000000.0,1167
30,22,2,3280,168.70721648996343,True,,0.11665693216860394,ransac,4,False,True,E8|NC1_random_b,1000000.0,1168
30,22,1,3296,146.46112276355186,True,,0.05406602670400991,ransac,5,False,True,E8|NC1_random_b,1000000.0,1169
30,23,2,3296,140.0252449918641,True,,0.02932124518096184,ransac,4,False,True,E8|NC1_random_b,1000000.0,1170
30,22,2,3312,154.83015595555045,True,,0.030528933174746965,ransac,5,False,True,E8|NC1_random_b,1000000.0,1171
30,24,1,3248,98.85802801346934,True,,0.029901410412561592,ransac,5,False,True,E8|NC1_random_b,1000000.0,1172
30,23,4,3296,67.54935541842056,True,,0.03086053047647594,ransac,5,False,True,E8|NC1_random_b,1000000.0,1173
30,25,0,3264,64.09108111328416,True,,0.0438927604673172,ransac,3,False,True,E8|NC1_random_b,1000000.0,1174
30,23,0,3232,118.75247606687329,True,,0.0447728774395499,ransac,6,False,True,E8|NC1_random_b,1000000.0,1175
30,25,3,3312,29.652492181515644,True,,0.027402124735833134,ransac,6,False,True,E8|NC1_random_b,1000000.0,1176
30,26,1,3264,161.9728502678567,True,,0.026757638182028025,ransac,5,False,True,E8|NC1_random_b,1000000.0,1177
30,24,0,3280,111.87840338245528,True,,0.030056440751358316,ransac,5,False,True,E8|NC1_random_b,1000000.0,1178
30,25,0,3312,37.32977606458041,True,,0.009173388543300518,ransac,5,False,True,E8|NC1_random_b,1000000.0,1179
30,24,0,3248,142.29571311545595,True,,0.04633659321122116,ransac,5,False,True,E8|NC1_random_b,1000000.0,1180
30,24,2,3264,62.726385998452486,True,,0.009887932612156574,ransac,4,False,True,E8|NC1_random_b,1000000.0,1181
30,21,0,3264,55.68359797444528,True,,0.013584078829538668,ransac,4,False,True,E8|NC1_random_b,1000000.0,1182
30,22,1,3296,65.07044832396676,True,,0.03924442216862993,ransac,4,False,True,E8|NC1_random_b,1000000.0,1183
30,24,1,3248,123.91913751791193,True,,0.027875554056058356,ransac,5,False,True,E8|NC1_random_b,1000000.0,1184
30,24,3,3280,139.09094819941504,True,,0.020929678379350846,ransac,4,False,True,E8|NC1_random_b,1000000.0,1185
30,22,2,3248,126.80573521381933,True,,0.02644450912520174,ransac,4,False,True,E8|NC1_random_b,1000000.0,1186
30,22,2,3328,122.25866099835481,True,,0.030784216676444712,ransac,5,False,True,E8|NC1_random_b,1000000.0,1187
30,24,0,3296,85.45666517744277,True,,0.05313516905339348,ransac,5,False,True,E8|NC1_random_b,1000000.0,1188
30,24,1,3296,96.3530345975933,True,,0.010194406509312831,ransac,4,False,True,E8|NC1_random_b,1000000.0,1189
30,23,3,3296,154.91331684001105,True,,0.05236610909067333,ransac,4,False,True,E8|NC1_random_b,1000000.0,1190
30,25,2,3280,75.76030659428481,True,,0.042564078715261244,ransac,5,False,True,E8|NC1_random_b,1000000.0,1191
30,25,1,3248,48.92443152854219,True,,0.054851504886172166,ransac,7,False,True,E8|NC1_random_b,1000000.0,1192
30,25,1,3232,30.031222835207913,True,,0.009443242448532185,ransac,3,False,True,E8|NC1_random_b,1000000.0,1193
30,23,0,3312,120.52542711610667,True,,0.047793559880727435,ransac,5,False,True,E8|NC1_random_b,1000000.0,1194
30,22,0,3280,153.96832597566993,True,,0.0440012837259553,ransac,5,False,True,E8|NC1_random_b,1000000.0,1195
30,24,0,3232,104.94511810304485,True,,0.03812677530518529,ransac,5,False,True,E8|NC1_random_b,1000000.0,1196
30,24,3,3296,23.483474101096423,True,,0.024270732059720374,ransac,6,False,True,E8|NC1_random_b,1000000.0,1197
30,24,1,3296,95.57715310589403,True,,0.055336722835007734,ransac,5,False,True,E8|NC1_random_b,1000000.0,1198
30,23,2,3296,82.34371410784539,True,,0.0406492185505155,ransac,5,False,True,E8|NC1_random_b,1000000.0,1199
30,24,4,3312,51.94522229871554,True,,0.0077618444306347,ransac,5,False,True,E8|NC1_random_b,1000000.0,1200
30,23,0,3264,122.16075809969237,True,,0.004202114439089939,ransac,5,False,True,E8|NC1_random_b,1000000.0,1201
30,24,2,3312,91.23366450368648,True,,0.019140592008997325,ransac,5,False,True,E8|NC1_random_b,1000000.0,1202
30,22,3,3296,101.8707320289006,True,,0.046150445138721186,ransac,4,False,True,E8|NC1_random_b,1000000.0,1203
30,23,1,3280,136.67023973615744,True,,0.0414690235352555,ransac,4,False,True,E8|NC1_random_b,1000000.0,1204
30,23,1,3232,111.42296126564351,True,,0.027155260175949346,ransac,5,False,True,E8|NC1_random_b,1000000.0,1205
30,24,2,3264,84.95820780082872,True,,0.043212642155576346,ransac,5,False,True,E8|NC1_random_b,1000000.0,1206
30,22,0,3296,98.65774004624508,True,,0.02087332993361473,ransac,4,False,True,E8|NC1_random_b,1000000.0,1207
30,25,1,3296,104.81376159616104,True,,0.03356955420289087,ransac,4,False,True,E8|NC1_random_b,1000000.0,1208
30,25,3,3296,7.73114306000366,True,,0.02066869006047177,ransac,5,False,True,E8|NC1_random_b,1000000.0,1209
30,24,4,3312,53.223086291122996,True,,0.05082344340490925,ransac,5,False,True,E8|NC1_random_b,1000000.0,1210
30,23,0,3296,37.93949149756009,True,,0.02044146286210153,ransac,5,False,True,E8|NC1_random_b,1000000.0,1211
30,22,1,3280,62.975849387965766,True,,0.029721227895130736,ransac,5,False,True,E8|NC1_random_b,1000000.0,1212
30,24,2,3280,102.80549633591353,True,,0.023735382093600245,ransac,5,False,True,E8|NC1_random_b,1000000.0,1213
30,24,2,3280,92.72766193008921,True,,0.03975839868418493,ransac,6,False,True,E8|NC1_random_b,1000000.0,1214
30,21,1,3280,114.04862382467105,True,,0.02826714526803847,ransac,4,False,True,E8|NC1_random_b,1000000.0,1215
30,21,1,3264,75.96762548894877,True,,0.05258196643897551,ransac,5,False,True,E8|NC1_random_b,1000000.0,1216
30,24,1,3248,140.6645087819493,True,,0.03309840663278432,ransac,5,False,True,E8|NC1_random_b,1000000.0,1217
30,26,2,3248,132.3180412096533,True,,0.014748048961497381,ransac,5,False,True,E8|NC1_random_b,1000000.0,1218
30,20,3,3264,40.54151948865066,True,,0.018420602232233824,ransac,4,False,True,E8|NC1_random_b,1000000.0,1219
30,21,0,3312,78.75146086339483,True,,0.027142346222216233,ransac,5,False,True,E8|NC1_random_b,1000000.0,1220
30,22,0,3232,54.76517885868957,True,,0.023571856152172953,ransac,4,False,True,E8|NC1_random_b,1000000.0,1221
30,23,0,3328,147.64795918695205,True,,0.01992023111489719,ransac,5,False,True,E8|NC1_random_b,1000000.0,1222
30,24,0,3280,129.7383294694356,True,,0.013730881044586517,ransac,4,False,True,E8|NC1_random_b,1000000.0,1223
30,24,2,3312,48.237627839120904,True,,0.04699573033698742,ransac,6,False,True,E8|NC1_random_b,1000000.0,1224
30,24,3,3232,44.34899071057669,True,,0.022372182967473987,ransac,5,False,True,E8|NC1_random_b,1000000.0,1225
30,19,0,3264,73.64230788268307,True,,0.05275312110306501,ransac,4,False,True,E8|NC1_random_b,1000000.0,1226
30,23,1,3264,63.82220416494467,True,,0.0359095068591465,ransac,4,False,True,E8|NC1_random_b,1000000.0,1227
30,23,0,3280,98.30802988782015,True,,0.04522231106014376,ransac,6,False,True,E8|NC1_random_b,1000000.0,1228
30,22,2,3280,113.86590042603896,True,,0.03797969307354747,ransac,5,False,True,E8|NC1_random_b,1000000.0,1229
30,22,1,3264,84.67792138611259,True,,0.041436377708236424,ransac,6,False,True,E8|NC1_random_b,1000000.0,1230
30,25,1,3296,110.01802897839481,True,,0.03585463244219254,ransac,4,False,True,E8|NC1_random_b,1000000.0,1231
30,23,0,3264,66.09217024650441,True,,0.052174604707569856,ransac,6,False,True,E8|NC1_random_b,1000000.0,1232
30,24,2,3328,110.15570425118077,True,,0.028168785096524485,ransac,4,False,True,E8|NC1_random_b,1000000.0,1233
30,23,0,3248,110.50615323977372,True,,0.05321530093073537,ransac,5,False,True,E8|NC1_random_b,1000000.0,1234
30,24,1,3296,90.84976780541221,True,,0.019475646949327276,ransac,6,False,True,E8|NC1_random_b,1000000.0,1235
30,21,3,3312,147.31378104092968,True,,0.05497444129725658,ransac,4,False,True,E8|NC1_random_b,1000000.0,1236
30,23,0,3264,15.962719403543066,True,,0.03529089467303421,ransac,6,False,True,E8|NC1_random_b,1000000.0,1237
30,23,0,3296,49.32644487856809,True,,0.028864452023510293,ransac,4,False,True,E8|NC1_random_b,1000000.0,1238
30,22,1,3312,124.3760063330382,True,,0.041082098390854076,ransac,6,False,True,E8|NC1_random_b,1000000.0,1239
30,21,2,3216,135.593386615332,True,,0.023510244432253302,ransac,3,False,True,E8|NC1_random_b,1000000.0,1240
30,23,1,3328,157.06339006872236,True,,0.03543460468138677,ransac,4,False,True,E8|NC1_random_b,1000000.0,1241
30,25,2,3248,55.72813581315615,True,,0.04334949731078751,ransac,4,False,True,E8|NC1_random_b,1000000.0,1242
30,23,3,3296,81.57560937573945,True,,0.03681403024563671,ransac,5,False,True,E8|NC1_random_b,1000000.0,1243
30,24,2,3312,19.31558769411927,True,,0.03016426020319915,ransac,3,False,True,E8|NC1_random_b,1000000.0,1244
30,23,1,3248,109.05692967259323,True,,0.009109770868120995,ransac,4,False,True,E8|NC1_random_b,1000000.0,1245
30,23,2,3264,106.76177303397722,True,,0.03899220437832027,ransac,5,False,True,E8|NC1_random_b,1000000.0,1246
30,23,2,3248,144.2918592734321,True,,0.033379673832085344,ransac,4,False,True,E8|NC1_random_b,1000000.0,1247
30,22,1,3280,163.6218907904877,True,,0.0404362961154775,ransac,5,False,True,E8|NC1_random_b,1000000.0,1248
30,24,1,3264,60.67933981965637,True,,0.05174161856956767,ransac,5,False,True,E8|NC1_random_b,1000000.0,1249
30,23,1,3312,88.98776163682247,True,,0.045965341146535284,ransac,5,False,True,E8|NC1_random_b,1000000.0,1250
30,25,0,3328,12.992524590512257,True,,0.029064026337544527,ransac,5,False,True,E8|NC1_random_b,1000000.0,1251
30,20,2,3264,68.68095984840528,True,,0.015509159370609024,ransac,4,False,True,E8|NC1_random_b,1000000.0,1252
30,22,2,3312,137.83458792852406,True,,0.032604852626498176,ransac,6,False,True,E8|NC1_random_b,1000000.0,1253
30,24,0,3232,132.4229463119497,True,,0.06230064123740731,ransac,6,False,True,E8|NC1_random_b,1000000.0,1254
30,24,0,3312,35.09568679624668,True,,0.044901748081751985,ransac,3,False,True,E8|NC1_random_b,1000000.0,1255
30,23,4,3264,66.8647659140028,True,,0.04840424461687799,ransac,4,False,True,E8|NC1_random_b,1000000.0,1256
30,21,0,3328,51.53601059727561,True,,0.050958659182988524,ransac,6,False,True,E8|NC1_random_b,1000000.0,1257
30,23,3,3312,57.792270417654564,True,,0.042674474193407905,ransac,5,False,True,E8|NC1_random_b,1000000.0,1258
30,24,0,3264,38.91055584157577,True,,0.04193982124212506,ransac,5,False,True,E8|NC1_random_b,1000000.0,1259
30,25,1,3312,30.187909530941482,True,,0.04651236915231936,ransac,5,False,True,E8|NC1_random_b,1000000.0,1260
30,22,1,3296,29.168918368502112,True,,0.03472998240817739,ransac,5,False,True,E8|NC1_random_b,1000000.0,1261
30,24,1,3280,108.25088592613376,True,,0.03369753135103687,ransac,4,False,True,E8|NC1_random_b,1000000.0,1262
30,22,1,3264,139.02088411024536,True,,0.04169967693065331,ransac,5,False,True,E8|NC1_random_b,1000000.0,1263
30,24,1,3248,56.86238094413447,True,,0.018563854782240458,ransac,5,False,True,E8|NC1_random_b,1000000.0,1264
30,21,1,3296,86.4868315772962,True,,0.11278185701574225,ransac,5,False,True,E8|NC1_random_b,1000000.0,1265
30,23,2,3280,90.01811782691357,True,,0.013639298007586901,ransac,4,False,True,E8|NC1_random_b,1000000.0,1266
30,22,3,3264,145.6721566933789,True,,0.011901004353678699,ransac,4,False,True,E8|NC1_random_b,1000000.0,1267
30,23,3,3200,78.84327555127221,True,,0.017608909498786858,ransac,4,False,True,E8|NC1_random_b,1000000.0,1268
30,23,2,3264,89.53828880274595,True,,0.0351142593725699,ransac,4,False,True,E8|NC1_random_b,1000000.0,1269
30,25,2,3312,92.90573464666551,True,,0.024079339746559264,ransac,4,False,True,E8|NC1_random_b,1000000.0,1270
30,23,1,3296,67.2981834670979,True,,0.04737343749358595,ransac,4,False,True,E8|NC1_random_b,1000000.0,1271
30,22,2,3264,83.66421124655184,True,,0.03705739210994925,ransac,4,False,True,E8|NC1_random_b,1000000.0,1272
30,22,1,3296,70.58594000734907,True,,0.020704113802087986,ransac,4,False,True,E8|NC1_random_b,1000000.0,1273
30,22,2,3280,101.00876969699495,True,,0.04041030029813372,ransac,5,False,True,E8|NC1_random_b,1000000.0,1274
30,25,3,3280,122.62990290864178,True,,0.01895718840645841,ransac,5,False,True,E8|NC1_random_b,1000000.0,1275
30,24,2,3312,100.36651544352362,True,,0.04068269058375128,ransac,4,False,True,E8|NC1_random_b,1000000.0,1276
30,23,1,3280,20.59597759640172,True,,0.05330026037321722,ransac,6,False,True,E8|NC1_random_b,1000000.0,1277
30,26,2,3280,41.94837419683722,True,,0.05183715323258776,ransac,4,False,True,E8|NC1_random_b,1000000.0,1278
30,22,0,3312,87.13839174053425,True,,0.016167822362933827,ransac,4,False,True,E8|NC1_random_b,1000000.0,1279
30,24,1,3328,73.27333159914534,True,,0.029597380551903033,ransac,6,False,True,E8|NC1_random_b,1000000.0,1280
30,24,1,3296,129.1707672610692,True,,0.03918265162082545,ransac,5,False,True,E8|NC1_random_b,1000000.0,1281
30,24,2,3264,138.35056735600216,True,,0.020675906016822482,ransac,4,False,True,E8|NC1_random_b,1000000.0,1282
30,24,2,3264,86.91670894442551,True,,0.005153308496824758,ransac,4,False,True,E8|NC1_random_b,1000000.0,1283
30,20,2,3264,71.33106055153986,True,,0.0282425453149715,ransac,4,False,True,E8|NC1_random_b,1000000.0,1284
30,23,1,3280,66.68254687840924,True,,0.036060272016418836,ransac,5,False,True,E8|NC1_random_b,1000000.0,1285
30,22,1,3296,97.8431542867469,True,,0.03928756549262428,ransac,6,False,True,E8|NC1_random_b,1000000.0,1286
30,25,2,3312,23.51923325593352,True,,0.07004787156313766,ransac,5,False,True,E8|NC1_random_b,1000000.0,1287
30,21,0,3296,71.20160660252462,True,,0.028032771816658787,ransac,5,False,True,E8|NC1_random_b,1000000.0,1288
30,23,1,3312,63.525182487628435,True,,0.032946771840577295,ransac,5,False,True,E8|NC1_random_b,1000000.0,1289
30,22,0,3280,84.98765444027859,True,,0.03476859492312462,ransac,4,False,True,E8|NC1_random_b,1000000.0,1290
30,23,0,3296,51.013226890952,True,,0.04804405078220498,ransac,5,False,True,E8|NC1_random_b,1000000.0,1291
30,23,1,3264,55.258244504890946,True,,0.015157142858305458,ransac,5,False,True,E8|NC1_random_b,1000000.0,1292
30,23,2,3296,169.7144748061507,True,,0.06956239342677616,ransac,4,False,True,E8|NC1_random_b,1000000.0,1293
30,22,0,3248,44.13306155107204,True,,0.01858885262522405,ransac,3,False,True,E8|NC1_random_b,1000000.0,1294
30,22,1,3296,16.22730617556125,True,,0.011231445167245084,ransac,5,False,True,E8|NC1_random_b,1000000.0,1295
30,25,0,3264,136.70163830998547,True,,0.03210296729798336,ransac,4,False,True,E8|NC1_random_b,1000000.0,1296
30,24,2,3296,128.9385029036274,True,,0.041191741742848675,ransac,5,False,True,E8|NC1_random_b,1000000.0,1297
30,22,1,3280,103.01828525481156,True,,0.033759470995691446,ransac,4,False,True,E8|NC1_random_b,1000000.0,1298
30,25,1,3264,55.724727442021376,True,,0.027938019306992877,ransac,5,False,True,E8|NC1_random_b,1000000.0,1299
30,25,1,3296,32.97075227876877,True,,0.04184384071801867,ransac,4,False,True,E8|NC1_random_b,1000000.0,1300
30,22,2,3328,49.02554521240374,True,,0.016268755485476086,ransac,4,False,True,E8|NC1_random_b,1000000.0,1301
30,22,1,3248,58.26897855106946,True,,0.02407464666001214,ransac,4,False,True,E8|NC1_random_b,1000000.0,1302
30,23,1,3248,117.65667335850893,True,,0.04164144933387245,ransac,6,False,True,E8|NC1_random_b,1000000.0,1303
30,23,1,3312,34.72582766106789,True,,0.03438198724111886,ransac,5,False,True,E8|NC1_random_b,1000000.0,1304
30,24,1,3296,101.02504947720611,True,,0.0457691192091705,ransac,5,False,True,E8|NC1_random_b,1000000.0,1305
30,26,1,3264,58.31520463128867,True,,0.03884240410386418,ransac,5,False,True,E8|NC1_random_b,1000000.0,1306
30,25,0,3312,75.31402729763856,True,,0.022932730409896615,ransac,5,False,True,E8|NC1_random_b,1000000.0,1307
30,23,1,3280,115.81618836815089,True,,0.03143282512403368,ransac,4,False,True,E8|NC1_random_b,1000000.0,1308
30,22,2,3296,97.65148868506223,True,,0.026578227808332456,ransac,4,False,True,E8|NC1_random_b,1000000.0,1309
30,23,2,3296,96.76179507017936,True,,0.026846783933662056,ransac,4,False,True,E8|NC1_random_b,1000000.0,1310
30,23,4,3264,156.55013118117867,True,,0.04511100735991836,ransac,4,False,True,E8|NC1_random_b,1000000.0,1311
30,24,0,3296,126.45930873970067,True,,0.019885331200011392,ransac,5,False,True,E8|NC1_random_b,1000000.0,1312
30,24,1,3296,166.79125746695638,True,,0.012468888627426117,ransac,6,False,True,E8|NC1_random_b,1000000.0,1313
30,22,2,3280,30.011335843634054,True,,0.023226505516370385,ransac,5,False,True,E8|NC1_random_b,1000000.0,1314
30,22,2,3248,55.771165980989835,True,,0.10188232378217206,ransac,4,False,True,E8|NC1_random_b,1000000.0,1315
30,20,0,3248,142.7629169978235,True,,0.06353240252141563,ransac,4,False,True,E8|NC1_random_b,1000000.0,1316
30,22,0,3296,125.14846070480178,True,,0.018222041644962102,ransac,5,False,True,E8|NC1_random_b,1000000.0,1317
30,21,1,3312,53.418363165102626,True,,0.032300578658561896,ransac,5,False,True,E8|NC1_random_b,1000000.0,1318
30,23,0,3248,17.367455697978706,True,,0.027305719226334728,ransac,4,False,True,E8|NC1_random_b,1000000.0,1319
30,22,1,3264,144.30330497597626,True,,0.03670781307972962,ransac,5,False,True,E8|NC1_random_b,1000000.0,1320
30,23,2,3312,74.3009404414309,True,,0.0619926647667766,ransac,5,False,True,E8|NC1_random_b,1000000.0,1321
30,21,0,3312,51.09465065943836,True,,0.03297802831908093,ransac,5,False,True,E8|NC1_random_b,1000000.0,1322
30,26,0,3264,79.61563295641551,True,,0.02868274911734499,ransac,6,False,True,E8|NC1_random_b,1000000.0,1323
30,22,1,3280,53.18457354645469,True,,0.053625794891315255,ransac,6,False,True,E8|NC1_random_b,1000000.0,1324
30,25,2,3296,148.59190034957237,True,,0.02404770042077944,ransac,4,False,True,E8|NC1_random_b,1000000.0,1325
30,21,4,3264,84.68370698113876,True,,0.022721770748549794,ransac,5,False,True,E8|NC1_random_b,1000000.0,1326
30,22,3,3280,100.548920435866,True,,0.04960798690646383,ransac,6,False,True,E8|NC1_random_b,1000000.0,1327
30,25,3,3264,98.6679206598645,True,,0.004584226504101899,ransac,4,False,True,E8|NC1_random_b,1000000.0,1328
30,23,0,3280,52.30058178093814,True,,0.03145343497292686,ransac,5,False,True,E8|NC1_random_b,1000000.0,1329
30,23,0,3296,46.524248721365616,True,,0.03163137831999168,ransac,6,False,True,E8|NC1_random_b,1000000.0,1330
30,22,0,3296,98.597698777312,True,,0.041165408577809655,ransac,5,False,True,E8|NC1_random_b,1000000.0,1331
30,24,0,3280,112.83894902288141,True,,0.04115479792885061,ransac,5,False,True,E8|NC1_random_b,1000000.0,1332
30,24,0,3280,99.60765243287078,True,,0.02822273496926692,ransac,5,False,True,E8|NC1_random_b,1000000.0,1333
30,22,1,3328,135.76338952063867,True,,0.2841193019454176,ransac,3,False,True,E8|NC1_random_b,1000000.0,1334
30,20,1,3280,112.25310475350098,True,,0.008286219747566926,ransac,4,False,True,E8|NC1_random_b,1000000.0,1335
30,19,0,3280,127.00656786752576,True,,0.013922651099333352,ransac,4,False,True,E8|NC1_random_b,1000000.0,1336
30,25,1,3264,150.73278175853218,True,,0.01376745014949025,ransac,4,False,True,E8|NC1_random_b,1000000.0,1337
30,25,2,3280,125.85818420842038,True,,0.05914007181289231,ransac,5,False,True,E8|NC1_random_b,1000000.0,1338
30,24,1,3296,70.5307052014272,True,,0.032743532772097135,ransac,5,False,True,E8|NC1_random_b,1000000.0,1339
30,23,0,3248,82.52102823607395,True,,0.047442555742308656,ransac,4,False,True,E8|NC1_random_b,1000000.0,1340
30,25,0,3280,141.7914854184044,True,,0.01846029953005338,ransac,6,False,True,E8|NC1_random_b,1000000.0,1341
30,24,4,3280,50.44795549929487,True,,0.013902424452855063,ransac,5,False,True,E8|NC1_random_b,1000000.0,1342
30,24,2,3296,173.6056619917841,True,,0.009441838157074693,ransac,5,False,True,E8|NC1_random_b,1000000.0,1343
30,22,0,3248,154.03417559225397,True,,0.035891344284567916,ransac,4,False,True,E8|NC1_random_b,1000000.0,1344
30,24,1,3312,48.48173048177337,True,,0.025991620687304113,ransac,6,False,True,E8|NC1_random_b,1000000.0,1345
30,25,1,3232,65.52062702174271,True,,0.06023244565537468,ransac,4,False,True,E8|NC1_random_b,1000000.0,1346
30,23,1,3328,78.0484439666699,True,,0.0381710727456578,ransac,5,False,True,E8|NC1_random_b,1000000.0,1347
30,24,1,3296,77.93528140225818,True,,0.00637615423290331,ransac,4,False,True,E8|NC1_random_b,1000000.0,1348
30,24,5,3264,38.824123157406824,True,,0.023924976783513716,ransac,4,False,True,E8|NC1_random_b,1000000.0,1349
30,23,1,3328,114.16237928834884,True,,0.01751030989104842,ransac,5,False,True,E8|NC1_random_b,1000000.0,1350
30,25,0,3264,76.70545272552108,True,,0.047024614766480594,ransac,5,False,True,E8|NC1_random_b,1000000.0,1351
30,23,0,3264,73.72342079666875,True,,0.039849991018071844,ransac,6,False,True,E8|NC1_random_b,1000000.0,1352
30,22,1,3280,63.204884065549244,True,,0.010014546083354349,ransac,5,False,True,E8|NC1_random_b,1000000.0,1353
30,24,1,3328,87.35514891561297,True,,0.02614260621761533,ransac,5,False,True,E8|NC1_random_b,1000000.0,1354
30,24,1,3312,20.19060276514577,True,,0.02911967740221405,ransac,5,False,True,E8|NC1_random_b,1000000.0,1355
30,24,1,3264,31.580669262595862,True,,0.03229930017394423,ransac,4,False,True,E8|NC1_random_b,1000000.0,1356
30,23,2,3280,66.37911089655454,True,,0.012550592320292268,ransac,5,False,True,E8|NC1_random_b,1000000.0,1357
30,22,2,3312,75.81717121063649,True,,0.044978246435567165,ransac,5,False,True,E8|NC1_random_b,1000000.0,1358
30,23,2,3328,149.78792888489306,True,,0.019898593351019556,ransac,5,False,True,E8|NC1_random_b,1000000.0,1359
30,25,2,3264,69.78299120998071,True,,0.03263629277646551,ransac,6,False,True,E8|NC1_random_b,1000000.0,1360
30,23,0,3296,129.122245936223,True,,0.05629246016637943,ransac,4,False,True,E8|NC1_random_b,1000000.0,1361
30,24,0,3264,121.77195684871747,True,,0.049969546783835805,ransac,4,False,True,E8|NC1_random_b,1000000.0,1362
30,25,2,3280,72.98590469623093,True,,0.051412632077623865,ransac,7,False,True,E8|NC1_random_b,1000000.0,1363
30,23,2,3312,70.20082634814074,True,,0.042758680896127284,ransac,5,False,True,E8|NC1_random_b,1000000.0,1364
30,23,1,3248,81.33785246911006,True,,0.027365901775357016,ransac,6,False,True,E8|NC1_random_b,1000000.0,1365
30,24,3,3248,95.22715022119651,True,,0.03814381585723127,ransac,4,False,True,E8|NC1_random_b,1000000.0,1366
30,23,1,3296,122.92120377536752,True,,0.03567196063437862,ransac,6,False,True,E8|NC1_random_b,1000000.0,1367
30,23,1,3296,89.47800893892966,True,,0.0468738888537855,ransac,5,False,True,E8|NC1_random_b,1000000.0,1368
30,23,1,3312,33.25615481737624,True,,0.0272020213067876,ransac,5,False,True,E8|NC1_random_b,1000000.0,1369
30,23,1,3264,39.71152250836365,True,,0.0513480159420254,ransac,6,False,True,E8|NC1_random_b,1000000.0,1370
30,24,0,3248,125.51409686267802,True,,0.033084099641036854,ransac,4,False,True,E8|NC1_random_b,1000000.0,1371
30,23,0,3296,41.50000022935173,True,,0.03407546780682174,ransac,5,False,True,E8|NC1_random_b,1000000.0,1372
30,23,0,3328,69.68045763715247,True,,0.04693108758937435,ransac,5,False,True,E8|NC1_random_b,1000000.0,1373
30,23,1,3280,110.39243331219919,True,,0.017689380875260896,ransac,5,False,True,E8|NC1_random_b,1000000.0,1374
30,23,1,3296,101.52671929921537,True,,0.03927253224562301,ransac,5,False,True,E8|NC1_random_b,1000000.0,1375
30,22,0,3280,90.48638998040704,True,,0.028984449104690252,ransac,4,False,True,E8|NC1_random_b,1000000.0,1376
30,23,4,3296,7.699785456302472,True,,0.039246815057744536,ransac,5,False,True,E8|NC1_random_b,1000000.0,1377
30,23,0,3248,144.1917837896068,True,,0.03345080072299705,ransac,3,False,True,E8|NC1_random_b,1000000.0,1378
30,22,1,3280,129.13366476206892,True,,0.0402210748156996,ransac,5,False,True,E8|NC1_random_b,1000000.0,1379
30,23,0,3280,48.00536103530553,True,,0.024993358066593557,ransac,5,False,True,E8|NC1_random_b,1000000.0,1380
30,24,1,3280,78.40073734410842,True,,0.03503785934132058,ransac,5,False,True,E8|NC1_random_b,1000000.0,1381
30,23,1,3264,106.07413597447035,True,,0.039582916684835205,ransac,5,False,True,E8|NC1_random_b,1000000.0,1382
30,23,0,3264,121.939984342704,True,,0.011161883408718263,ransac,5,False,True,E8|NC1_random_b,1000000.0,1383
30,24,2,3264,125.28879629262275,True,,0.018429824181407452,ransac,5,False,True,E8|NC1_random_b,1000000.0,1384
30,21,1,3264,97.37262325661291,True,,0.028053525785539324,ransac,5,False,True,E8|NC1_random_b,1000000.0,1385
30,24,0,3264,123.87165425471328,True,,0.0475615933009748,ransac,4,False,True,E8|NC1_random_b,1000000.0,1386
30,22,1,3296,152.2620692470047,True,,0.012287150362321354,ransac,3,False,True,E8|NC1_random_b,1000000.0,1387
30,22,1,3264,77.75633606981489,True,,0.029066504307483223,ransac,4,False,True,E8|NC1_random_b,1000000.0,1388
30,23,3,3312,114.04605420520836,True,,0.014765642468787591,ransac,5,False,True,E8|NC1_random_b,1000000.0,1389
30,23,1,3248,49.3089979795944,True,,0.023245940047840537,ransac,5,False,True,E8|NC1_random_b,1000000.0,1390
30,24,0,3296,105.44836024930811,True,,0.01114266842013968,ransac,5,False,True,E8|NC1_random_b,1000000.0,1391
30,22,2,3280,41.566909859756294,True,,0.018735944334465206,ransac,6,False,True,E8|NC1_random_b,1000000.0,1392
30,25,1,3312,71.63301478014961,True,,0.03943473746217861,ransac,5,False,True,E8|NC1_random_b,1000000.0,1393
30,22,0,3280,150.29619036110634,True,,0.019045282033683296,ransac,4,False,True,E8|NC1_random_b,1000000.0,1394
30,24,2,3280,111.33094681623473,True,,0.07306567354873011,ransac,4,False,True,E8|NC1_random_b,1000000.0,1395
30,25,1,3264,98.12759626472194,True,,0.044507971423207296,ransac,5,False,True,E8|NC1_random_b,1000000.0,1396
30,23,1,3280,127.61980000033299,True,,0.05558376826598948,ransac,5,False,True,E8|NC1_random_b,1000000.0,1397
30,24,2,3296,100.04946054640509,True,,0.03884664435978029,ransac,7,False,True,E8|NC1_random_b,1000000.0,1398
30,24,1,3296,148.6357613872863,True,,0.05355635229490187,ransac,5,False,True,E8|NC1_random_b,1000000.0,1399
30,25,2,3264,136.04137489071292,True,,0.03487843293411163,ransac,5,False,True,E8|NC1_random_b,1000000.0,1400
30,25,0,3280,82.46841725849798,True,,0.028402004164767763,ransac,5,False,True,E8|NC1_random_b,1000000.0,1401
30,24,2,3280,143.78129993275937,True,,0.04219042669341043,ransac,5,False,True,E8|NC1_random_b,1000000.0,1402
30,23,1,3232,75.34173720266361,True,,0.03584975496997537,ransac,4,False,True,E8|NC1_random_b,1000000.0,1403
30,24,0,3328,36.08410867620768,True,,0.04341606683092715,ransac,6,False,True,E8|NC1_random_b,1000000.0,1404
30,22,2,3312,142.99694743863282,True,,0.02824084195401443,ransac,4,False,True,E8|NC1_random_b,1000000.0,1405
30,24,1,3280,84.44554421154695,True,,0.03039361680251187,ransac,5,False,True,E8|NC1_random_b,1000000.0,1406
30,23,1,3312,61.12802087426066,True,,0.029219275436375376,ransac,4,False,True,E8|NC1_random_b,1000000.0,1407
30,22,2,3296,98.54664533165436,True,,0.021871596692797143,ransac,5,False,True,E8|NC1_random_b,1000000.0,1408
30,20,2,3280,130.11723095648765,True,,0.04644687406144825,ransac,5,False,True,E8|NC1_random_b,1000000.0,1409
30,23,1,3280,121.55345436400114,True,,0.033260341197032355,ransac,5,False,True,E8|NC1_random_b,1000000.0,1410
30,24,1,3280,83.71719697999158,True,,0.03453616912068009,ransac,5,False,True,E8|NC1_random_b,1000000.0,1411
30,25,2,3328,62.31227574253563,True,,0.047170387285662814,ransac,5,False,True,E8|NC1_random_b,1000000.0,1412
30,20,0,3312,147.7966082992091,True,,0.04929887013976305,ransac,5,False,True,E8|NC1_random_b,1000000.0,1413
30,22,0,3248,27.37719586344217,True,,0.020944173631491102,ransac,5,False,True,E8|NC1_random_b,1000000.0,1414
30,22,2,3280,117.4228517442829,True,,0.026908233133014717,ransac,4,False,True,E8|NC1_random_b,1000000.0,1415
30,22,2,3280,164.41884151438262,True,,0.01276561874363289,ransac,4,False,True,E8|NC1_random_b,1000000.0,1416
30,23,0,3280,122.24070700320783,True,,0.04409605397696225,ransac,5,False,True,E8|NC1_random_b,1000000.0,1417
30,23,0,3296,158.60282949906653,True,,0.03287904014012625,ransac,5,False,True,E8|NC1_random_b,1000000.0,1418
30,23,1,3280,72.26171628225252,True,,0.04094801237523913,ransac,7,False,True,E8|NC1_random_b,1000000.0,1419
30,23,0,3264,151.18761938670116,True,,0.022634184507922737,ransac,5,False,True,E8|NC1_random_b,1000000.0,1420
30,25,5,3248,63.66229300721563,True,,0.02841504041713993,ransac,5,False,True,E8|NC1_random_b,1000000.0,1421
30,25,1,3328,70.90818962257788,True,,0.03198179719754252,ransac,4,False,True,E8|NC1_random_b,1000000.0,1422
30,21,1,3312,140.93247161267388,True,,0.018575101286254087,ransac,4,False,True,E8|NC1_random_b,1000000.0,1423
30,24,3,3200,80.41626745927086,True,,0.02152358689575273,ransac,4,False,True,E8|NC1_random_b,1000000.0,1424
30,23,1,3280,50.87029577090911,True,,0.048325485352722145,ransac,4,False,True,E8|NC1_random_b,1000000.0,1425
30,21,2,3296,74.544865616134,True,,0.05723064491230534,ransac,5,False,True,E8|NC1_random_b,1000000.0,1426
30,22,1,3296,137.47934272223577,True,,0.01776152446612034,ransac,5,False,True,E8|NC1_random_b,1000000.0,1427
30,24,1,3280,33.68154887706775,True,,0.04633954319258578,ransac,5,False,True,E8|NC1_random_b,1000000.0,1428
30,22,3,3296,66.39923907864004,True,,0.04020117893496976,ransac,5,False,True,E8|NC1_random_b,1000000.0,1429
30,24,1,3232,88.9943658202916,True,,0.006834537096874173,ransac,4,False,True,E8|NC1_random_b,1000000.0,1430
30,23,1,3280,153.34668766382376,True,,0.020980004220497186,ransac,4,False,True,E8|NC1_random_b,1000000.0,1431
30,22,0,3296,38.473048479137425,True,,0.037943711707930795,ransac,4,False,True,E8|NC1_random_b,1000000.0,1432
30,22,0,3296,77.32063198025044,True,,0.03777476643141412,ransac,5,False,True,E8|NC1_random_b,1000000.0,1433
30,21,1,3280,85.05714435717103,True,,0.05164994115247328,ransac,6,False,True,E8|NC1_random_b,1000000.0,1434
30,22,0,3312,78.84280388811221,True,,0.0015926922103504072,ransac,3,False,True,E8|NC1_random_b,1000000.0,1435
30,23,0,3280,64.94780777340918,True,,0.03898371088282944,ransac,3,False,True,E8|NC1_random_b,1000000.0,1436
30,23,1,3264,121.81174106827078,True,,0.043331037258531185,ransac,6,False,True,E8|NC1_random_b,1000000.0,1437
30,23,0,3296,87.97594718109248,True,,0.019365895607045172,ransac,4,False,True,E8|NC1_random_b,1000000.0,1438
30,24,0,3264,52.154781406184135,True,,0.03108891144801243,ransac,4,False,True,E8|NC1_random_b,1000000.0,1439
30,22,2,3328,119.17726560707081,True,,0.03980455996383702,ransac,4,False,True,E8|NC1_random_b,1000000.0,1440
30,23,3,3280,19.876698461400608,True,,0.061762287076243226,ransac,5,False,True,E8|NC1_random_b,1000000.0,1441
30,23,2,3296,40.602947833537684,True,,0.01023469677010317,ransac,4,False,True,E8|NC1_random_b,1000000.0,1442
30,25,0,3264,100.62201365517855,True,,0.025269229887682865,ransac,4,False,True,E8|NC1_random_b,1000000.0,1443
30,22,1,3200,74.46354934020688,True,,0.03523685968211385,ransac,5,False,True,E8|NC1_random_b,1000000.0,1444
30,21,2,3296,89.14291562685649,True,,0.04791932263595306,ransac,4,False,True,E8|NC1_random_b,1000000.0,1445
30,24,1,3280,12.987087743337675,True,,0.05292156516833301,ransac,5,False,True,E8|NC1_random_b,1000000.0,1446
30,23,1,3280,40.72741695699883,True,,0.032923125497500594,ransac,5,False,True,E8|NC1_random_b,1000000.0,1447
30,21,0,3296,88.72326081301628,True,,0.046047061934257935,ransac,6,False,True,E8|NC1_random_b,1000000.0,1448
30,24,4,3280,38.946342483519125,True,,0.047853297783535184,ransac,5,False,True,E8|NC1_random_b,1000000.0,1449
30,25,2,3280,110.54295988445574,True,,0.05288438719765794,ransac,5,False,True,E8|NC1_random_b,1000000.0,1450
30,22,0,3312,103.14010243605438,True,,0.027901725803548154,ransac,5,False,True,E8|NC1_random_b,1000000.0,1451
30,22,0,3312,119.75836257169674,True,,0.023201185026451413,ransac,5,False,True,E8|NC1_random_b,1000000.0,1452
30,25,1,3248,69.7478837711923,True,,0.047816884139165836,ransac,6,False,True,E8|NC1_random_b,1000000.0,1453
30,21,0,3296,37.38746776333263,True,,0.012558961650748154,ransac,4,False,True,E8|NC1_random_b,1000000.0,1454
30,23,3,3296,101.47134157979839,True,,0.04721112205642045,ransac,5,False,True,E8|NC1_random_b,1000000.0,1455
30,23,0,3280,144.0273603175009,True,,0.042113032294852956,ransac,6,False,True,E8|NC1_random_b,1000000.0,1456
30,22,1,3264,124.19600486554728,True,,0.05292979542316974,ransac,5,False,True,E8|NC1_random_b,1000000.0,1457
30,24,0,3296,62.37768577459521,True,,0.036795141204446755,ransac,6,False,True,E8|NC1_random_b,1000000.0,1458
30,23,0,3296,132.67415806801253,True,,0.02281439332067497,ransac,5,False,True,E8|NC1_random_b,1000000.0,1459
30,24,1,3312,64.29951308842416,True,,0.016236144408591207,ransac,5,False,True,E8|NC1_random_b,1000000.0,1460
30,23,3,3312,58.5522965196424,True,,0.05674184038016359,ransac,6,False,True,E8|NC1_random_b,1000000.0,1461
30,23,1,3280,120.04831435421595,True,,0.021220709460819984,ransac,4,False,True,E8|NC1_random_b,1000000.0,1462
30,23,0,3248,92.83081959329307,True,,0.029454081878245924,ransac,5,False,True,E8|NC1_random_b,1000000.0,1463
30,24,2,3280,39.318502119797515,True,,0.035288448372225965,ransac,4,False,True,E8|NC1_random_b,1000000.0,1464
30,25,1,3264,22.93223455377913,True,,0.060080101312418595,ransac,6,False,True,E8|NC1_random_b,1000000.0,1465
30,25,2,3280,119.22300203193888,True,,0.05775555627030245,ransac,6,False,True,E8|NC1_random_b,1000000.0,1466
30,24,2,3296,90.4919457293406,True,,0.015998907574734066,ransac,4,False,True,E8|NC1_random_b,1000000.0,1467
30,24,2,3264,125.18313799814739,True,,0.015847303922259484,ransac,4,False,True,E8|NC1_random_b,1000000.0,1468
30,24,1,3312,99.01713524558083,True,,0.025431036834382314,ransac,5,False,True,E8|NC1_random_b,1000000.0,1469
30,23,1,3264,72.65077168830813,True,,0.019835345197323613,ransac,5,False,True,E8|NC1_random_b,1000000.0,1470
30,23,0,3296,155.6844371996248,True,,0.03272690114665634,ransac,4,False,True,E8|NC1_random_b,1000000.0,1471
30,24,2,3280,98.0837568486175,True,,0.054585137492648,ransac,4,False,True,E8|NC1_random_b,1000000.0,1472
30,23,3,3280,100.83206061631816,True,,0.049114227083695595,ransac,5,False,True,E8|NC1_random_b,1000000.0,1473
30,21,2,3312,51.094170036000016,True,,0.030630052486607905,ransac,4,False,True,E8|NC1_random_b,1000000.0,1474
30,22,1,3248,167.77108678399858,True,,0.028147009584809222,ransac,4,False,True,E8|NC1_random_b,1000000.0,1475
30,25,2,3296,49.74192434728811,True,,0.03940125290473411,ransac,6,False,True,E8|NC1_random_b,1000000.0,1476
30,24,2,3296,111.59425054852979,True,,0.03563354668210942,ransac,4,False,True,E8|NC1_random_b,1000000.0,1477
30,23,1,3296,100.02204547028049,True,,0.014585725800492364,ransac,4,False,True,E8|NC1_random_b,1000000.0,1478
30,24,1,3248,110.22419910933368,True,,0.03558994907619761,ransac,6,False,True,E8|NC1_random_b,1000000.0,1479
30,25,1,3280,160.52376410497362,True,,0.03317707688635054,ransac,5,False,True,E8|NC1_random_b,1000000.0,1480
30,23,0,3264,98.16924187691109,True,,0.03213789523332742,ransac,4,False,True,E8|NC1_random_b,1000000.0,1481
30,24,0,3296,132.50387436487597,True,,0.01147587303034406,ransac,5,False,True,E8|NC1_random_b,1000000.0,1482
30,23,1,3264,61.81918105159398,True,,0.04294164039824823,ransac,5,False,True,E8|NC1_random_b,1000000.0,1483
30,24,2,3264,49.245430914903615,True,,0.04615101997956231,ransac,4,False,True,E8|NC1_random_b,1000000.0,1484
30,23,2,3248,84.83217851951129,True,,0.011537546363083453,ransac,5,False,True,E8|NC1_random_b,1000000.0,1485
30,24,3,3296,41.08942111979179,True,,0.04002971172161762,ransac,4,False,True,E8|NC1_random_b,1000000.0,1486
30,23,2,3296,127.03861101679443,True,,0.02861151362113314,ransac,6,False,True,E8|NC1_random_b,1000000.0,1487
30,23,0,3280,131.24629808465627,True,,0.02981759744977279,ransac,5,False,True,E8|NC1_random_b,1000000.0,1488
30,23,3,3312,96.94994720774099,True,,0.0282861262134373,ransac,5,False,True,E8|NC1_random_b,1000000.0,1489
30,23,0,3280,109.93329877197013,True,,0.042137941812713464,ransac,4,False,True,E8|NC1_random_b,1000000.0,1490
30,24,0,3312,147.5457549059159,True,,0.0313072487610496,ransac,5,False,True,E8|NC1_random_b,1000000.0,1491
30,23,0,3296,81.8416731046317,True,,0.02345876254371956,ransac,4,False,True,E8|NC1_random_b,1000000.0,1492
30,24,1,3280,40.28468165029411,True,,0.047120888219442505,ransac,5,False,True,E8|NC1_random_b,1000000.0,1493
30,25,2,3280,101.14801015652124,True,,0.023690035223636687,ransac,5,False,True,E8|NC1_random_b,1000000.0,1494
30,22,0,3296,7.082878765111314,True,,0.02400330177567748,ransac,4,False,True,E8|NC1_random_b,1000000.0,1495
30,24,4,3248,32.87912814827031,True,,0.02033755706675071,ransac,5,False,True,E8|NC1_random_b,1000000.0,1496
30,24,2,3296,82.78595985607971,True,,0.052525220863987324,ransac,6,False,True,E8|NC1_random_b,1000000.0,1497
30,23,1,3312,110.24455077011352,True,,0.042094977458868234,ransac,3,False,True,E8|NC1_random_b,1000000.0,1498
30,22,3,3264,22.594728560207898,True,,0.042961735437461,ransac,4,False,True,E8|NC1_random_b,1000000.0,1499
30,22,3,3296,113.74935509761089,True,,0.04810766709139594,ransac,5,False,True,E8|NC1_random_b,1000000.0,1500
30,24,1,3264,113.84467569258014,True,,0.05508019552101932,ransac,6,False,True,E8|NC1_random_b,1000000.0,1501
30,23,0,3312,170.1952185226991,True,,0.025948633007045082,ransac,5,False,True,E8|NC1_random_b,1000000.0,1502
30,24,1,3296,72.6028291368059,True,,0.014338603117880508,ransac,5,False,True,E8|NC1_random_b,1000000.0,1503
30,22,1,3264,41.32598679144069,True,,0.02607356177260197,ransac,4,False,True,E8|NC1_random_b,1000000.0,1504
30,22,0,3328,110.45464845420564,True,,0.015122492195880554,ransac,4,False,True,E8|NC1_random_b,1000000.0,1505
30,22,0,3264,65.65313498741214,True,,0.024544381833357547,ransac,4,False,True,E8|NC1_random_b,1000000.0,1506
30,24,1,3248,35.46550855892726,True,,0.01637122680877247,ransac,6,False,True,E8|NC1_random_b,1000000.0,1507
30,24,1,3280,105.39787038723861,True,,0.038940351325806886,ransac,6,False,True,E8|NC1_random_b,1000000.0,1508
30,23,0,3312,139.07580528067825,True,,0.03495299110115477,ransac,4,False,True,E8|NC1_random_b,1000000.0,1509
30,25,2,3248,46.092803263497835,True,,0.035707746756877996,ransac,5,False,True,E8|NC1_random_b,1000000.0,1510
30,23,0,3296,61.190029568753225,True,,0.0481291717786531,ransac,6,False,True,E8|NC1_random_b,1000000.0,1511
30,25,0,3296,97.70200399985029,True,,0.04886068355327629,ransac,4,False,True,E8|NC1_random_b,1000000.0,1512
30,23,1,3264,140.22086061713134,True,,0.03384619739872191,ransac,5,False,True,E8|NC1_random_b,1000000.0,1513
30,23,1,3248,65.27563875950041,True,,0.029882961936769488,ransac,5,False,True,E8|NC1_random_b,1000000.0,1514
30,23,2,3232,47.40380673157307,True,,0.031294282068813045,ransac,4,False,True,E8|NC1_random_b,1000000.0,1515
30,22,1,3296,75.99098833324946,True,,0.01830131790535231,ransac,5,False,True,E8|NC1_random_b,1000000.0,1516
30,22,1,3296,66.81482950085582,True,,0.06975601719926387,ransac,5,False,True,E8|NC1_random_b,1000000.0,1517
30,24,2,3280,33.68198025506476,True,,0.029920600987271225,ransac,6,False,True,E8|NC1_random_b,1000000.0,1518
30,23,2,3312,54.90711860478965,True,,0.04440655791035583,ransac,4,False,True,E8|NC1_random_b,1000000.0,1519
30,21,1,3280,135.95578466989383,True,,0.024592774993184928,ransac,4,False,True,E8|NC1_random_b,1000000.0,1520
30,24,1,3264,121.1386042777125,True,,0.01947741723987961,ransac,5,False,True,E8|NC1_random_b,1000000.0,1521
30,23,0,3232,45.7442737861123,True,,0.014982961680808907,ransac,5,False,True,E8|NC1_random_b,1000000.0,1522
30,22,0,3312,37.40485816286656,True,,0.02426570293072755,ransac,4,False,True,E8|NC1_random_b,1000000.0,1523
30,21,1,3280,134.16031286341502,True,,0.0443369264586147,ransac,5,False,True,E8|NC1_random_b,1000000.0,1524
30,23,1,3264,96.87092181615493,True,,0.03506335771225118,ransac,4,False,True,E8|NC1_random_b,1000000.0,1525
30,24,4,3248,140.6402629067505,True,,0.07939485904295021,ransac,5,False,True,E8|NC1_random_b,1000000.0,1526
30,23,1,3296,88.04607402469105,True,,0.017115968893543318,ransac,6,False,True,E8|NC1_random_b,1000000.0,1527
30,22,2,3328,45.388850768912484,True,,0.02028847421932257,ransac,4,False,True,E8|NC1_random_b,1000000.0,1528
30,23,0,3312,59.54616078000628,True,,0.03185109150092992,ransac,4,False,True,E8|NC1_random_b,1000000.0,1529
30,25,1,3280,54.57667967100867,True,,0.013023427420018305,ransac,4,False,True,E8|NC1_random_b,1000000.0,1530
30,25,1,3280,66.54398012959803,True,,0.04072946811442137,ransac,5,False,True,E8|NC1_random_b,1000000.0,1531
30,22,0,3312,45.56732624416175,True,,0.03350870551198862,ransac,5,False,True,E8|NC1_random_b,1000000.0,1532
30,25,0,3232,81.68412279200987,True,,0.037738017001831346,ransac,6,False,True,E8|NC1_random_b,1000000.0,1533
30,23,0,3280,115.48690681807211,True,,0.03651692731063433,ransac,4,False,True,E8|NC1_random_b,1000000.0,1534
30,24,2,3248,56.55442422809615,True,,0.014664430855212986,ransac,5,False,True,E8|NC1_random_b,1000000.0,1535
30,24,0,3280,47.790532873090115,True,,0.04291723272222429,ransac,4,False,True,E8|NC1_random_b,1000000.0,1536
30,23,1,3328,69.38091954833989,True,,0.046452665183041565,ransac,4,False,True,E8|NC1_random_b,1000000.0,1537
30,24,0,3280,137.19430595935347,True,,0.023588365292929864,ransac,5,False,True,E8|NC1_random_b,1000000.0,1538
30,25,2,3312,113.917561375647,True,,0.04189414797542416,ransac,6,False,True,E8|NC1_random_b,1000000.0,1539
30,21,1,3312,48.30056253545178,True,,0.019863909631498197,ransac,5,False,True,E8|NC1_random_b,1000000.0,1540
30,23,0,3280,37.50047898811039,True,,0.02305352808512828,ransac,5,False,True,E8|NC1_random_b,1000000.0,1541
30,23,0,3264,161.62864475460609,True,,0.030991244656922823,ransac,5,False,True,E8|NC1_random_b,1000000.0,1542
30,24,0,3248,124.94936278209637,True,,0.03291771995417786,ransac,5,False,True,E8|NC1_random_b,1000000.0,1543
30,24,0,3296,153.6753817500892,True,,0.005637713560837087,ransac,4,False,True,E8|NC1_random_b,1000000.0,1544
30,22,0,3264,50.55051324732012,True,,0.030412567617008692,ransac,5,False,True,E8|NC1_random_b,1000000.0,1545
30,23,1,3296,64.75739418052756,True,,0.05128537843250614,ransac,5,False,True,E8|NC1_random_b,1000000.0,1546
30,23,0,3248,79.7083296391314,True,,0.02977085899775975,ransac,5,False,True,E8|NC1_random_b,1000000.0,1547
30,22,2,3264,4.9925762979329,True,,0.04073610662660224,ransac,5,False,True,E8|NC1_random_b,1000000.0,1548
30,23,0,3280,40.641540615928974,True,,0.0689084215159056,ransac,4,False,True,E8|NC1_random_b,1000000.0,1549
30,22,0,3280,51.012528885595586,True,,0.04052555618717325,ransac,6,False,True,E8|NC1_random_b,1000000.0,1550
30,22,0,3280,13.555917445859905,True,,0.04967864519971465,ransac,5,False,True,E8|NC1_random_b,1000000.0,1551
30,23,2,3264,143.73238586011485,True,,0.011649763333690201,ransac,4,False,True,E8|NC1_random_b,1000000.0,1552
30,24,1,3264,60.34922040562073,True,,0.008514255281420408,ransac,5,False,True,E8|NC1_random_b,1000000.0,1553
30,21,0,3280,146.7632174884334,True,,0.05167547015401189,ransac,6,False,True,E8|NC1_random_b,1000000.0,1554
30,20,1,3280,171.5435063940525,True,,0.024538028916521466,ransac,5,False,True,E8|NC1_random_b,1000000.0,1555
30,23,1,3280,99.51121456331127,True,,0.048160172576859575,ransac,5,False,True,E8|NC1_random_b,1000000.0,1556
30,22,1,3264,81.19473229242587,True,,0.04975574034694103,ransac,6,False,True,E8|NC1_random_b,1000000.0,1557
30,25,1,3296,136.4286192823845,True,,0.013737270268304158,ransac,5,False,True,E8|NC1_random_b,1000000.0,1558
30,24,1,3264,126.06121748581293,True,,0.019185163105242126,ransac,5,False,True,E8|NC1_random_b,1000000.0,1559
30,22,0,3296,63.86758013279927,True,,0.03597634762925781,ransac,4,False,True,E8|NC1_random_b,1000000.0,1560
30,25,1,3248,80.3892092417581,True,,0.020623894941757856,ransac,5,False,True,E8|NC1_random_b,1000000.0,1561
30,20,2,3296,123.9385126183702,True,,0.04387437353192045,ransac,4,False,True,E8|NC1_random_b,1000000.0,1562
30,25,3,3264,46.921094340671225,True,,0.03252386626546301,ransac,4,False,True,E8|NC1_random_b,1000000.0,1563
30,23,2,3296,86.72521273030355,True,,0.023970227136211105,ransac,4,False,True,E8|NC1_random_b,1000000.0,1564
30,24,0,3312,59.03215820145139,True,,0.07520310587762595,ransac,4,False,True,E8|NC1_random_b,1000000.0,1565
30,25,0,3264,159.04624180946385,True,,0.030182746320073155,ransac,4,False,True,E8|NC1_random_b,1000000.0,1566
30,24,2,3232,157.8209090975319,True,,0.14064040290604599,ransac,4,False,True,E8|NC1_random_b,1000000.0,1567
30,23,1,3248,124.86435762947927,True,,0.02166662178860346,ransac,4,False,True,E8|NC1_random_b,1000000.0,1568
30,20,2,3312,79.41064707892926,True,,0.025898643715873228,ransac,4,False,True,E8|NC1_random_b,1000000.0,1569
30,24,1,3280,146.32969042879319,True,,0.04814164285338136,ransac,6,False,True,E8|NC1_random_b,1000000.0,1570
30,25,0,3264,24.292857267163267,True,,0.02212828835391024,ransac,5,False,True,E8|NC1_random_b,1000000.0,1571
30,23,2,3264,53.871549281805294,True,,0.05059376711409172,ransac,5,False,True,E8|NC1_random_b,1000000.0,1572
30,24,3,3248,37.479815905610295,True,,0.025249588173120993,ransac,5,False,True,E8|NC1_random_b,1000000.0,1573
30,22,1,3280,99.75642067570594,True,,0.022495820502436772,ransac,5,False,True,E8|NC1_random_b,1000000.0,1574
30,23,1,3280,163.73248704276088,True,,0.01212918984265041,ransac,5,False,True,E8|NC1_random_b,1000000.0,1575
30,20,0,3296,166.12051594297733,True,,0.050154992170243926,ransac,6,False,True,E8|NC1_random_b,1000000.0,1576
30,24,2,3296,89.59613600069501,True,,0.04221182577566466,ransac,4,False,True,E8|NC1_random_b,1000000.0,1577
30,24,0,3296,94.37592568504215,True,,0.06901103554488844,ransac,4,False,True,E8|NC1_random_b,1000000.0,1578
30,25,0,3232,22.173569592744556,True,,0.05085499499722184,ransac,6,False,True,E8|NC1_random_b,1000000.0,1579
30,23,1,3312,105.56555427683202,True,,0.03702102305712532,ransac,5,False,True,E8|NC1_random_b,1000000.0,1580
30,24,1,3280,5.979001085100912,True,,0.03271718563266618,ransac,5,False,True,E8|NC1_random_b,1000000.0,1581
30,24,2,3264,104.69824389284702,True,,0.0316703102344284,ransac,5,False,True,E8|NC1_random_b,1000000.0,1582
30,22,0,3280,76.91382735418745,True,,0.04941530916367271,ransac,5,False,True,E8|NC1_random_b,1000000.0,1583
30,22,0,3296,92.78192812855416,True,,0.03246803496317675,ransac,5,False,True,E8|NC1_random_b,1000000.0,1584
30,24,1,3280,29.964351842579457,True,,0.028903848395106176,ransac,4,False,True,E8|NC1_random_b,1000000.0,1585
30,23,1,3280,55.65873638828168,True,,0.020267291053228616,ransac,4,False,True,E8|NC1_random_b,1000000.0,1586
30,24,3,3312,47.2826783648222,True,,0.028424723107116513,ransac,5,False,True,E8|NC1_random_b,1000000.0,1587
30,23,1,3280,159.7349647325145,True,,0.009962811974202315,ransac,4,False,True,E8|NC1_random_b,1000000.0,1588
30,24,2,3312,62.89860982787208,True,,0.04204293214749057,ransac,5,False,True,E8|NC1_random_b,1000000.0,1589
30,25,1,3296,75.85077675289911,True,,0.03210013895379083,ransac,5,False,True,E8|NC1_random_b,1000000.0,1590
30,23,2,3264,44.591105399680046,True,,0.02663170921666456,ransac,6,False,True,E8|NC1_random_b,1000000.0,1591
30,23,5,3328,55.22049520560927,True,,0.04274518801399197,ransac,5,False,True,E8|NC1_random_b,1000000.0,1592
30,23,2,3264,80.22376999257676,True,,0.0398631680486568,ransac,5,False,True,E8|NC1_random_b,1000000.0,1593
30,24,3,3248,128.04235972644648,True,,0.01318492177283219,ransac,4,False,True,E8|NC1_random_b,1000000.0,1594
30,24,2,3296,137.34227240875924,True,,0.006917182211577164,ransac,4,False,True,E8|NC1_random_b,1000000.0,1595
30,22,1,3264,38.372947065907574,True,,0.03951626341332033,ransac,5,False,True,E8|NC1_random_b,1000000.0,1596
30,25,3,3264,116.46264890003081,True,,0.018170121795224706,ransac,5,False,True,E8|NC1_random_b,1000000.0,1597
30,24,1,3280,56.057518749247976,True,,0.040216423951203284,ransac,4,False,True,E8|NC1_random_b,1000000.0,1598
30,23,1,3264,65.46204146185282,True,,0.028340039245773906,ransac,6,False,True,E8|NC1_random_b,1000000.0,1599
30,22,0,3248,82.12890448938766,True,,0.036175560944897336,ransac,6,False,True,E8|NC1_random_b,1000000.0,1600
30,22,0,3312,45.85778038815863,True,,0.041725048050189756,ransac,7,False,True,E8|NC1_random_b,1000000.0,1601
30,24,2,3264,106.320941507106,True,,0.03870421888445736,ransac,5,False,True,E8|NC1_random_b,1000000.0,1602
30,24,3,3264,45.08132989315705,True,,0.020872604585850902,ransac,3,False,True,E8|NC1_random_b,1000000.0,1603
30,25,0,3312,52.23227692643917,True,,0.018375865057164206,ransac,4,False,True,E8|NC1_random_b,1000000.0,1604
30,25,0,3296,54.67671785625022,True,,0.018378322186487266,ransac,5,False,True,E8|NC1_random_b,1000000.0,1605
30,21,0,3264,18.164324549119467,True,,0.03814389278486864,ransac,5,False,True,E8|NC1_random_b,1000000.0,1606
30,20,1,3312,81.47801575027768,True,,0.031198796397362095,ransac,3,False,True,E8|NC1_random_b,1000000.0,1607
30,24,1,3296,97.87792329092902,True,,0.03243800099416863,ransac,5,False,True,E8|NC1_random_b,1000000.0,1608
30,22,1,3312,133.12243491576052,True,,0.029740343438631835,ransac,5,False,True,E8|NC1_random_b,1000000.0,1609
30,24,1,3296,71.72366642008245,True,,0.049226696100483545,ransac,5,False,True,E8|NC1_random_b,1000000.0,1610
30,23,1,3312,48.565454960006264,True,,0.019365411202885503,ransac,4,False,True,E8|NC1_random_b,1000000.0,1611
30,24,0,3296,33.9112967523656,True,,0.03946833015010986,ransac,4,False,True,E8|NC1_random_b,1000000.0,1612
30,24,0,3264,126.97113188115958,True,,0.01112532412607458,ransac,5,False,True,E8|NC1_random_b,1000000.0,1613
30,23,0,3296,98.92883778742754,True,,0.05457541873536843,ransac,8,False,True,E8|NC1_random_b,1000000.0,1614
30,23,2,3264,113.80304866456913,True,,0.023193211655674145,ransac,5,False,True,E8|NC1_random_b,1000000.0,1615
30,22,1,3280,128.1914500238043,True,,0.0407443010736699,ransac,6,False,True,E8|NC1_random_b,1000000.0,1616
30,23,2,3280,163.3804780516924,True,,0.004663377518048537,ransac,4,False,True,E8|NC1_random_b,1000000.0,1617
30,23,5,3280,51.12126019710661,True,,0.03915367619453976,ransac,5,False,True,E8|NC1_random_b,1000000.0,1618
30,21,4,3232,125.83401282174353,True,,0.03405072367129356,ransac,5,False,True,E8|NC1_random_b,1000000.0,1619
30,24,1,3264,54.54863966619714,True,,0.010982706185222145,ransac,4,False,True,E8|NC1_random_b,1000000.0,1620
30,24,1,3296,24.845533078440535,True,,0.021303348771807347,ransac,5,False,True,E8|NC1_random_b,1000000.0,1621
30,23,2,3312,136.78280624472285,True,,0.024695652213337985,ransac,6,False,True,E8|NC1_random_b,1000000.0,1622
30,24,0,3280,98.11355609525614,True,,0.054897403041440154,ransac,4,False,True,E8|NC1_random_b,1000000.0,1623
30,22,1,3232,137.11178657298032,True,,0.02845184472410397,ransac,5,False,True,E8|NC1_random_b,1000000.0,1624
30,23,1,3248,74.60957040455523,True,,0.027641259521776273,ransac,5,False,True,E8|NC1_random_b,1000000.0,1625
30,22,0,3280,133.85342565544227,True,,0.021744483821504863,ransac,5,False,True,E8|NC1_random_b,1000000.0,1626
30,21,0,3280,94.39692729163133,True,,0.04351835227950682,ransac,5,False,True,E8|NC1_random_b,1000000.0,1627
30,21,0,3312,44.348108400109815,True,,0.036558703617850595,ransac,5,False,True,E8|NC1_random_b,1000000.0,1628
30,23,1,3264,154.1285974272948,True,,0.024415831918826684,ransac,4,False,True,E8|NC1_random_b,1000000.0,1629
30,24,1,3248,27.95972683265687,True,,0.04427993259553138,ransac,6,False,True,E8|NC1_random_b,1000000.0,1630
30,21,0,3312,32.064549378059496,True,,0.05131905257017973,ransac,5,False,True,E8|NC1_random_b,1000000.0,1631
30,23,1,3264,35.83978979041987,True,,0.028138110721968767,ransac,4,False,True,E8|NC1_random_b,1000000.0,1632
30,21,2,3296,137.910641985615,True,,0.0401712144226815,ransac,5,False,True,E8|NC1_random_b,1000000.0,1633
30,22,0,3248,63.934892963814605,True,,0.035571295162171106,ransac,5,False,True,E8|NC1_random_b,1000000.0,1634
30,23,0,3296,135.78391746289722,True,,0.025763104277817982,ransac,5,False,True,E8|NC1_random_b,1000000.0,1635
30,20,0,3280,132.73223908768415,True,,0.021754734321002517,ransac,5,False,True,E8|NC1_random_b,1000000.0,1636
30,24,1,3312,83.31174642937667,True,,0.024485047082507448,ransac,6,False,True,E8|NC1_random_b,1000000.0,1637
30,23,0,3312,112.54684261098092,True,,0.030045960464866336,ransac,5,False,True,E8|NC1_random_b,1000000.0,1638
30,23,2,3264,87.04381227319882,True,,0.0106492976666786,ransac,4,False,True,E8|NC1_random_b,1000000.0,1639
30,23,3,3296,156.3413353219941,True,,0.0439323947770257,ransac,6,False,True,E8|NC1_random_b,1000000.0,1640
30,23,0,3312,50.56816163696405,True,,0.02815585180286608,ransac,5,False,True,E8|NC1_random_b,1000000.0,1641
30,25,2,3312,64.25835878516098,True,,0.0373414518618332,ransac,6,False,True,E8|NC1_random_b,1000000.0,1642
30,23,0,3264,137.42516258783238,True,,0.05236355913778762,ransac,5,False,True,E8|NC1_random_b,1000000.0,1643
30,24,1,3248,39.09989032410847,True,,0.03663450185838897,ransac,5,False,True,E8|NC1_random_b,1000000.0,1644
30,23,0,3264,34.71805420306508,True,,0.09039227902015841,ransac,4,False,True,E8|NC1_random_b,1000000.0,1645
30,24,2,3312,94.34728867801341,True,,0.017578346990777167,ransac,5,False,True,E8|NC1_random_b,1000000.0,1646
30,25,1,3280,73.25228519249035,True,,0.013743233066801593,ransac,5,False,True,E8|NC1_random_b,1000000.0,1647
30,24,1,3296,48.86018157821115,True,,0.05315167756514604,ransac,5,False,True,E8|NC1_random_b,1000000.0,1648
30,24,1,3264,128.64825439144403,True,,0.02061356242058544,ransac,4,False,True,E8|NC1_random_b,1000000.0,1649
30,23,2,3312,133.09680760229318,True,,0.04564422005147266,ransac,6,False,True,E8|NC1_random_b,1000000.0,1650
30,23,1,3280,112.26252394342728,True,,0.025553908544689138,ransac,4,False,True,E8|NC1_random_b,1000000.0,1651
30,22,0,3264,90.84315461004324,True,,0.009757087843129685,ransac,4,False,True,E8|NC1_random_b,1000000.0,1652
30,20,0,3296,107.08863434594352,True,,0.02903334462699671,ransac,5,False,True,E8|NC1_random_b,1000000.0,1653
30,23,3,3264,81.49170285603678,True,,0.03952545667569173,ransac,5,False,True,E8|NC1_random_b,1000000.0,1654
30,22,1,3280,132.71575561319716,True,,0.03475022798635364,ransac,5,False,True,E8|NC1_random_b,1000000.0,1655
30,22,0,3296,86.75624823522858,True,,0.04390823618364048,ransac,4,False,True,E8|NC1_random_b,1000000.0,1656
30,24,0,3248,62.72716994695565,True,,0.040139314359373984,ransac,4,False,True,E8|NC1_random_b,1000000.0,1657
30,25,2,3296,87.26916676633617,True,,0.04446101869159483,ransac,4,False,True,E8|NC1_random_b,1000000.0,1658
30,25,1,3280,112.72160024654902,True,,0.01328312374294044,ransac,4,False,True,E8|NC1_random_b,1000000.0,1659
30,23,1,3280,43.40195383495601,True,,0.03093068451751768,ransac,6,False,True,E8|NC1_random_b,1000000.0,1660
30,21,0,3328,75.90861178352598,True,,0.0016714686630515756,ransac,3,False,True,E8|NC1_random_b,1000000.0,1661
30,23,1,3312,133.99242829256076,True,,0.051518886808600166,ransac,5,False,True,E8|NC1_random_b,1000000.0,1662
30,25,1,3264,44.38740270041687,True,,0.03552651043869273,ransac,5,False,True,E8|NC1_random_b,1000000.0,1663
30,24,1,3312,113.3329962253606,True,,0.010760419673992844,ransac,5,False,True,E8|NC1_random_b,1000000.0,1664
30,24,0,3264,121.37394483923022,True,,0.028514904644828396,ransac,5,False,True,E8|NC1_random_b,1000000.0,1665
30,26,0,3312,74.13861167341639,True,,0.03618634905376252,ransac,6,False,True,E8|NC1_random_b,1000000.0,1666
30,25,1,3312,149.75518587970626,True,,0.040517304564960596,ransac,5,False,True,E8|NC1_random_b,1000000.0,1667
30,24,2,3232,87.08723686574338,True,,0.03131135406950292,ransac,4,False,True,E8|NC1_random_b,1000000.0,1668
30,26,3,3296,104.84112929365024,True,,0.010545293436240328,ransac,5,False,True,E8|NC1_random_b,1000000.0,1669
30,24,2,3264,75.45032107530247,True,,0.02290426558067395,ransac,4,False,True,E8|NC1_random_b,1000000.0,1670
30,25,1,3232,109.99366325886149,True,,0.0275349787050591,ransac,5,False,True,E8|NC1_random_b,1000000.0,1671
30,23,1,3296,128.435256141844,True,,0.00919801286611514,ransac,4,False,True,E8|NC1_random_b,1000000.0,1672
30,24,2,3264,6.272694710997478,True,,0.011477790599810049,ransac,4,False,True,E8|NC1_random_b,1000000.0,1673
30,24,1,3280,132.35384865431493,True,,0.028797789668669083,ransac,5,False,True,E8|NC1_random_b,1000000.0,1674
30,22,2,3264,62.859995765448865,True,,0.030299852361687397,ransac,5,False,True,E8|NC1_random_b,1000000.0,1675
30,22,3,3248,75.94212663861828,True,,0.04430989743613,ransac,5,False,True,E8|NC1_random_b,1000000.0,1676
30,24,3,3280,83.1064237450675,True,,0.02819534549716884,ransac,4,False,True,E8|NC1_random_b,1000000.0,1677
30,24,3,3312,62.5118282662016,True,,0.04354337591785259,ransac,5,False,True,E8|NC1_random_b,1000000.0,1678
30,23,0,3280,96.20224987629442,True,,0.03999261730986714,ransac,6,False,True,E8|NC1_random_b,1000000.0,1679
30,23,2,3312,65.73285192079544,True,,0.022413029673143323,ransac,5,False,True,E8|NC1_random_b,1000000.0,1680
30,23,0,3248,166.85577229141268,True,,0.014938805038915898,ransac,5,False,True,E8|NC1_random_b,1000000.0,1681
30,25,1,3312,71.82597969167006,True,,0.02839816715417401,ransac,5,False,True,E8|NC1_random_b,1000000.0,1682
30,22,0,3296,115.15187596819537,True,,0.04165002431328253,ransac,5,False,True,E8|NC1_random_b,1000000.0,1683
30,24,2,3248,127.99363947150053,True,,0.040837931613193726,ransac,5,False,True,E8|NC1_random_b,1000000.0,1684
30,25,0,3264,52.173800672400596,True,,0.03604495904239502,ransac,5,False,True,E8|NC1_random_b,1000000.0,1685
30,25,3,3264,55.82189200386381,True,,0.05078354186887675,ransac,5,False,True,E8|NC1_random_b,1000000.0,1686
30,22,1,3264,129.2185860983502,True,,0.044094824751381385,ransac,5,False,True,E8|NC1_random_b,1000000.0,1687
30,22,1,3280,70.62589089403744,True,,0.020505976957749292,ransac,5,False,True,E8|NC1_random_b,1000000.0,1688
30,23,0,3296,75.46339044028248,True,,0.02110358764126882,ransac,4,False,True,E8|NC1_random_b,1000000.0,1689
30,21,1,3296,92.62063204804497,True,,0.03121237472356536,ransac,5,False,True,E8|NC1_random_b,1000000.0,1690
30,25,1,3312,125.2124792292708,True,,0.0392770640714239,ransac,4,False,True,E8|NC1_random_b,1000000.0,1691
30,24,2,3264,132.8886205318533,True,,0.02446661157034626,ransac,4,False,True,E8|NC1_random_b,1000000.0,1692
30,24,1,3232,72.25746118091509,True,,0.03564386604296161,ransac,4,False,True,E8|NC1_random_b,1000000.0,1693
30,24,1,3264,49.49951016803407,True,,0.03369707745819805,ransac,4,False,True,E8|NC1_random_b,1000000.0,1694
30,21,1,3328,128.7102611024381,True,,0.05271384063384212,ransac,5,False,True,E8|NC1_random_b,1000000.0,1695
30,24,1,3264,84.36402359879281,True,,0.048852286452089486,ransac,6,False,True,E8|NC1_random_b,1000000.0,1696
30,23,1,3312,96.47190973911829,True,,0.024549514371471452,ransac,5,False,True,E8|NC1_random_b,1000000.0,1697
30,23,0,3280,91.1438841951311,True,,0.0440692962117954,ransac,8,False,True,E8|NC1_random_b,1000000.0,1698
30,22,0,3280,109.683238944933,True,,0.011615216382325301,ransac,3,False,True,E8|NC1_random_b,1000000.0,1699
30,24,0,3264,69.21905753373139,True,,0.02184290073731042,ransac,5,False,True,E8|NC1_random_b,1000000.0,1700
30,22,1,3280,53.41798933298445,True,,0.011517375826736093,ransac,5,False,True,E8|NC1_random_b,1000000.0,1701
30,22,2,3296,80.30178605164558,True,,0.051562908828435006,ransac,6,False,True,E8|NC1_random_b,1000000.0,1702
30,23,1,3264,88.61748974454513,True,,0.04213183053923116,ransac,5,False,True,E8|NC1_random_b,1000000.0,1703
30,24,2,3296,34.12276230352333,True,,0.04729793240058391,ransac,5,False,True,E8|NC1_random_b,1000000.0,1704
30,22,0,3312,56.055420772485036,True,,0.06215095954627494,ransac,5,False,True,E8|NC1_random_b,1000000.0,1705
30,23,1,3264,99.57521144281782,True,,0.02393096291397721,ransac,4,False,True,E8|NC1_random_b,1000000.0,1706
30,23,0,3296,74.33646285358445,True,,0.03642363227164329,ransac,4,False,True,E8|NC1_random_b,1000000.0,1707
30,25,1,3264,125.53943539400115,True,,0.03448465301617083,ransac,4,False,True,E8|NC1_random_b,1000000.0,1708
30,22,1,3296,151.25104929000048,True,,0.01871964879441027,ransac,4,False,True,E8|NC1_random_b,1000000.0,1709
30,23,0,3328,33.793740694155765,True,,0.013858773869977558,ransac,4,False,True,E8|NC1_random_b,1000000.0,1710
30,25,0,3312,47.05057181550642,True,,0.010232650599099155,ransac,5,False,True,E8|NC1_random_b,1000000.0,1711
30,25,2,3296,110.95585073037033,True,,0.02356523248518725,ransac,5,False,True,E8|NC1_random_b,1000000.0,1712
30,21,0,3280,104.52819691565327,True,,0.04273987905797426,ransac,4,False,True,E8|NC1_random_b,1000000.0,1713
30,24,2,3312,65.65294041721715,True,,0.065868676296355,ransac,4,False,True,E8|NC1_random_b,1000000.0,1714
30,22,2,3264,84.24197492762683,True,,0.038845993202244904,ransac,4,False,True,E8|NC1_random_b,1000000.0,1715
30,21,0,3280,108.12633206725053,True,,0.025147912103429135,ransac,4,False,True,E8|NC1_random_b,1000000.0,1716
30,25,0,3280,57.93239445747541,True,,0.026894078423008817,ransac,5,False,True,E8|NC1_random_b,1000000.0,1717
30,22,1,3296,92.60200004388372,True,,0.05634510719998423,ransac,4,False,True,E8|NC1_random_b,1000000.0,1718
30,25,1,3312,62.75249418094747,True,,0.036822089331845186,ransac,6,False,True,E8|NC1_random_b,1000000.0,1719
30,21,1,3296,149.59716462039552,True,,0.009988157081402271,ransac,4,False,True,E8|NC1_random_b,1000000.0,1720
30,23,1,3248,105.4691141320747,True,,0.016278339025057327,ransac,5,False,True,E8|NC1_random_b,1000000.0,1721
30,25,1,3264,75.72643038112278,True,,0.028055780736801234,ransac,6,False,True,E8|NC1_random_b,1000000.0,1722
30,23,0,3248,121.48575841136969,True,,0.01680194861091168,ransac,4,False,True,E8|NC1_random_b,1000000.0,1723
30,23,2,3248,86.59902182472734,True,,0.025003567897318793,ransac,4,False,True,E8|NC1_random_b,1000000.0,1724
30,21,1,3312,103.80469707190079,True,,0.015113277577957896,ransac,4,False,True,E8|NC1_random_b,1000000.0,1725
30,24,1,3312,61.94288438808975,True,,0.015083759588196636,ransac,4,False,True,E8|NC1_random_b,1000000.0,1726
30,24,0,3296,111.32077683093502,True,,0.04129594030095635,ransac,4,False,True,E8|NC1_random_b,1000000.0,1727
30,23,3,3296,47.81504962698081,True,,0.05178395236580844,ransac,5,False,True,E8|NC1_random_b,1000000.0,1728
30,23,3,3280,68.50787975108506,True,,0.02581128812470816,ransac,5,False,True,E8|NC1_random_b,1000000.0,1729
30,22,1,3296,134.21596715171336,True,,0.05178269758642713,ransac,5,False,True,E8|NC1_random_b,1000000.0,1730
30,23,1,3232,165.04793173648795,True,,0.029068590390764457,ransac,5,False,True,E8|NC1_random_b,1000000.0,1731
30,24,2,3312,82.47851766679996,True,,0.044571956716648015,ransac,4,False,True,E8|NC1_random_b,1000000.0,1732
30,24,2,3248,133.4099730304159,True,,0.04176465780220255,ransac,5,False,True,E8|NC1_random_b,1000000.0,1733
30,25,3,3312,56.58624896983261,True,,0.04116950077527487,ransac,4,False,True,E8|NC1_random_b,1000000.0,1734
30,26,2,3264,43.846348094614775,True,,0.033928856061635454,ransac,5,False,True,E8|NC1_random_b,1000000.0,1735
30,23,1,3264,68.11795327764959,True,,0.023029248020159813,ransac,4,False,True,E8|NC1_random_b,1000000.0,1736
30,22,2,3312,82.24338588406101,True,,0.02061693768589534,ransac,4,False,True,E8|NC1_random_b,1000000.0,1737
30,22,2,3200,107.53895054127346,True,,0.034101526138568525,ransac,6,False,True,E8|NC1_random_b,1000000.0,1738
30,21,3,3248,25.125700378085174,True,,0.04072137851253626,ransac,5,False,True,E8|NC1_random_b,1000000.0,1739
30,24,0,3296,110.69721172023995,True,,0.0482066831673531,ransac,6,False,True,E8|NC1_random_b,1000000.0,1740
30,23,4,3264,127.5483472885492,True,,0.03623021585645526,ransac,4,False,True,E8|NC1_random_b,1000000.0,1741
30,25,1,3296,51.19678265747417,True,,0.044764679803223184,ransac,6,False,True,E8|NC1_random_b,1000000.0,1742
30,24,0,3200,169.71888298809478,True,,0.03262831715613831,ransac,6,False,True,E8|NC1_random_b,1000000.0,1743
30,24,1,3296,66.11432788543415,True,,0.045997438037198676,ransac,5,False,True,E8|NC1_random_b,1000000.0,1744
30,22,1,3232,64.64835189683953,True,,0.044105395956837816,ransac,5,False,True,E8|NC1_random_b,1000000.0,1745
30,23,2,3280,94.72002436644821,True,,0.0319619630024384,ransac,4,False,True,E8|NC1_random_b,1000000.0,1746
30,24,1,3280,133.23879839535456,True,,0.013241097664481824,ransac,3,False,True,E8|NC1_random_b,1000000.0,1747
30,23,0,3264,129.93473370681122,True,,0.010060558099645763,ransac,5,False,True,E8|NC1_random_b,1000000.0,1748
30,21,1,3280,125.43220535102887,True,,0.05966105121639183,ransac,6,False,True,E8|NC1_random_b,1000000.0,1749
30,24,1,3328,71.18545540250273,True,,0.02815934776340139,ransac,5,False,True,E8|NC1_random_b,1000000.0,1750
30,23,1,3216,20.157683594760506,True,,0.032517373050551586,ransac,5,False,True,E8|NC1_random_b,1000000.0,1751
30,24,0,3232,102.27524979410956,True,,0.05283063681389311,ransac,7,False,True,E8|NC1_random_b,1000000.0,1752
30,24,1,3264,71.42128416390211,True,,0.01027015042699937,ransac,4,False,True,E8|NC1_random_b,1000000.0,1753
30,20,0,3280,101.1729866941185,True,,0.027478915085716944,ransac,5,False,True,E8|NC1_random_b,1000000.0,1754
30,23,1,3264,143.54407941579225,True,,0.055792831537498734,ransac,5,False,True,E8|NC1_random_b,1000000.0,1755
30,22,2,3280,56.36912854545812,True,,0.0591918802139434,ransac,4,False,True,E8|NC1_random_b,1000000.0,1756
30,25,0,3296,137.3949126706902,True,,0.05881751273501422,ransac,4,False,True,E8|NC1_random_b,1000000.0,1757
30,23,2,3280,132.9472518768427,True,,0.05240242211214249,ransac,6,False,True,E8|NC1_random_b,1000000.0,1758
30,22,1,3248,140.22867433392977,True,,0.023526598241421698,ransac,5,False,True,E8|NC1_random_b,1000000.0,1759
30,23,2,3312,56.85682382836147,True,,0.04981737712629849,ransac,6,False,True,E8|NC1_random_b,1000000.0,1760
30,24,4,3280,106.84392352872882,True,,0.04541347453058829,ransac,5,False,True,E8|NC1_random_b,1000000.0,1761
30,25,1,3312,144.20654686272604,True,,0.031071032711223575,ransac,6,False,True,E8|NC1_random_b,1000000.0,1762
30,24,0,3248,42.24808947219784,True,,0.03544149549141072,ransac,5,False,True,E8|NC1_random_b,1000000.0,1763
30,24,1,3216,138.47019373691697,True,,0.035263162373812974,ransac,5,False,True,E8|NC1_random_b,1000000.0,1764
30,22,1,3248,128.31405393897103,True,,0.01917726954111779,ransac,4,False,True,E8|NC1_random_b,1000000.0,1765
30,21,1,3296,48.718897093380065,True,,0.04657827235075945,ransac,5,False,True,E8|NC1_random_b,1000000.0,1766
30,24,2,3248,151.54283170392526,True,,0.039440182779229636,ransac,5,False,True,E8|NC1_random_b,1000000.0,1767
30,24,3,3264,55.19418366700075,True,,0.022738268348889357,ransac,4,False,True,E8|NC1_random_b,1000000.0,1768
30,24,0,3264,115.96586428650612,True,,0.04838900659934251,ransac,5,False,True,E8|NC1_random_b,1000000.0,1769
30,22,0,3296,97.03181209959794,True,,0.017210062271637634,ransac,6,False,True,E8|NC1_random_b,1000000.0,1770
30,23,0,3312,151.3721124695738,True,,0.05799126688851156,ransac,5,False,True,E8|NC1_random_b,1000000.0,1771
30,24,1,3296,18.93057688616485,True,,0.02014300471567954,ransac,4,False,True,E8|NC1_random_b,1000000.0,1772
30,23,1,3312,80.90345611474017,True,,0.05096229364110526,ransac,6,False,True,E8|NC1_random_b,1000000.0,1773
30,25,2,3248,80.51588250237879,True,,0.03065849420470343,ransac,5,False,True,E8|NC1_random_b,1000000.0,1774
30,23,0,3280,71.57861729986723,True,,0.03137717648770286,ransac,6,False,True,E8|NC1_random_b,1000000.0,1775
30,23,1,3264,42.629025708839286,True,,0.02881001355775464,ransac,4,False,True,E8|NC1_random_b,1000000.0,1776
30,24,0,3248,103.25556122399473,True,,0.031129337625720725,ransac,5,False,True,E8|NC1_random_b,1000000.0,1777
30,24,3,3296,131.9731109493861,True,,0.0201999815571585,ransac,4,False,True,E8|NC1_random_b,1000000.0,1778
30,24,1,3312,126.2108234902355,True,,0.02689657015138523,ransac,5,False,True,E8|NC1_random_b,1000000.0,1779
30,24,1,3232,88.35227416195643,True,,0.04288951413027871,ransac,4,False,True,E8|NC1_random_b,1000000.0,1780
30,21,2,3312,113.64472272739798,True,,0.012042306321609814,ransac,4,False,True,E8|NC1_random_b,1000000.0,1781
30,24,3,3280,160.3981755549664,True,,0.03918495246317614,ransac,7,False,True,E8|NC1_random_b,1000000.0,1782
30,24,2,3264,145.28997463657316,True,,0.030786596891975795,ransac,5,False,True,E8|NC1_random_b,1000000.0,1783
30,24,0,3280,167.73575517938576,True,,0.027057225517435134,ransac,5,False,True,E8|NC1_random_b,1000000.0,1784
30,25,1,3280,152.73141412412193,True,,0.03373633489716424,ransac,5,False,True,E8|NC1_random_b,1000000.0,1785
30,25,2,3280,53.42936013645685,True,,0.049856698416789955,ransac,4,False,True,E8|NC1_random_b,1000000.0,1786
30,22,1,3280,134.09839981499798,True,,0.029106107655973813,ransac,5,False,True,E8|NC1_random_b,1000000.0,1787
30,24,2,3232,68.84664769213666,True,,0.02369524665377177,ransac,4,False,True,E8|NC1_random_b,1000000.0,1788
30,23,0,3264,110.08963982656118,True,,0.04067179411568631,ransac,4,False,True,E8|NC1_random_b,1000000.0,1789
30,23,3,3264,143.61155840389407,True,,0.007054034798421071,ransac,4,False,True,E8|NC1_random_b,1000000.0,1790
30,21,0,3296,60.84079003460042,True,,0.03591308687316559,ransac,5,False,True,E8|NC1_random_b,1000000.0,1791
30,24,0,3280,164.46597043435438,True,,0.04277470220934313,ransac,4,False,True,E8|NC1_random_b,1000000.0,1792
30,23,2,3312,49.80078857617888,True,,0.038065534905086115,ransac,4,False,True,E8|NC1_random_b,1000000.0,1793
30,23,0,3264,46.47796722933426,True,,0.039552883333386316,ransac,4,False,True,E8|NC1_random_b,1000000.0,1794
30,25,0,3312,75.93604429878015,True,,0.01005590566659904,ransac,4,False,True,E8|NC1_random_b,1000000.0,1795
30,23,1,3280,165.51394838198033,True,,0.04220916970432367,ransac,5,False,True,E8|NC1_random_b,1000000.0,1796
30,24,3,3280,49.672257570090906,True,,0.041636623514648904,ransac,6,False,True,E8|NC1_random_b,1000000.0,1797
30,23,1,3280,98.94707222048572,True,,0.012017387878568223,ransac,4,False,True,E8|NC1_random_b,1000000.0,1798
30,24,1,3312,110.26723552054719,True,,0.04092723036372472,ransac,5,False,True,E8|NC1_random_b,1000000.0,1799
30,24,3,3312,76.51018155688004,True,,0.021099789278392823,ransac,4,False,True,E8|NC1_random_b,1000000.0,1800
30,23,2,3280,112.36967396571343,True,,0.03276523569113327,ransac,5,False,True,E8|NC1_random_b,1000000.0,1801
30,21,1,3312,25.311536528419225,True,,0.020126868516812075,ransac,6,False,True,E8|NC1_random_b,1000000.0,1802
30,24,1,3280,70.45857484591255,True,,0.0397774167575859,ransac,4,False,True,E8|NC1_random_b,1000000.0,1803
30,23,0,3312,50.36161164319758,True,,0.026783701233926725,ransac,4,False,True,E8|NC1_random_b,1000000.0,1804
30,23,2,3248,92.64962165872954,True,,0.047192887809724894,ransac,6,False,True,E8|NC1_random_b,1000000.0,1805
30,23,0,3248,20.471533296386088,True,,0.035986957704217726,ransac,5,False,True,E8|NC1_random_b,1000000.0,1806
30,21,2,3280,67.87845757447599,True,,0.03842284618216677,ransac,5,False,True,E8|NC1_random_b,1000000.0,1807
30,23,4,3264,118.83708607450477,True,,0.04274369073102096,ransac,5,False,True,E8|NC1_random_b,1000000.0,1808
30,22,1,3312,136.98151912333762,True,,0.03151506673572229,ransac,5,False,True,E8|NC1_random_b,1000000.0,1809
30,21,1,3312,36.4757163734879,True,,0.01677585628135587,ransac,4,False,True,E8|NC1_random_b,1000000.0,1810
30,23,1,3296,97.53109134805018,True,,0.016757267501028107,ransac,4,False,True,E8|NC1_random_b,1000000.0,1811
30,21,0,3312,86.40182109294227,True,,0.029970799201606012,ransac,4,False,True,E8|NC1_random_b,1000000.0,1812
30,24,1,3248,138.78540633182382,True,,0.036472995860391655,ransac,5,False,True,E8|NC1_random_b,1000000.0,1813
30,22,3,3232,106.00962262078237,True,,0.042296440073033126,ransac,5,False,True,E8|NC1_random_b,1000000.0,1814
30,24,1,3280,131.48159782758168,True,,0.09785380324669538,ransac,4,False,True,E8|NC1_random_b,1000000.0,1815
30,26,1,3312,73.46691245877544,True,,0.03144475376698725,ransac,5,False,True,E8|NC1_random_b,1000000.0,1816
30,23,0,3248,106.1246207718943,True,,0.030670489571942346,ransac,6,False,True,E8|NC1_random_b,1000000.0,1817
30,23,1,3264,112.0594774866866,True,,0.04807158035033699,ransac,4,False,True,E8|NC1_random_b,1000000.0,1818
30,24,1,3328,21.23629180200217,True,,0.014258676898401783,ransac,5,False,True,E8|NC1_random_b,1000000.0,1819
30,23,1,3264,78.99490703013949,True,,0.025636810834344975,ransac,5,False,True,E8|NC1_random_b,1000000.0,1820
30,23,1,3280,39.51858491561994,True,,0.02363698178027774,ransac,5,False,True,E8|NC1_random_b,1000000.0,1821
30,24,3,3248,131.0334212571125,True,,0.02678756515996526,ransac,5,False,True,E8|NC1_random_b,1000000.0,1822
30,23,0,3280,127.48680642811398,True,,0.0455030157451786,ransac,4,False,True,E8|NC1_random_b,1000000.0,1823
30,25,0,3264,55.84758300024915,True,,0.06341757599897398,ransac,5,False,True,E8|NC1_random_b,1000000.0,1824
30,22,3,3296,86.66737778188711,True,,0.035013755968908045,ransac,5,False,True,E8|NC1_random_b,1000000.0,1825
30,24,4,3296,174.77053053318434,True,,0.013423736399645007,ransac,4,False,True,E8|NC1_random_b,1000000.0,1826
30,23,2,3280,92.17293963095594,True,,0.03491868921248348,ransac,4,False,True,E8|NC1_random_b,1000000.0,1827
30,25,2,3312,80.61614402627819,True,,0.04194496734344152,ransac,4,False,True,E8|NC1_random_b,1000000.0,1828
30,24,3,3280,86.95887340953914,True,,0.1423586590422569,ransac,4,False,True,E8|NC1_random_b,1000000.0,1829
30,25,1,3312,80.2999008622191,True,,0.02399670969630667,ransac,5,False,True,E8|NC1_random_b,1000000.0,1830
30,19,0,3296,78.19599637650258,True,,0.035359362758703904,ransac,4,False,True,E8|NC1_random_b,1000000.0,1831
30,25,1,3296,140.73028568972092,True,,0.040869613724640964,ransac,5,False,True,E8|NC1_random_b,1000000.0,1832
30,24,2,3296,84.77075662070922,True,,0.0252079182672617,ransac,5,False,True,E8|NC1_random_b,1000000.0,1833
30,24,0,3248,96.1769307083235,True,,0.02090541676796103,ransac,4,False,True,E8|NC1_random_b,1000000.0,1834
30,23,2,3312,66.37626502989403,True,,0.01988675272853064,ransac,5,False,True,E8|NC1_random_b,1000000.0,1835
30,21,2,3296,159.89217127684768,True,,0.014879313533723963,ransac,5,False,True,E8|NC1_random_b,1000000.0,1836
30,24,1,3280,60.441588003356415,True,,0.0242477793159977,ransac,6,False,True,E8|NC1_random_b,1000000.0,1837
30,20,2,3280,117.1279394171323,True,,0.02003525146368316,ransac,6,False,True,E8|NC1_random_b,1000000.0,1838
30,23,1,3296,132.85068004173965,True,,0.015396437101118354,ransac,3,False,True,E8|NC1_random_b,1000000.0,1839
30,23,0,3312,131.01434873403548,True,,0.04269612787574859,ransac,6,False,True,E8|NC1_random_b,1000000.0,1840
30,21,0,3296,8.666506992958452,True,,0.01817264464448718,ransac,3,False,True,E8|NC1_random_b,1000000.0,1841
30,24,2,3280,107.87023204763284,True,,0.02073949137465257,ransac,6,False,True,E8|NC1_random_b,1000000.0,1842
30,25,2,3264,97.84242779318673,True,,0.04622967348088327,ransac,6,False,True,E8|NC1_random_b,1000000.0,1843
30,25,1,3296,87.23394141498927,True,,0.02883774679101857,ransac,6,False,True,E8|NC1_random_b,1000000.0,1844
30,23,1,3264,31.00427148278963,True,,0.03229121985868038,ransac,4,False,True,E8|NC1_random_b,1000000.0,1845
30,25,0,3312,51.576077966153385,True,,0.05720949651967413,ransac,5,False,True,E8|NC1_random_b,1000000.0,1846
30,24,3,3264,125.56400048500565,True,,0.021992227352012988,ransac,4,False,True,E8|NC1_random_b,1000000.0,1847
30,22,1,3280,77.16466636368013,True,,0.033550620315889096,ransac,4,False,True,E8|NC1_random_b,1000000.0,1848
30,23,1,3280,91.23064239206234,True,,0.05973094463191585,ransac,6,False,True,E8|NC1_random_b,1000000.0,1849
30,22,1,3296,40.74858340191551,True,,0.03796428669857585,ransac,4,False,True,E8|NC1_random_b,1000000.0,1850
30,24,2,3264,99.16608426095789,True,,0.026718397711495485,ransac,5,False,True,E8|NC1_random_b,1000000.0,1851
30,23,0,3280,60.76826456140105,True,,0.042372498512774824,ransac,5,False,True,E8|NC1_random_b,1000000.0,1852
30,23,2,3280,89.03688664872548,True,,0.023376158923476997,ransac,5,False,True,E8|NC1_random_b,1000000.0,1853
30,25,1,3248,94.9942993495128,True,,0.04249238374077396,ransac,4,False,True,E8|NC1_random_b,1000000.0,1854
30,23,0,3264,141.08127345108596,True,,0.013888002353496133,ransac,5,False,True,E8|NC1_random_b,1000000.0,1855
30,25,2,3312,80.8726197789854,True,,0.015994995539845323,ransac,4,False,True,E8|NC1_random_b,1000000.0,1856
30,23,1,3280,88.67922778355862,True,,0.009087805473970841,ransac,5,False,True,E8|NC1_random_b,1000000.0,1857
30,25,0,3280,115.54391319536067,True,,0.03430397683309714,ransac,5,False,True,E8|NC1_random_b,1000000.0,1858
30,25,1,3312,22.668695327542967,True,,0.0073983843900697205,ransac,4,False,True,E8|NC1_random_b,1000000.0,1859
30,24,0,3264,59.84026316340959,True,,0.04780790502269183,ransac,5,False,True,E8|NC1_random_b,1000000.0,1860
30,21,2,3264,77.69106001778006,True,,0.050516506307999864,ransac,5,False,True,E8|NC1_random_b,1000000.0,1861
30,22,1,3280,117.50216035161789,True,,0.033811407206316195,ransac,5,False,True,E8|NC1_random_b,1000000.0,1862
30,24,0,3328,88.75424133565842,True,,0.04101043144328344,ransac,5,False,True,E8|NC1_random_b,1000000.0,1863
30,23,1,3312,73.57940009800777,True,,0.014916453395879907,ransac,4,False,True,E8|NC1_random_b,1000000.0,1864
30,19,1,3296,63.7993544703259,True,,0.03739873623630834,ransac,5,False,True,E8|NC1_random_b,1000000.0,1865
30,22,0,3296,121.74726323274557,True,,0.03664139861546633,ransac,4,False,True,E8|NC1_random_b,1000000.0,1866
30,23,3,3264,145.20980019038413,True,,0.05036357074223251,ransac,5,False,True,E8|NC1_random_b,1000000.0,1867
30,23,1,3296,55.12413174906059,True,,0.0052874573966454124,ransac,4,False,True,E8|NC1_random_b,1000000.0,1868
30,24,1,3328,30.149339429427446,True,,0.02294227886211918,ransac,6,False,True,E8|NC1_random_b,1000000.0,1869
30,22,0,3312,104.65861878074982,True,,0.037051516564087714,ransac,6,False,True,E8|NC1_random_b,1000000.0,1870
30,24,1,3264,87.76183005493512,True,,0.04333460570596879,ransac,4,False,True,E8|NC1_random_b,1000000.0,1871
30,21,0,3264,50.9365489453012,True,,0.030067310236757572,ransac,4,False,True,E8|NC1_random_b,1000000.0,1872
30,20,0,3264,58.76827873354175,True,,0.015437981688443205,ransac,3,False,True,E8|NC1_random_b,1000000.0,1873
30,23,0,3312,59.687407202254946,True,,0.033566125229449344,ransac,4,False,True,E8|NC1_random_b,1000000.0,1874
30,22,2,3264,150.54204617588078,True,,0.020486543041905225,ransac,4,False,True,E8|NC1_random_b,1000000.0,1875
30,24,2,3296,89.3419711474902,True,,0.04772710131604577,ransac,4,False,True,E8|NC1_random_b,1000000.0,1876
30,24,2,3248,26.862924012318434,True,,0.02963602517044226,ransac,4,False,True,E8|NC1_random_b,1000000.0,1877
30,23,5,3296,123.98310258432817,True,,0.017343045997683403,ransac,4,False,True,E8|NC1_random_b,1000000.0,1878
30,24,2,3280,76.61790308919407,True,,0.059902276344770876,ransac,5,False,True,E8|NC1_random_b,1000000.0,1879
30,21,2,3264,92.51276884059851,True,,0.03499507657755172,ransac,4,False,True,E8|NC1_random_b,1000000.0,1880
30,23,1,3248,145.75375808063205,True,,0.028755719979614954,ransac,5,False,True,E8|NC1_random_b,1000000.0,1881
30,21,2,3280,40.19435901305582,True,,0.02465571175337067,ransac,5,False,True,E8|NC1_random_b,1000000.0,1882
30,24,0,3280,88.0898992719258,True,,0.029867161653385477,ransac,6,False,True,E8|NC1_random_b,1000000.0,1883
30,23,1,3248,30.105862030334542,True,,0.017747366525782095,ransac,5,False,True,E8|NC1_random_b,1000000.0,1884
30,21,0,3280,67.44798588173273,True,,0.06909620208408956,ransac,4,False,True,E8|NC1_random_b,1000000.0,1885
30,25,2,3280,105.83901155644851,True,,0.024879911062129584,ransac,4,False,True,E8|NC1_random_b,1000000.0,1886
30,22,0,3248,90.78740723364719,True,,0.0453531223516383,ransac,5,False,True,E8|NC1_random_b,1000000.0,1887
30,25,0,3264,45.57240140201119,True,,0.04845198047140744,ransac,5,False,True,E8|NC1_random_b,1000000.0,1888
30,24,0,3232,6.743472461559717,True,,0.05060888195827248,ransac,7,False,True,E8|NC1_random_b,1000000.0,1889
30,20,2,3280,46.657563792128656,True,,0.04632058392225799,ransac,4,False,True,E8|NC1_random_b,1000000.0,1890
30,25,0,3232,102.40992633446365,True,,0.040169400098536714,ransac,5,False,True,E8|NC1_random_b,1000000.0,1891
30,23,0,3328,37.551893108668864,True,,0.02235987146020744,ransac,5,False,True,E8|NC1_random_b,1000000.0,1892
30,24,0,3248,100.30168737726729,True,,0.039581935612134564,ransac,5,False,True,E8|NC1_random_b,1000000.0,1893
30,23,4,3328,107.87712359093592,True,,0.013684465281016552,ransac,5,False,True,E8|NC1_random_b,1000000.0,1894
30,24,1,3296,165.44477457285902,True,,0.05252854979707755,ransac,7,False,True,E8|NC1_random_b,1000000.0,1895
30,23,0,3296,151.89623141329042,True,,0.05121771189482181,ransac,4,False,True,E8|NC1_random_b,1000000.0,1896
30,24,1,3280,121.87335425908486,True,,0.0421509594563752,ransac,5,False,True,E8|NC1_random_b,1000000.0,1897
30,23,1,3296,83.81623929828872,True,,0.022321972911237734,ransac,4,False,True,E8|NC1_random_b,1000000.0,1898
30,25,0,3264,131.17903047189301,True,,0.023407930241302694,ransac,5,False,True,E8|NC1_random_b,1000000.0,1899
30,23,1,3264,134.04369159813757,True,,0.0644766083356178,ransac,6,False,True,E8|NC1_random_b,1000000.0,1900
30,23,0,3296,97.30119880597069,True,,0.034918626466966037,ransac,4,False,True,E8|NC1_random_b,1000000.0,1901
30,23,2,3296,119.0873919986209,True,,0.08166978583165466,ransac,4,False,True,E8|NC1_random_b,1000000.0,1902
30,24,6,3232,5.7588056191033035,True,,0.04036799958931673,ransac,5,False,True,E8|NC1_random_b,1000000.0,1903
30,24,2,3296,82.24609149976709,True,,0.04171844340004174,ransac,4,False,True,E8|NC1_random_b,1000000.0,1904
30,23,0,3328,105.34213956379237,True,,0.046922721000170614,ransac,6,False,True,E8|NC1_random_b,1000000.0,1905
30,22,1,3264,50.33835377232241,True,,0.02780151579302529,ransac,4,False,True,E8|NC1_random_b,1000000.0,1906
30,25,2,3280,31.7864776717667,True,,0.05477767897534048,ransac,6,False,True,E8|NC1_random_b,1000000.0,1907
30,24,1,3248,84.37175275433177,True,,0.029476897554544756,ransac,4,False,True,E8|NC1_random_b,1000000.0,1908
30,24,4,3264,104.70178595111473,True,,0.03350690044454086,ransac,6,False,True,E8|NC1_random_b,1000000.0,1909
30,23,0,3264,63.0268960552208,True,,0.011889848295167897,ransac,4,False,True,E8|NC1_random_b,1000000.0,1910
30,22,1,3280,134.3616360289571,True,,0.02835958038919603,ransac,5,False,True,E8|NC1_random_b,1000000.0,1911
30,23,0,3280,70.5876761078978,True,,0.035468402725283954,ransac,5,False,True,E8|NC1_random_b,1000000.0,1912
30,23,1,3264,22.453683866586694,True,,0.04823635850978856,ransac,6,False,True,E8|NC1_random_b,1000000.0,1913
30,24,2,3280,109.17985919305853,True,,0.03190921463154958,ransac,6,False,True,E8|NC1_random_b,1000000.0,1914
30,23,4,3264,133.91644356435165,True,,0.014401143626677075,ransac,4,False,True,E8|NC1_random_b,1000000.0,1915
30,24,0,3296,131.77362658792393,True,,0.07699895466824187,ransac,4,False,True,E8|NC1_random_b,1000000.0,1916
30,24,1,3280,44.300264246161625,True,,0.02481306040428489,ransac,5,False,True,E8|NC1_random_b,1000000.0,1917
30,23,1,3296,40.63898876115507,True,,0.030884629162151917,ransac,4,False,True,E8|NC1_random_b,1000000.0,1918
30,23,3,3248,65.28198056575862,True,,0.04543277071539154,ransac,5,False,True,E8|NC1_random_b,1000000.0,1919
30,23,0,3280,100.7923602883611,True,,0.023154884634849906,ransac,4,False,True,E8|NC1_random_b,1000000.0,1920
30,22,2,3296,67.59891939827371,True,,0.03395884998888873,ransac,5,False,True,E8|NC1_random_b,1000000.0,1921
30,23,1,3280,36.89485783141188,True,,0.029313864797294104,ransac,5,False,True,E8|NC1_random_b,1000000.0,1922
30,25,0,3248,83.24674173287436,True,,0.06201659761627234,ransac,6,False,True,E8|NC1_random_b,1000000.0,1923
30,19,1,3296,154.56971343007112,True,,0.0240697875270176,ransac,5,False,True,E8|NC1_random_b,1000000.0,1924
30,22,2,3312,133.58438665565595,True,,0.04332479596438413,ransac,6,False,True,E8|NC1_random_b,1000000.0,1925
30,24,1,3312,64.36196546323863,True,,0.038570110357834905,ransac,4,False,True,E8|NC1_random_b,1000000.0,1926
30,22,0,3264,73.5392664009594,True,,0.03562867373565342,ransac,5,False,True,E8|NC1_random_b,1000000.0,1927
30,24,0,3232,136.66037743281927,True,,0.04382375631430409,ransac,6,False,True,E8|NC1_random_b,1000000.0,1928
30,21,2,3264,125.96807855820687,True,,0.04575238423144966,ransac,4,False,True,E8|NC1_random_b,1000000.0,1929
30,24,1,3328,61.00722139355186,True,,0.030358556187182282,ransac,4,False,True,E8|NC1_random_b,1000000.0,1930
30,22,1,3312,144.41800412949465,True,,0.04583782240964632,ransac,6,False,True,E8|NC1_random_b,1000000.0,1931
30,24,0,3264,91.67772725606432,True,,0.03194849251553405,ransac,6,False,True,E8|NC1_random_b,1000000.0,1932
30,23,1,3312,94.29190629938702,True,,0.036646481227461496,ransac,6,False,True,E8|NC1_random_b,1000000.0,1933
30,24,1,3280,84.19966005447588,True,,0.03208004817765109,ransac,4,False,True,E8|NC1_random_b,1000000.0,1934
30,25,0,3280,124.41982304355516,True,,0.033604593408306106,ransac,5,False,True,E8|NC1_random_b,1000000.0,1935
30,23,1,3312,135.33696903199854,True,,0.03369909967602525,ransac,5,False,True,E8|NC1_random_b,1000000.0,1936
30,25,0,3264,114.09457848266892,True,,0.02428020735272356,ransac,5,False,True,E8|NC1_random_b,1000000.0,1937
30,22,3,3312,24.61437860749327,True,,0.03625834771129608,ransac,5,False,True,E8|NC1_random_b,1000000.0,1938
30,23,1,3296,65.35546619701225,True,,0.031555292791089665,ransac,5,False,True,E8|NC1_random_b,1000000.0,1939
30,24,0,3280,101.76631850448132,True,,0.03517983101569476,ransac,4,False,True,E8|NC1_random_b,1000000.0,1940
30,25,2,3264,108.06998410775644,True,,0.03279813839670171,ransac,4,False,True,E8|NC1_random_b,1000000.0,1941
30,24,2,3280,44.445697613191136,True,,0.038482198795457064,ransac,5,False,True,E8|NC1_random_b,1000000.0,1942
30,22,2,3280,40.1729981347574,True,,0.03996309886843527,ransac,4,False,True,E8|NC1_random_b,1000000.0,1943
30,24,1,3296,84.63061906804343,True,,0.033491462432377155,ransac,4,False,True,E8|NC1_random_b,1000000.0,1944
30,24,1,3264,47.246155320836394,True,,0.04883641482379411,ransac,5,False,True,E8|NC1_random_b,1000000.0,1945
30,24,0,3296,104.16596805210328,True,,0.037535010312824565,ransac,4,False,True,E8|NC1_random_b,1000000.0,1946
30,23,2,3264,70.48917158568035,True,,0.005426152766782178,ransac,4,False,True,E8|NC1_random_b,1000000.0,1947
30,24,1,3264,136.64199665102805,True,,0.019915664616189866,ransac,5,False,True,E8|NC1_random_b,1000000.0,1948
30,25,1,3296,87.09324562859639,True,,0.024575294481342498,ransac,4,False,True,E8|NC1_random_b,1000000.0,1949
30,25,1,3312,140.12743583971763,True,,0.02734764700109286,ransac,5,False,True,E8|NC1_random_b,1000000.0,1950
30,24,0,3296,118.5830550536156,True,,0.02941677191033657,ransac,5,False,True,E8|NC1_random_b,1000000.0,1951
30,24,1,3280,157.8410197049908,True,,0.045645478721398236,ransac,4,False,True,E8|NC1_random_b,1000000.0,1952
30,22,0,3248,44.72407027410506,True,,0.04480497950018904,ransac,4,False,True,E8|NC1_random_b,1000000.0,1953
30,24,1,3296,57.18275052630707,True,,0.042996021751452576,ransac,4,False,True,E8|NC1_random_b,1000000.0,1954
30,22,1,3296,156.5639194052436,True,,0.01915649341598707,ransac,5,False,True,E8|NC1_random_b,1000000.0,1955
30,23,2,3280,45.87522601376248,True,,0.03330658715491682,ransac,5,False,True,E8|NC1_random_b,1000000.0,1956
30,25,2,3312,99.27019611019104,True,,0.04816526259330813,ransac,6,False,True,E8|NC1_random_b,1000000.0,1957
30,23,2,3248,80.15873971217898,True,,0.057637238004527434,ransac,5,False,True,E8|NC1_random_b,1000000.0,1958
30,21,3,3280,13.075913786814391,True,,0.03761789786029651,ransac,4,False,True,E8|NC1_random_b,1000000.0,1959
30,23,2,3312,129.54813041871319,True,,0.02379751510155319,ransac,5,False,True,E8|NC1_random_b,1000000.0,1960
30,23,2,3264,97.7465853235976,True,,0.01682495622900763,ransac,4,False,True,E8|NC1_random_b,1000000.0,1961
30,24,0,3264,169.67088330561654,True,,0.06590944412699289,ransac,5,False,True,E8|NC1_random_b,1000000.0,1962
30,23,2,3264,118.26155365126921,True,,0.02352752379355497,ransac,6,False,True,E8|NC1_random_b,1000000.0,1963
30,23,2,3248,104.50889335698373,True,,0.03133357601287317,ransac,4,False,True,E8|NC1_random_b,1000000.0,1964
30,24,1,3312,69.73455348948347,True,,0.017555432175410633,ransac,5,False,True,E8|NC1_random_b,1000000.0,1965
30,21,2,3296,81.58767472183294,True,,0.033603721177663956,ransac,4,False,True,E8|NC1_random_b,1000000.0,1966
30,24,0,3248,130.5562008732041,True,,0.03165483335902618,ransac,4,False,True,E8|NC1_random_b,1000000.0,1967
30,22,0,3248,89.02239624495357,True,,0.025359368843784716,ransac,4,False,True,E8|NC1_random_b,1000000.0,1968
30,22,2,3280,101.14619079944552,True,,0.008289337113651915,ransac,5,False,True,E8|NC1_random_b,1000000.0,1969
30,25,1,3296,69.71953741015933,True,,0.058705094537684306,ransac,5,False,True,E8|NC1_random_b,1000000.0,1970
30,24,4,3296,51.607795598073416,True,,0.060781905840568744,ransac,5,False,True,E8|NC1_random_b,1000000.0,1971
30,25,1,3264,144.0533824501803,True,,0.02418043215390877,ransac,4,False,True,E8|NC1_random_b,1000000.0,1972
30,22,1,3296,138.75863110252118,True,,0.019005072334122762,ransac,4,False,True,E8|NC1_random_b,1000000.0,1973
30,23,0,3296,93.52336233964883,True,,0.12164243293940828,ransac,4,False,True,E8|NC1_random_b,1000000.0,1974
30,23,1,3264,136.07715271247088,True,,0.02575691491410818,ransac,4,False,True,E8|NC1_random_b,1000000.0,1975
30,25,1,3296,54.826137357652485,True,,0.04509205854986766,ransac,4,False,True,E8|NC1_random_b,1000000.0,1976
30,24,1,3248,165.43520772693765,True,,0.012893790968605691,ransac,4,False,True,E8|NC1_random_b,1000000.0,1977
30,21,1,3280,110.0055475665691,True,,0.030276260298775868,ransac,4,False,True,E8|NC1_random_b,1000000.0,1978
30,23,1,3328,62.937943281763516,True,,0.020758985524494077,ransac,5,False,True,E8|NC1_random_b,1000000.0,1979
30,25,1,3280,137.17131358737342,True,,0.03299127641081069,ransac,4,False,True,E8|NC1_random_b,1000000.0,1980
30,26,1,3296,9.016001292320954,True,,0.0381799362007532,ransac,5,False,True,E8|NC1_random_b,1000000.0,1981
30,18,0,3280,123.00716815446141,True,,0.005666281624089833,ransac,3,False,True,E8|NC1_random_b,1000000.0,1982
30,23,4,3328,73.78018253984915,True,,0.02415707740456543,ransac,4,False,True,E8|NC1_random_b,1000000.0,1983
30,22,1,3312,32.045330997004314,True,,0.041806219651178346,ransac,7,False,True,E8|NC1_random_b,1000000.0,1984
30,24,1,3280,150.12739060797762,True,,0.015263684332399113,ransac,4,False,True,E8|NC1_random_b,1000000.0,1985
30,24,1,3232,16.922878760605784,True,,0.005377582763480531,ransac,4,False,True,E8|NC1_random_b,1000000.0,1986
30,24,3,3248,82.93091070598875,True,,0.02877767538338338,ransac,5,False,True,E8|NC1_random_b,1000000.0,1987
30,25,0,3264,168.25616244016265,True,,0.0356165415450092,ransac,5,False,True,E8|NC1_random_b,1000000.0,1988
30,25,3,3296,125.85367982115909,True,,0.030091855404820803,ransac,4,False,True,E8|NC1_random_b,1000000.0,1989
30,23,2,3248,72.60286958926643,True,,0.031305628041603334,ransac,6,False,True,E8|NC1_random_b,1000000.0,1990
30,23,1,3280,48.67697405212354,True,,0.03233283214510509,ransac,5,False,True,E8|NC1_random_b,1000000.0,1991
30,24,1,3312,74.61780624441833,True,,0.019481226580247982,ransac,4,False,True,E8|NC1_random_b,1000000.0,1992
30,25,3,3248,139.56172596339968,True,,0.011415325521443443,ransac,4,False,True,E8|NC1_random_b,1000000.0,1993
30,24,0,3280,90.61668140398733,True,,0.03507083922225761,ransac,5,False,True,E8|NC1_random_b,1000000.0,1994
30,23,1,3296,114.12426403718142,True,,0.035349511795946316,ransac,4,False,True,E8|NC1_random_b,1000000.0,1995
30,23,0,3264,111.73426282070211,True,,0.013335590837213872,ransac,5,False,True,E8|NC1_random_b,1000000.0,1996
30,23,2,3264,108.23880654554576,True,,0.03529594948796291,ransac,6,False,True,E8|NC1_random_b,1000000.0,1997
30,22,1,3248,150.34715804510725,True,,0.02950944196873401,ransac,5,False,True,E8|NC1_random_b,1000000.0,1998
30,22,2,3296,81.45491917598123,True,,0.03588349877038487,ransac,5,False,True,E8|NC1_random_b,1000000.0,1999
30,23,23,3264,23.059125530664485,True,,0.034061806404342455,ransac,5,False,True,E8|NC2_full_mismatch,1000000.0,0
30,24,24,3280,111.4471927522704,True,,0.02560584617914381,ransac,4,False,True,E8|NC2_full_mismatch,1000000.0,1
30,23,23,3328,57.065373947450006,True,,0.030242739214136834,ransac,6,False,True,E8|NC2_full_mismatch,1000000.0,2
30,23,23,3248,106.57928981116564,True,,0.03475784040979982,ransac,5,False,True,E8|NC2_full_mismatch,1000000.0,3
30,24,24,3248,115.66436413232269,True,,0.038859405725644544,ransac,4,False,True,E8|NC2_full_mismatch,1000000.0,4
30,25,25,3312,87.64136450933893,True,,0.042741078497446704,ransac,5,False,True,E8|NC2_full_mismatch,1000000.0,5
30,22,22,3248,96.24580270718596,True,,0.022598428532523585,ransac,4,False,True,E8|NC2_full_mismatch,1000000.0,6
30,23,23,3264,106.77371350091228,True,,0.047124481918856174,ransac,6,False,True,E8|NC2_full_mismatch,1000000.0,7
30,24,24,3280,97.70456648170752,True,,0.010462934594805543,ransac,5,False,True,E8|NC2_full_mismatch,1000000.0,8
30,25,25,3280,71.04207245377148,True,,0.036317182766808925,ransac,5,False,True,E8|NC2_full_mismatch,1000000.0,9
30,23,23,3296,100.43913145386355,True,,0.036100834703006714,ransac,5,False,True,E8|NC2_full_mismatch,1000000.0,10
30,22,22,3232,89.67621690948101,True,,0.040058134688496075,ransac,4,False,True,E8|NC2_full_mismatch,1000000.0,11
30,25,25,3312,82.38240754924648,True,,0.027776913840217375,ransac,4,False,True,E8|NC2_full_mismatch,1000000.0,12
30,23,23,3248,39.617158544652675,True,,0.04662525790401878,ransac,5,False,True,E8|NC2_full_mismatch,1000000.0,13
30,22,22,3296,90.05747967102542,True,,0.0238750877122837,ransac,4,False,True,E8|NC2_full_mismatch,1000000.0,14
30,24,24,3264,130.60358514742418,True,,0.032654554521481804,ransac,6,False,True,E8|NC2_full_mismatch,1000000.0,15
30,23,23,3280,96.10304503019293,True,,0.04357132067219619,ransac,6,False,True,E8|NC2_full_mismatch,1000000.0,16
30,22,22,3280,137.86488561979422,True,,0.03096567814315672,ransac,5,False,True,E8|NC2_full_mismatch,1000000.0,17
30,24,24,3264,107.40418235960558,True,,0.027580886958754526,ransac,5,False,True,E8|NC2_full_mismatch,1000000.0,18
30,24,24,3328,68.99174343814714,True,,0.011356463412114682,ransac,4,False,True,E8|NC2_full_mismatch,1000000.0,19
30,24,24,3232,68.3548819861779,True,,0.025257387960557612,ransac,5,False,True,E8|NC2_full_mismatch,1000000.0,20
30,22,22,3280,103.66287112295373,True,,0.03464708148695788,ransac,4,False,True,E8|NC2_full_mismatch,1000000.0,21
30,24,24,3312,87.48107579869155,True,,0.04240927360453756,ransac,6,False,True,E8|NC2_full_mismatch,1000000.0,22
30,21,21,3280,21.975905110742605,True,,0.03548943924967074,ransac,6,False,True,E8|NC2_full_mismatch,1000000.0,23
30,23,23,3264,60.4955462073085,True,,0.04065219409997189,ransac,4,False,True,E8|NC2_full_mismatch,1000000.0,24
30,24,24,3296,102.99313675594729,True,,0.01719244941091632,ransac,5,False,True,E8|NC2_full_mismatch,1000000.0,25
30,20,20,3280,31.474788036953054,True,,0.034864596786305574,ransac,5,False,True,E8|NC2_full_mismatch,1000000.0,26
30,22,22,3296,26.87009789656582,True,,0.020818249275918865,ransac,4,False,True,E8|NC2_full_mismatch,1000000.0,27
30,24,24,3296,101.91052417054698,True,,0.02552025268780957,ransac,5,False,True,E8|NC2_full_mismatch,1000000.0,28
30,20,20,3280,93.99339462068264,True,,0.05610330409802291,ransac,4,False,True,E8|NC2_full_mismatch,1000000.0,29
30,24,24,3280,130.54860185845868,True,,0.030619573239611363,ransac,4,False,True,E8|NC2_full_mismatch,1000000.0,30
30,25,25,3296,123.56600598989831,True,,0.029726845155426184,ransac,5,False,True,E8|NC2_full_mismatch,1000000.0,31
30,24,24,3296,7.107434716286004,True,,0.042057658525482246,ransac,6,False,True,E8|NC2_full_mismatch,1000000.0,32
30,22,22,3264,149.31907476610942,True,,0.03475008227172407,ransac,5,False,True,E8|NC2_full_mismatch,1000000.0,33
30,23,23,3264,15.369561032854945,True,,0.035550918268432784,ransac,5,False,True,E8|NC2_full_mismatch,1000000.0,34
30,23,23,3296,72.2094161931176,True,,0.03914191941415695,ransac,5,False,True,E8|NC2_full_mismatch,1000000.0,35
30,23,23,3248,145.04156061626713,True,,0.024410406032042017,ransac,5,False,True,E8|NC2_full_mismatch,1000000.0,36
30,25,25,3296,81.24904086868088,True,,0.041854315512407585,ransac,4,False,True,E8|NC2_full_mismatch,1000000.0,37
30,24,24,3296,94.57250562623095,True,,0.024607312674563415,ransac,5,False,True,E8|NC2_full_mismatch,1000000.0,38
30,23,23,3264,164.95707159839822,True,,0.041283904505650774,ransac,5,False,True,E8|NC2_full_mismatch,1000000.0,39
30,24,24,3312,78.21711124660538,True,,0.03363559415719713,ransac,5,False,True,E8|NC2_full_mismatch,1000000.0,40
30,23,23,3280,123.22056678507178,True,,0.015576518635829973,ransac,6,False,True,E8|NC2_full_mismatch,1000000.0,41
30,24,24,3264,60.09250493391183,True,,0.01721659631708965,ransac,5,False,True,E8|NC2_full_mismatch,1000000.0,42
30,24,24,3312,145.6101977755389,True,,0.03248134667965435,ransac,6,False,True,E8|NC2_full_mismatch,1000000.0,43
30,23,23,3312,145.54202325389073,True,,0.05282954995715365,ransac,5,False,True,E8|NC2_full_mismatch,1000000.0,44
30,22,22,3296,80.87266628019361,True,,0.02430407615630651,ransac,4,False,True,E8|NC2_full_mismatch,1000000.0,45
30,23,23,3248,66.9929733757981,True,,0.03732439026215,ransac,4,False,True,E8|NC2_full_mismatch,1000000.0,46
30,24,24,3216,74.82266392716349,True,,0.036936921756678384,ransac,5,False,True,E8|NC2_full_mismatch,1000000.0,47
30,22,22,3264,101.69191442152614,True,,0.03327344230433862,ransac,6,False,True,E8|NC2_full_mismatch,1000000.0,48
30,23,23,3296,93.5881395717753,True,,0.029463569087596092,ransac,5,False,True,E8|NC2_full_mismatch,1000000.0,49
30,24,24,3296,166.1873922856606,True,,0.04485885732601826,ransac,7,False,True,E8|NC2_full_mismatch,1000000.0,50
30,25,25,3248,81.94605628172022,True,,0.044235127284043226,ransac,5,False,True,E8|NC2_full_mismatch,1000000.0,51
30,24,24,3232,1.4261904802782108,True,,0.01778917198472388,ransac,5,False,True,E8|NC2_full_mismatch,1000000.0,52
30,22,22,3264,83.51532545409066,True,,0.03520883339914916,ransac,5,False,True,E8|NC2_full_mismatch,1000000.0,53
30,22,22,3264,167.67675158160762,True,,0.05570346139746538,ransac,6,False,True,E8|NC2_full_mismatch,1000000.0,54
30,24,24,3264,78.36376098347195,True,,0.03037111245726542,ransac,5,False,True,E8|NC2_full_mismatch,1000000.0,55
30,24,24,3232,73.72915490454628,True,,0.025707910790175967,ransac,5,False,True,E8|NC2_full_mismatch,1000000.0,56
30,24,24,3264,131.31819676412252,True,,0.03531785768501773,ransac,4,False,True,E8|NC2_full_mismatch,1000000.0,57
30,22,22,3280,15.450664408593731,True,,0.05044266201133299,ransac,7,False,True,E8|NC2_full_mismatch,1000000.0,58
30,24,24,3312,122.49574169523507,True,,0.026707801787854868,ransac,5,False,True,E8|NC2_full_mismatch,1000000.0,59
30,25,25,3296,160.19186308680577,True,,0.023413102560454726,ransac,6,False,True,E8|NC2_full_mismatch,1000000.0,60
30,22,22,3280,100.7047350767081,True,,0.05563760740616573,ransac,4,False,True,E8|NC2_full_mismatch,1000000.0,61
30,25,25,3312,136.58608498140768,True,,0.008187087119814395,ransac,5,False,True,E8|NC2_full_mismatch,1000000.0,62
30,22,22,3280,49.58147924498299,True,,0.030778873558625998,ransac,5,False,True,E8|NC2_full_mismatch,1000000.0,63
30,24,24,3296,36.62777467633707,True,,0.050296626661374196,ransac,5,False,True,E8|NC2_full_mismatch,1000000.0,64
30,20,20,3280,45.54087140272035,True,,0.03837826492469529,ransac,6,False,True,E8|NC2_full_mismatch,1000000.0,65
30,24,24,3280,65.09170548177522,True,,0.025811316968081144,ransac,5,False,True,E8|NC2_full_mismatch,1000000.0,66
30,21,21,3296,121.31551738878342,True,,0.03603920066234647,ransac,4,False,True,E8|NC2_full_mismatch,1000000.0,67
30,25,25,3264,140.6518113022498,True,,0.025857242643168056,ransac,5,False,True,E8|NC2_full_mismatch,1000000.0,68
30,23,23,3312,18.16658103630021,True,,0.030985423851774753,ransac,5,False,True,E8|NC2_full_mismatch,1000000.0,69
30,25,25,3264,31.206042548266456,True,,0.04455148787905655,ransac,5,False,True,E8|NC2_full_mismatch,1000000.0,70
30,23,23,3280,87.85219507201508,True,,0.013822764009620868,ransac,4,False,True,E8|NC2_full_mismatch,1000000.0,71
30,24,24,3296,97.03693221043511,True,,0.026862023752101713,ransac,4,False,True,E8|NC2_full_mismatch,1000000.0,72
30,24,24,3248,118.27411899786422,True,,0.03833714150795179,ransac,5,False,True,E8|NC2_full_mismatch,1000000.0,73
30,21,21,3312,53.640190133978216,True,,0.050777587553110494,ransac,7,False,True,E8|NC2_full_mismatch,1000000.0,74
30,22,22,3296,100.0645103169118,True,,0.02592325851836705,ransac,5,False,True,E8|NC2_full_mismatch,1000000.0,75
30,22,22,3296,119.29079123558081,True,,0.04130529788143331,ransac,7,False,True,E8|NC2_full_mismatch,1000000.0,76
30,22,22,3280,37.00269746477102,True,,0.036658666237118054,ransac,4,False,True,E8|NC2_full_mismatch,1000000.0,77
30,21,21,3280,12.186881181583388,True,,0.01828463014689516,ransac,3,False,True,E8|NC2_full_mismatch,1000000.0,78
30,24,24,3264,97.97078442363889,True,,0.008362411740832644,ransac,5,False,True,E8|NC2_full_mismatch,1000000.0,79
30,21,21,3280,104.91903275960978,True,,0.028843796748814925,ransac,5,False,True,E8|NC2_full_mismatch,1000000.0,80
30,24,24,3296,105.41048818378248,True,,0.05439730087271632,ransac,4,False,True,E8|NC2_full_mismatch,1000000.0,81
30,22,22,3280,122.46143217812131,True,,0.040978949214194864,ransac,5,False,True,E8|NC2_full_mismatch,1000000.0,82
30,23,23,3216,115.67220789569942,True,,0.03545346112638623,ransac,5,False,True,E8|NC2_full_mismatch,1000000.0,83
30,26,26,3280,133.3885552741209,True,,0.03461191861955353,ransac,5,False,True,E8|NC2_full_mismatch,1000000.0,84
30,24,24,3280,132.0450733529382,True,,0.11054018605618358,ransac,4,False,True,E8|NC2_full_mismatch,1000000.0,85
30,23,23,3296,69.4521138076756,True,,0.02981335031198569,ransac,5,False,True,E8|NC2_full_mismatch,1000000.0,86
30,22,22,3312,97.05786090169497,True,,0.023281165659299236,ransac,4,False,True,E8|NC2_full_mismatch,1000000.0,87
30,22,22,3296,80.1279486862768,True,,0.013485645256622835,ransac,4,False,True,E8|NC2_full_mismatch,1000000.0,88
30,23,23,3248,130.31187374370208,True,,0.019264266556640392,ransac,6,False,True,E8|NC2_full_mismatch,1000000.0,89
30,23,23,3248,57.88093805660495,True,,0.05033873260158436,ransac,5,False,True,E8|NC2_full_mismatch,1000000.0,90
30,23,23,3248,32.35808722778618,True,,0.030667986757088407,ransac,5,False,True,E8|NC2_full_mismatch,1000000.0,91
30,26,26,3296,115.70924643678558,True,,0.05920047664233231,ransac,4,False,True,E8|NC2_full_mismatch,1000000.0,92
30,25,25,3232,44.74949480408555,True,,0.02984942091887936,ransac,4,False,True,E8|NC2_full_mismatch,1000000.0,93
30,21,21,3312,74.23215900335215,True,,0.0344570819602119,ransac,5,False,True,E8|NC2_full_mismatch,1000000.0,94
30,23,23,3296,113.72450991000275,True,,0.012935098393865776,ransac,4,False,True,E8|NC2_full_mismatch,1000000.0,95
30,23,23,3312,54.43560141402742,True,,0.030573715197335812,ransac,4,False,True,E8|NC2_full_mismatch,1000000.0,96
30,22,22,3280,122.29086729184476,True,,0.022671138051618175,ransac,5,False,True,E8|NC2_full_mismatch,1000000.0,97
30,23,23,3280,99.41513551660306,True,,0.010111341262601492,ransac,4,False,True,E8|NC2_full_mismatch,1000000.0,98
30,23,23,3264,107.8114378594019,True,,0.03149787166374043,ransac,5,False,True,E8|NC2_full_mismatch,1000000.0,99
30,23,23,3312,31.22991465623474,True,,0.016211866555396314,ransac,5,False,True,E8|NC2_full_mismatch,1000000.0,100
30,22,22,3248,71.78583014905712,True,,0.03346966323358142,ransac,4,False,True,E8|NC2_full_mismatch,1000000.0,101
30,24,24,3264,80.02307576311352,True,,0.05646597306130603,ransac,6,False,True,E8|NC2_full_mismatch,1000000.0,102
30,22,22,3264,100.82876474797416,True,,0.031103083255684682,ransac,5,False,True,E8|NC2_full_mismatch,1000000.0,103
30,24,24,3312,81.44052771656385,True,,0.03862876817899088,ransac,5,False,True,E8|NC2_full_mismatch,1000000.0,104
30,25,25,3312,26.540777186536488,True,,0.030765967237667592,ransac,6,False,True,E8|NC2_full_mismatch,1000000.0,105
30,24,24,3248,101.42745907589477,True,,0.056769498488053585,ransac,4,False,True,E8|NC2_full_mismatch,1000000.0,106
30,22,22,3280,3.1478763773250096,True,,0.02604609187014527,ransac,5,False,True,E8|NC2_full_mismatch,1000000.0,107
30,24,24,3264,53.734200352422384,True,,0.03392521617795379,ransac,4,False,True,E8|NC2_full_mismatch,1000000.0,108
30,23,23,3312,63.59805794887306,True,,0.0059447572000844015,ransac,5,False,True,E8|NC2_full_mismatch,1000000.0,109
30,23,23,3280,15.748078985067998,True,,0.02705723651933168,ransac,5,False,True,E8|NC2_full_mismatch,1000000.0,110
30,20,20,3296,141.10906774731433,True,,0.021324958499395124,ransac,4,False,True,E8|NC2_full_mismatch,1000000.0,111
30,21,21,3264,29.02173216702658,True,,0.015209551593403642,ransac,4,False,True,E8|NC2_full_mismatch,1000000.0,112
30,23,23,3248,44.01101806058194,True,,0.04446910745545919,ransac,5,False,True,E8|NC2_full_mismatch,1000000.0,113
30,25,25,3264,103.97401863161434,True,,0.03005763937812524,ransac,4,False,True,E8|NC2_full_mismatch,1000000.0,114
30,22,22,3248,55.53079413560592,True,,0.03798062186749948,ransac,6,False,True,E8|NC2_full_mismatch,1000000.0,115
30,22,22,3280,128.61978916052553,True,,0.04823671035261606,ransac,7,False,True,E8|NC2_full_mismatch,1000000.0,116
30,24,24,3296,110.48940462255992,True,,0.13660180879591616,ransac,4,False,True,E8|NC2_full_mismatch,1000000.0,117
30,23,23,3280,82.8932558663998,True,,0.032244271752468655,ransac,5,False,True,E8|NC2_full_mismatch,1000000.0,118
30,24,24,3232,62.76975919910222,True,,0.03870966395265802,ransac,5,False,True,E8|NC2_full_mismatch,1000000.0,119
30,25,25,3296,127.20434059291179,True,,0.03082424575373607,ransac,4,False,True,E8|NC2_full_mismatch,1000000.0,120
30,23,23,3296,123.4721233297799,True,,0.018756801482540268,ransac,5,False,True,E8|NC2_full_mismatch,1000000.0,121
30,25,25,3232,93.17491968179048,True,,0.04623869152472858,ransac,5,False,True,E8|NC2_full_mismatch,1000000.0,122
30,21,21,3296,85.67451174102071,True,,0.037940606247705774,ransac,5,False,True,E8|NC2_full_mismatch,1000000.0,123
30,24,24,3264,116.82674034873295,True,,0.03130094822007961,ransac,5,False,True,E8|NC2_full_mismatch,1000000.0,124
30,20,20,3264,147.41895236389968,True,,0.07043576142507203,ransac,3,False,True,E8|NC2_full_mismatch,1000000.0,125
30,23,23,3296,68.25653006311497,True,,0.06624735323052046,ransac,5,False,True,E8|NC2_full_mismatch,1000000.0,126
30,22,22,3280,85.42607715591839,True,,0.027966033069033214,ransac,5,False,True,E8|NC2_full_mismatch,1000000.0,127
30,20,20,3280,56.926514075600004,True,,0.022017323581168285,ransac,4,False,True,E8|NC2_full_mismatch,1000000.0,128
30,25,25,3312,77.52757583686689,True,,0.04971871351479516,ransac,6,False,True,E8|NC2_full_mismatch,1000000.0,129
30,24,24,3264,18.434826576903074,True,,0.05797848120526394,ransac,4,False,True,E8|NC2_full_mismatch,1000000.0,130
30,25,25,3296,99.5522749362622,True,,0.050841410124297465,ransac,5,False,True,E8|NC2_full_mismatch,1000000.0,131
30,24,24,3232,43.86708030915486,True,,0.0161527814585457,ransac,4,False,True,E8|NC2_full_mismatch,1000000.0,132
30,24,24,3312,119.25147573220882,True,,0.04009435423669418,ransac,5,False,True,E8|NC2_full_mismatch,1000000.0,133
30,24,24,3232,128.38478632991004,True,,0.018759417016763993,ransac,5,False,True,E8|NC2_full_mismatch,1000000.0,134
30,19,19,3264,77.3526737739705,True,,0.04795579254167979,ransac,5,False,True,E8|NC2_full_mismatch,1000000.0,135
30,22,22,3280,92.94056131498684,True,,0.014394253035040182,ransac,4,False,True,E8|NC2_full_mismatch,1000000.0,136
30,25,25,3264,87.2976104861216,True,,0.007800926070201581,ransac,4,False,True,E8|NC2_full_mismatch,1000000.0,137
30,24,24,3248,131.59717196524088,True,,0.006918763917530712,ransac,4,False,True,E8|NC2_full_mismatch,1000000.0,138
30,23,23,3312,124.60871513053029,True,,0.02384400729711154,ransac,5,False,True,E8|NC2_full_mismatch,1000000.0,139
30,23,23,3216,28.00383464641845,True,,0.0344488175036763,ransac,4,False,True,E8|NC2_full_mismatch,1000000.0,140
30,23,23,3280,95.44394663246452,True,,0.04333723482764228,ransac,5,False,True,E8|NC2_full_mismatch,1000000.0,141
30,22,22,3312,123.60400600160723,True,,0.03359916101382306,ransac,4,False,True,E8|NC2_full_mismatch,1000000.0,142
30,24,24,3264,121.67957695612628,True,,0.02064482595107103,ransac,5,False,True,E8|NC2_full_mismatch,1000000.0,143
30,23,23,3248,71.08713148949262,True,,0.048694182027906305,ransac,6,False,True,E8|NC2_full_mismatch,1000000.0,144
30,24,24,3248,139.97896472889215,True,,0.02889361810487373,ransac,6,False,True,E8|NC2_full_mismatch,1000000.0,145
30,24,24,3264,33.151755129645366,True,,0.020278963489198273,ransac,4,False,True,E8|NC2_full_mismatch,1000000.0,146
30,23,23,3280,91.02566100144391,True,,0.030119719818416917,ransac,4,False,True,E8|NC2_full_mismatch,1000000.0,147
30,24,24,3296,48.539327190647064,True,,0.04491819027754755,ransac,4,False,True,E8|NC2_full_mismatch,1000000.0,148
30,23,23,3296,122.72545057976731,True,,0.029643046777877314,ransac,4,False,True,E8|NC2_full_mismatch,1000000.0,149
30,23,23,3312,13.718839684236876,True,,0.009703677140694129,ransac,4,False,True,E8|NC2_full_mismatch,1000000.0,150
30,24,24,3312,42.558831953378174,True,,0.013789409791103187,ransac,5,False,True,E8|NC2_full_mismatch,1000000.0,151
30,24,24,3296,82.42150064700806,True,,0.02103520818353643,ransac,5,False,True,E8|NC2_full_mismatch,1000000.0,152
30,20,20,3312,1.2257497027611073,True,,0.008300989041320574,ransac,4,False,True,E8|NC2_full_mismatch,1000000.0,153
30,25,25,3312,79.8259982585769,True,,0.04504425330304749,ransac,5,False,True,E8|NC2_full_mismatch,1000000.0,154
30,22,22,3296,127.79099855866676,True,,0.012877259207681454,ransac,4,False,True,E8|NC2_full_mismatch,1000000.0,155
30,23,23,3280,40.416576962948426,True,,0.0205090147676786,ransac,4,False,True,E8|NC2_full_mismatch,1000000.0,156
30,23,23,3296,84.81217167184751,True,,0.024211552921992816,ransac,5,False,True,E8|NC2_full_mismatch,1000000.0,157
30,23,23,3264,61.44702259625609,True,,0.03380610400127701,ransac,5,False,True,E8|NC2_full_mismatch,1000000.0,158
30,23,23,3264,172.68668485144403,True,,0.03047719057753205,ransac,5,False,True,E8|NC2_full_mismatch,1000000.0,159
30,21,21,3280,97.00053333965506,True,,0.01609723181111011,ransac,5,False,True,E8|NC2_full_mismatch,1000000.0,160
30,22,22,3280,74.8077807595685,True,,0.013795516069236024,ransac,5,False,True,E8|NC2_full_mismatch,1000000.0,161
30,22,22,3280,86.76930239635809,True,,0.03147988637158013,ransac,5,False,True,E8|NC2_full_mismatch,1000000.0,162
30,24,24,3280,52.35055936184026,True,,0.019736642007606508,ransac,4,False,True,E8|NC2_full_mismatch,1000000.0,163
30,19,19,3280,117.11991379867436,True,,0.020323567675235875,ransac,5,False,True,E8|NC2_full_mismatch,1000000.0,164
30,23,23,3216,128.32006958154193,True,,0.053549729842046624,ransac,4,False,True,E8|NC2_full_mismatch,1000000.0,165
30,24,24,3280,108.78711728013053,True,,0.02178879949198696,ransac,6,False,True,E8|NC2_full_mismatch,1000000.0,166
30,26,26,3296,85.70274700872604,True,,0.028227279436979225,ransac,5,False,True,E8|NC2_full_mismatch,1000000.0,167
30,25,25,3312,129.37654133442214,True,,0.04214139919718673,ransac,5,False,True,E8|NC2_full_mismatch,1000000.0,168
30,23,23,3248,111.20053232363487,True,,0.024611478166429893,ransac,5,False,True,E8|NC2_full_mismatch,1000000.0,169
30,22,22,3216,122.81308367585575,True,,0.01083981734709247,ransac,5,False,True,E8|NC2_full_mismatch,1000000.0,170
30,22,22,3296,98.67787748939776,True,,0.02295565874274226,ransac,4,False,True,E8|NC2_full_mismatch,1000000.0,171
30,22,22,3264,18.704753114118034,True,,0.041688340902228234,ransac,5,False,True,E8|NC2_full_mismatch,1000000.0,172
30,24,24,3248,26.436229064609208,True,,0.014968448702542148,ransac,4,False,True,E8|NC2_full_mismatch,1000000.0,173
30,24,24,3312,40.46938928809103,True,,0.04308545913754821,ransac,5,False,True,E8|NC2_full_mismatch,1000000.0,174
30,22,22,3328,146.6983520756405,True,,0.014721092793217927,ransac,4,False,True,E8|NC2_full_mismatch,1000000.0,175
30,24,24,3312,17.969285040221628,True,,0.028691221991234243,ransac,6,False,True,E8|NC2_full_mismatch,1000000.0,176
30,22,22,3264,65.34489612179422,True,,0.040252710973747385,ransac,5,False,True,E8|NC2_full_mismatch,1000000.0,177
30,24,24,3264,36.7039906731771,True,,0.03433083112876473,ransac,5,False,True,E8|NC2_full_mismatch,1000000.0,178
30,24,24,3296,116.85084091103663,True,,0.03560293925898048,ransac,7,False,True,E8|NC2_full_mismatch,1000000.0,179
30,26,26,3312,18.37878587171573,True,,0.059252241330359806,ransac,5,False,True,E8|NC2_full_mismatch,1000000.0,180
30,24,24,3280,151.64899440706466,True,,0.038083205522641446,ransac,5,False,True,E8|NC2_full_mismatch,1000000.0,181
30,25,25,3280,63.869818017210825,True,,0.042356754333927896,ransac,5,False,True,E8|NC2_full_mismatch,1000000.0,182
30,23,23,3296,99.18194659566234,True,,0.03534879018157541,ransac,4,False,True,E8|NC2_full_mismatch,1000000.0,183
30,23,23,3328,156.7841402635265,True,,0.044442475703458544,ransac,5,False,True,E8|NC2_full_mismatch,1000000.0,184
30,22,22,3296,38.53741314353957,True,,0.028533468575021752,ransac,4,False,True,E8|NC2_full_mismatch,1000000.0,185
30,23,23,3264,134.6652534119088,True,,0.02476272826340923,ransac,4,False,True,E8|NC2_full_mismatch,1000000.0,186
30,22,22,3264,72.91890927199422,True,,0.05954943428652936,ransac,6,False,True,E8|NC2_full_mismatch,1000000.0,187
30,25,25,3312,122.16046585018373,True,,0.03456650910466029,ransac,6,False,True,E8|NC2_full_mismatch,1000000.0,188
30,22,22,3264,79.07861634771217,True,,0.04840399395990949,ransac,5,False,True,E8|NC2_full_mismatch,1000000.0,189
30,20,20,3296,51.95140521668451,True,,0.039377911565886395,ransac,4,False,True,E8|NC2_full_mismatch,1000000.0,190
30,23,23,3280,15.622097321256554,True,,0.03614370347045884,ransac,5,False,True,E8|NC2_full_mismatch,1000000.0,191
30,25,25,3312,53.30724895413899,True,,0.007674514902853616,ransac,4,False,True,E8|NC2_full_mismatch,1000000.0,192
30,25,25,3312,21.794525722974356,True,,0.029404333466947267,ransac,5,False,True,E8|NC2_full_mismatch,1000000.0,193
30,24,24,3296,111.22141330488358,True,,0.018572153169584226,ransac,4,False,True,E8|NC2_full_mismatch,1000000.0,194
30,25,25,3232,59.334748575946335,True,,0.03771901074044028,ransac,5,False,True,E8|NC2_full_mismatch,1000000.0,195
30,24,24,3312,100.47808263087913,True,,0.027096325727329416,ransac,6,False,True,E8|NC2_full_mismatch,1000000.0,196
30,23,23,3296,64.24407083065356,True,,0.022355476900999843,ransac,4,False,True,E8|NC2_full_mismatch,1000000.0,197
30,23,23,3328,66.63482238776226,True,,0.028787124683888297,ransac,5,False,True,E8|NC2_full_mismatch,1000000.0,198
30,22,22,3280,25.748725826648332,True,,0.03613713482080471,ransac,5,False,True,E8|NC2_full_mismatch,1000000.0,199
30,19,19,3312,1.9219590537383806,True,,0.05016324186283582,ransac,6,False,True,E8|NC2_full_mismatch,1000000.0,200
30,22,22,3264,75.67486387418963,True,,0.0282637152720161,ransac,5,False,True,E8|NC2_full_mismatch,1000000.0,201
30,23,23,3280,119.55609009804613,True,,0.03599012910286461,ransac,5,False,True,E8|NC2_full_mismatch,1000000.0,202
30,24,24,3328,68.4347196037334,True,,0.04609477760290262,ransac,5,False,True,E8|NC2_full_mismatch,1000000.0,203
30,25,25,3248,110.71881877859362,True,,0.01278926090570586,ransac,5,False,True,E8|NC2_full_mismatch,1000000.0,204
30,20,20,3264,49.355038761409574,True,,0.03385883193683284,ransac,4,False,True,E8|NC2_full_mismatch,1000000.0,205
30,22,22,3280,61.19718963156926,True,,0.04808905779301529,ransac,5,False,True,E8|NC2_full_mismatch,1000000.0,206
30,24,24,3264,97.29932403590983,True,,0.04567047310125012,ransac,5,False,True,E8|NC2_full_mismatch,1000000.0,207
30,24,24,3296,41.36761282671264,True,,0.048736562001120184,ransac,5,False,True,E8|NC2_full_mismatch,1000000.0,208
30,22,22,3328,104.83998647120906,True,,0.02934047226645509,ransac,5,False,True,E8|NC2_full_mismatch,1000000.0,209
30,25,25,3312,85.4040911419379,True,,0.04632934932340094,ransac,5,False,True,E8|NC2_full_mismatch,1000000.0,210
30,23,23,3296,61.31354461001178,True,,0.037860267218675546,ransac,6,False,True,E8|NC2_full_mismatch,1000000.0,211
30,25,25,3264,126.33657618815427,True,,0.04420798211959741,ransac,4,False,True,E8|NC2_full_mismatch,1000000.0,212
30,22,22,3312,153.59482132401982,True,,0.043468456818517895,ransac,5,False,True,E8|NC2_full_mismatch,1000000.0,213
30,24,24,3264,5.958386747338948,True,,0.028531823686761285,ransac,5,False,True,E8|NC2_full_mismatch,1000000.0,214
30,23,23,3312,71.88383500942913,True,,0.01363991111580003,ransac,4,False,True,E8|NC2_full_mismatch,1000000.0,215
30,25,25,3296,86.79681778556548,True,,0.03966364016746946,ransac,4,False,True,E8|NC2_full_mismatch,1000000.0,216
30,21,21,3216,144.85865460911583,True,,0.04400948720676494,ransac,4,False,True,E8|NC2_full_mismatch,1000000.0,217
30,23,23,3280,43.906920348137774,True,,0.020171158737713767,ransac,6,False,True,E8|NC2_full_mismatch,1000000.0,218
30,23,23,3312,39.675480437204975,True,,0.03153430737897972,ransac,5,False,True,E8|NC2_full_mismatch,1000000.0,219
30,24,24,3312,45.848741805422485,True,,0.0067692347339256284,ransac,4,False,True,E8|NC2_full_mismatch,1000000.0,220
30,21,21,3264,83.16389451449527,True,,0.05232551731489602,ransac,5,False,True,E8|NC2_full_mismatch,1000000.0,221
30,21,21,3312,85.01709466799703,True,,0.035279743452644355,ransac,4,False,True,E8|NC2_full_mismatch,1000000.0,222
30,22,22,3280,64.46153270406734,True,,0.03419376436947514,ransac,5,False,True,E8|NC2_full_mismatch,1000000.0,223
30,24,24,3280,35.72535158295512,True,,0.023615487415661163,ransac,4,False,True,E8|NC2_full_mismatch,1000000.0,224
30,22,22,3312,74.81175156479712,True,,0.012807453191777349,ransac,4,False,True,E8|NC2_full_mismatch,1000000.0,225
30,24,24,3312,40.43642159672424,True,,0.02099274230045433,ransac,4,False,True,E8|NC2_full_mismatch,1000000.0,226
30,24,24,3312,147.83693288714778,True,,0.01380355203603288,ransac,5,False,True,E8|NC2_full_mismatch,1000000.0,227
30,22,22,3264,132.62369725368498,True,,0.049543477134966235,ransac,4,False,True,E8|NC2_full_mismatch,1000000.0,228
30,24,24,3264,108.62237576062297,True,,0.04635034190786494,ransac,5,False,True,E8|NC2_full_mismatch,1000000.0,229
30,21,21,3280,114.5364508513733,True,,0.04076189946164257,ransac,5,False,True,E8|NC2_full_mismatch,1000000.0,230
30,25,25,3312,117.6580640946889,True,,0.05253979865930174,ransac,7,False,True,E8|NC2_full_mismatch,1000000.0,231
30,24,24,3264,79.36053709355978,True,,0.03106256842110615,ransac,5,False,True,E8|NC2_full_mismatch,1000000.0,232
30,23,23,3264,72.94478643556754,True,,0.037089758477019,ransac,5,False,True,E8|NC2_full_mismatch,1000000.0,233
30,23,23,3296,19.716471279127916,True,,0.040624711326726536,ransac,6,False,True,E8|NC2_full_mismatch,1000000.0,234
30,25,25,3280,133.0852463675598,True,,0.0180658632108074,ransac,5,False,True,E8|NC2_full_mismatch,1000000.0,235
30,24,24,3296,63.409818094498874,True,,0.049764498724336366,ransac,5,False,True,E8|NC2_full_mismatch,1000000.0,236
30,22,22,3312,100.8328610366377,True,,0.04344327567545152,ransac,5,False,True,E8|NC2_full_mismatch,1000000.0,237
30,26,26,3296,38.89981894355675,True,,0.050470608384037476,ransac,5,False,True,E8|NC2_full_mismatch,1000000.0,238
30,22,22,3296,8.330790048410426,True,,0.011157516199999246,ransac,4,False,True,E8|NC2_full_mismatch,1000000.0,239
30,25,25,3248,117.62055891758827,True,,0.02642322822341819,ransac,4,False,True,E8|NC2_full_mismatch,1000000.0,240
30,25,25,3312,88.59518148055345,True,,0.0479466914144112,ransac,5,False,True,E8|NC2_full_mismatch,1000000.0,241
30,23,23,3312,52.49380073999648,True,,0.05332358020605359,ransac,6,False,True,E8|NC2_full_mismatch,1000000.0,242
30,25,25,3264,94.44758530048114,True,,0.036431401275030945,ransac,5,False,True,E8|NC2_full_mismatch,1000000.0,243
30,25,25,3296,37.96763014183671,True,,0.05167588975356342,ransac,5,False,True,E8|NC2_full_mismatch,1000000.0,244
30,25,25,3248,116.36836517633589,True,,0.023483335233587893,ransac,5,False,True,E8|NC2_full_mismatch,1000000.0,245
30,25,25,3312,73.07389824872666,True,,0.04163098580218346,ransac,5,False,True,E8|NC2_full_mismatch,1000000.0,246
30,24,24,3312,87.58544909570055,True,,0.029796366042259718,ransac,4,False,True,E8|NC2_full_mismatch,1000000.0,247
30,25,25,3184,100.00968494807533,True,,0.04118150948153982,ransac,5,False,True,E8|NC2_full_mismatch,1000000.0,248
30,25,25,3264,154.3502396161229,True,,0.045981955209549445,ransac,6,False,True,E8|NC2_full_mismatch,1000000.0,249
30,21,21,3264,43.25553463009527,True,,0.030714007951215164,ransac,4,False,True,E8|NC2_full_mismatch,1000000.0,250
30,22,22,3248,135.35920501562026,True,,0.02935418924329509,ransac,5,False,True,E8|NC2_full_mismatch,1000000.0,251
30,22,22,3248,72.6108905190866,True,,0.0052052793452716855,ransac,4,False,True,E8|NC2_full_mismatch,1000000.0,252
30,24,24,3264,17.778368958745062,True,,0.015019733606068723,ransac,3,False,True,E8|NC2_full_mismatch,1000000.0,253
30,23,23,3296,80.51595434521744,True,,0.02971164814355866,ransac,4,False,True,E8|NC2_full_mismatch,1000000.0,254
30,23,23,3296,110.30868924604111,True,,0.03697106374444614,ransac,6,False,True,E8|NC2_full_mismatch,1000000.0,255
30,23,23,3312,65.56675571835896,True,,0.01805106552382013,ransac,4,False,True,E8|NC2_full_mismatch,1000000.0,256
30,23,23,3248,24.722631471700485,True,,0.013091727385895842,ransac,4,False,True,E8|NC2_full_mismatch,1000000.0,257
30,22,22,3328,115.6400774113721,True,,0.030071835279220055,ransac,5,False,True,E8|NC2_full_mismatch,1000000.0,258
30,23,23,3280,25.407868850152916,True,,0.04873209112737215,ransac,6,False,True,E8|NC2_full_mismatch,1000000.0,259
30,24,24,3232,103.4472133174676,True,,0.016489273283307262,ransac,4,False,True,E8|NC2_full_mismatch,1000000.0,260
30,24,24,3296,25.06537558553017,True,,0.027553619402737428,ransac,6,False,True,E8|NC2_full_mismatch,1000000.0,261
30,24,24,3232,137.81831738353114,True,,0.04803736259171838,ransac,5,False,True,E8|NC2_full_mismatch,1000000.0,262
30,22,22,3280,51.422347108933536,True,,0.02425607647197283,ransac,5,False,True,E8|NC2_full_mismatch,1000000.0,263
30,23,23,3264,85.32737903626843,True,,0.037191595222739224,ransac,5,False,True,E8|NC2_full_mismatch,1000000.0,264
30,22,22,3280,97.10029704852101,True,,0.053887746506353154,ransac,5,False,True,E8|NC2_full_mismatch,1000000.0,265
30,25,25,3296,110.04510006184513,True,,0.018643048725891613,ransac,5,False,True,E8|NC2_full_mismatch,1000000.0,266
30,24,24,3248,73.39060735894707,True,,0.04483132903898152,ransac,6,False,True,E8|NC2_full_mismatch,1000000.0,267
30,24,24,3264,131.18228257568413,True,,0.023099953392938456,ransac,4,False,True,E8|NC2_full_mismatch,1000000.0,268
30,23,23,3280,66.48220914828026,True,,0.013281741793847125,ransac,6,False,True,E8|NC2_full_mismatch,1000000.0,269
30,25,25,3312,90.00931993527414,True,,0.0298465599664951,ransac,6,False,True,E8|NC2_full_mismatch,1000000.0,270
30,22,22,3280,41.513094380138924,True,,0.013916752818066465,ransac,5,False,True,E8|NC2_full_mismatch,1000000.0,271
30,22,22,3248,85.53949794991523,True,,0.024061829336992333,ransac,4,False,True,E8|NC2_full_mismatch,1000000.0,272
30,22,22,3280,84.47937152169376,True,,0.03468562225114948,ransac,6,False,True,E8|NC2_full_mismatch,1000000.0,273
30,22,22,3248,83.30619928554654,True,,0.034150272366266284,ransac,5,False,True,E8|NC2_full_mismatch,1000000.0,274
30,24,24,3264,164.26823874792515,True,,0.03071321614457758,ransac,4,False,True,E8|NC2_full_mismatch,1000000.0,275
30,24,24,3264,73.325553707801,True,,0.02473937088154117,ransac,4,False,True,E8|NC2_full_mismatch,1000000.0,276
30,19,19,3280,113.03728108772512,True,,0.04629777447075716,ransac,4,False,True,E8|NC2_full_mismatch,1000000.0,277
30,23,23,3248,122.37540848791943,True,,0.024402793631017185,ransac,4,False,True,E8|NC2_full_mismatch,1000000.0,278
30,22,22,3280,38.76090538821762,True,,0.020759619777288067,ransac,5,False,True,E8|NC2_full_mismatch,1000000.0,279
30,23,23,3280,15.783190497098662,True,,0.02685021939031803,ransac,5,False,True,E8|NC2_full_mismatch,1000000.0,280
30,24,24,3296,172.96381389318316,True,,0.04214151917751936,ransac,6,False,True,E8|NC2_full_mismatch,1000000.0,281
30,24,24,3280,98.52406405334398,True,,0.05104833480545357,ransac,5,False,True,E8|NC2_full_mismatch,1000000.0,282
30,24,24,3200,79.58494760244328,True,,0.03216885235530354,ransac,4,False,True,E8|NC2_full_mismatch,1000000.0,283
30,23,23,3312,89.82023534680377,True,,0.03358672647736042,ransac,4,False,True,E8|NC2_full_mismatch,1000000.0,284
30,21,21,3296,110.4932065406604,True,,0.061526953683981034,ransac,6,False,True,E8|NC2_full_mismatch,1000000.0,285
30,23,23,3248,104.84521679873204,True,,0.03239807693794722,ransac,7,False,True,E8|NC2_full_mismatch,1000000.0,286
30,22,22,3264,118.72746605355339,True,,0.019785066172918458,ransac,4,False,True,E8|NC2_full_mismatch,1000000.0,287
30,22,22,3312,38.80556072715572,True,,0.009827649455811039,ransac,4,False,True,E8|NC2_full_mismatch,1000000.0,288
30,23,23,3280,67.6782144351525,True,,0.03011967735586929,ransac,4,False,True,E8|NC2_full_mismatch,1000000.0,289
30,23,23,3296,53.57153386765243,True,,0.03630921568444983,ransac,5,False,True,E8|NC2_full_mismatch,1000000.0,290
30,23,23,3296,24.810425345202564,True,,0.050657854379455906,ransac,4,False,True,E8|NC2_full_mismatch,1000000.0,291
30,23,23,3248,94.94992463102962,True,,0.024779868045126042,ransac,5,False,True,E8|NC2_full_mismatch,1000000.0,292
30,25,25,3280,72.8973616373721,True,,0.029342884746283347,ransac,5,False,True,E8|NC2_full_mismatch,1000000.0,293
30,24,24,3280,56.39871740771788,True,,0.0426366574995164,ransac,6,False,True,E8|NC2_full_mismatch,1000000.0,294
30,23,23,3312,136.5365905714092,True,,0.01182282889041018,ransac,4,False,True,E8|NC2_full_mismatch,1000000.0,295
30,23,23,3264,84.04715672353906,True,,0.03855496747491191,ransac,5,False,True,E8|NC2_full_mismatch,1000000.0,296
30,23,23,3248,108.13935993110373,True,,0.050168747385844994,ransac,5,False,True,E8|NC2_full_mismatch,1000000.0,297
30,23,23,3280,49.31004691457687,True,,0.05319510056604633,ransac,5,False,True,E8|NC2_full_mismatch,1000000.0,298
30,23,23,3232,60.25144979160548,True,,0.019527158416026216,ransac,4,False,True,E8|NC2_full_mismatch,1000000.0,299
30,24,24,3264,90.08665786554404,True,,0.04472557661647494,ransac,5,False,True,E8|NC2_full_mismatch,1000000.0,300
30,23,23,3312,97.9192062876653,True,,0.013993255255051648,ransac,4,False,True,E8|NC2_full_mismatch,1000000.0,301
30,23,23,3264,95.7403669907044,True,,0.05761923338658839,ransac,5,False,True,E8|NC2_full_mismatch,1000000.0,302
30,21,21,3280,42.0785866443265,True,,0.050205293094073095,ransac,5,False,True,E8|NC2_full_mismatch,1000000.0,303
30,25,25,3264,141.73034778815995,True,,0.016964218380561242,ransac,5,False,True,E8|NC2_full_mismatch,1000000.0,304
30,24,24,3216,106.81095059174847,True,,0.012092060534730475,ransac,5,False,True,E8|NC2_full_mismatch,1000000.0,305
30,23,23,3296,66.2431731557834,True,,0.0487154449428212,ransac,5,False,True,E8|NC2_full_mismatch,1000000.0,306
30,23,23,3248,118.97178876266406,True,,0.023689271019696766,ransac,6,False,True,E8|NC2_full_mismatch,1000000.0,307
30,23,23,3296,80.67634031632997,True,,0.01175244318456607,ransac,5,False,True,E8|NC2_full_mismatch,1000000.0,308
30,22,22,3296,106.71900902715134,True,,0.05242275479473304,ransac,6,False,True,E8|NC2_full_mismatch,1000000.0,309
30,24,24,3328,78.5568426704616,True,,0.016941878221608093,ransac,5,False,True,E8|NC2_full_mismatch,1000000.0,310
30,23,23,3264,101.31987093942936,True,,0.03892820593833131,ransac,5,False,True,E8|NC2_full_mismatch,1000000.0,311
30,25,25,3312,34.24054643376176,True,,0.02866768599167911,ransac,5,False,True,E8|NC2_full_mismatch,1000000.0,312
30,24,24,3328,43.56650213008371,True,,0.02874040183186504,ransac,4,False,True,E8|NC2_full_mismatch,1000000.0,313
30,24,24,3328,113.24364835997557,True,,0.10926401873799006,ransac,4,False,True,E8|NC2_full_mismatch,1000000.0,314
30,23,23,3312,48.69378647748464,True,,0.035407755810439895,ransac,4,False,True,E8|NC2_full_mismatch,1000000.0,315
30,21,21,3264,16.169266327799257,True,,0.027297192663625194,ransac,5,False,True,E8|NC2_full_mismatch,1000000.0,316
30,23,23,3280,136.67101560167637,True,,0.025184817757824038,ransac,6,False,True,E8|NC2_full_mismatch,1000000.0,317
30,24,24,3280,123.96754296804713,True,,0.019572179412165377,ransac,5,False,True,E8|NC2_full_mismatch,1000000.0,318
30,22,22,3280,109.12321711759924,True,,0.012754661234952835,ransac,5,False,True,E8|NC2_full_mismatch,1000000.0,319
30,24,24,3248,81.59272514384823,True,,0.02282206537784982,ransac,5,False,True,E8|NC2_full_mismatch,1000000.0,320
30,23,23,3280,58.90507453337394,True,,0.03690428429428292,ransac,4,False,True,E8|NC2_full_mismatch,1000000.0,321
30,22,22,3248,149.77417153436375,True,,0.014756451072670913,ransac,4,False,True,E8|NC2_full_mismatch,1000000.0,322
30,24,24,3280,51.05130837729415,True,,0.04765986100342225,ransac,6,False,True,E8|NC2_full_mismatch,1000000.0,323
30,25,25,3264,106.27558666454439,True,,0.024368876429615927,ransac,4,False,True,E8|NC2_full_mismatch,1000000.0,324
30,23,23,3216,30.540175707454626,True,,0.04583482102054134,ransac,5,False,True,E8|NC2_full_mismatch,1000000.0,325
30,24,24,3248,73.94229010436531,True,,0.018133312924365125,ransac,5,False,True,E8|NC2_full_mismatch,1000000.0,326
30,22,22,3200,149.46807737570103,True,,0.052469959757721014,ransac,5,False,True,E8|NC2_full_mismatch,1000000.0,327
30,22,22,3312,106.6062838443199,True,,0.05055777954035896,ransac,6,False,True,E8|NC2_full_mismatch,1000000.0,328
30,23,23,3296,120.17079036475116,True,,0.032853690189911806,ransac,4,False,True,E8|NC2_full_mismatch,1000000.0,329
30,23,23,3296,69.79527288341433,True,,0.044800707997733356,ransac,3,False,True,E8|NC2_full_mismatch,1000000.0,330
30,22,22,3296,46.77147542872547,True,,0.04227115251019429,ransac,5,False,True,E8|NC2_full_mismatch,1000000.0,331
30,25,25,3216,91.30522183021107,True,,0.043093354111720675,ransac,5,False,True,E8|NC2_full_mismatch,1000000.0,332
30,23,23,3296,42.519722673521194,True,,0.031180978736996327,ransac,5,False,True,E8|NC2_full_mismatch,1000000.0,333
30,25,25,3312,71.11151178781675,True,,0.0461952944619628,ransac,5,False,True,E8|NC2_full_mismatch,1000000.0,334
30,24,24,3216,142.41807426139246,True,,0.03340862883201593,ransac,4,False,True,E8|NC2_full_mismatch,1000000.0,335
30,22,22,3264,66.69544886117266,True,,0.007768472285766483,ransac,4,False,True,E8|NC2_full_mismatch,1000000.0,336
30,24,24,3280,142.35473383869814,True,,0.025638969368205658,ransac,5,False,True,E8|NC2_full_mismatch,1000000.0,337
30,25,25,3264,42.94531871834354,True,,0.029648576097261115,ransac,6,False,True,E8|NC2_full_mismatch,1000000.0,338
30,25,25,3296,65.83857770950671,True,,0.023406291916699046,ransac,4,False,True,E8|NC2_full_mismatch,1000000.0,339
30,23,23,3280,34.38785537112603,True,,0.028095113034727552,ransac,5,False,True,E8|NC2_full_mismatch,1000000.0,340
30,22,22,3328,92.25214732229429,True,,0.048941428087193393,ransac,4,False,True,E8|NC2_full_mismatch,1000000.0,341
30,24,24,3296,113.75657819332203,True,,0.01104638617411962,ransac,4,False,True,E8|NC2_full_mismatch,1000000.0,342
30,24,24,3296,10.01574246675262,True,,0.044048009018164636,ransac,6,False,True,E8|NC2_full_mismatch,1000000.0,343
30,24,24,3312,55.90764009295812,True,,0.04908941184921804,ransac,5,False,True,E8|NC2_full_mismatch,1000000.0,344
30,24,24,3312,55.33978913306939,True,,0.04058179399082262,ransac,4,False,True,E8|NC2_full_mismatch,1000000.0,345
30,25,25,3328,91.00213611411417,True,,0.04683263002325017,ransac,7,False,True,E8|NC2_full_mismatch,1000000.0,346
30,21,21,3248,137.36745692477948,True,,0.0269080188504409,ransac,4,False,True,E8|NC2_full_mismatch,1000000.0,347
30,20,20,3296,175.3640761349409,True,,0.015599420716444077,ransac,5,False,True,E8|NC2_full_mismatch,1000000.0,348
30,25,25,3312,79.62803999321812,True,,0.04340624152929923,ransac,6,False,True,E8|NC2_full_mismatch,1000000.0,349
30,23,23,3248,70.34568628094033,True,,0.01964323785289667,ransac,4,False,True,E8|NC2_full_mismatch,1000000.0,350
30,25,25,3216,171.69135986797022,True,,0.035643537437379615,ransac,4,False,True,E8|NC2_full_mismatch,1000000.0,351
30,23,23,3264,150.99055926919166,True,,0.018038736212623724,ransac,4,False,True,E8|NC2_full_mismatch,1000000.0,352
30,25,25,3280,6.461656048723985,True,,0.010411939844485968,ransac,4,False,True,E8|NC2_full_mismatch,1000000.0,353
30,21,21,3296,118.55936259785935,True,,0.03375527376307872,ransac,5,False,True,E8|NC2_full_mismatch,1000000.0,354
30,23,23,3264,109.25927949273616,True,,0.01859174478597855,ransac,6,False,True,E8|NC2_full_mismatch,1000000.0,355
30,23,23,3296,33.97067026906822,True,,0.046275291856893004,ransac,5,False,True,E8|NC2_full_mismatch,1000000.0,356
30,22,22,3280,55.07853695590394,True,,0.027196274124529955,ransac,4,False,True,E8|NC2_full_mismatch,1000000.0,357
30,23,23,3248,48.285383021701904,True,,0.031661619341908316,ransac,5,False,True,E8|NC2_full_mismatch,1000000.0,358
30,24,24,3312,55.63724596721289,True,,0.012707161568594657,ransac,5,False,True,E8|NC2_full_mismatch,1000000.0,359
30,23,23,3264,54.476737931588325,True,,0.03903230269956429,ransac,5,False,True,E8|NC2_full_mismatch,1000000.0,360
30,24,24,3328,131.68742355757766,True,,0.017040474481198987,ransac,4,False,True,E8|NC2_full_mismatch,1000000.0,361
30,23,23,3296,107.88454676123146,True,,0.04221797477370652,ransac,5,False,True,E8|NC2_full_mismatch,1000000.0,362
30,23,23,3328,109.8729601904293,True,,0.04710539736360409,ransac,5,False,True,E8|NC2_full_mismatch,1000000.0,363
30,23,23,3280,150.4451706098083,True,,0.026588530519675413,ransac,5,False,True,E8|NC2_full_mismatch,1000000.0,364
30,22,22,3296,107.97083679643963,True,,0.009457296234962357,ransac,4,False,True,E8|NC2_full_mismatch,1000000.0,365
30,23,23,3312,37.34430521586683,True,,0.02178464715952589,ransac,4,False,True,E8|NC2_full_mismatch,1000000.0,366
30,23,23,3280,62.46358872597854,True,,0.04855670434982679,ransac,4,False,True,E8|NC2_full_mismatch,1000000.0,367
30,20,20,3248,109.28098131519612,True,,0.012796793976156937,ransac,4,False,True,E8|NC2_full_mismatch,1000000.0,368
30,23,23,3296,92.77917873388168,True,,0.045456375838936545,ransac,4,False,True,E8|NC2_full_mismatch,1000000.0,369
30,24,24,3280,79.11070713373084,True,,0.03441916079060296,ransac,5,False,True,E8|NC2_full_mismatch,1000000.0,370
30,24,24,3312,88.92407239599773,True,,0.025908673218951798,ransac,5,False,True,E8|NC2_full_mismatch,1000000.0,371
30,22,22,3312,84.1380630568145,True,,0.021770236855893448,ransac,4,False,True,E8|NC2_full_mismatch,1000000.0,372
30,22,22,3232,24.545024236535863,True,,0.023206557914978897,ransac,5,False,True,E8|NC2_full_mismatch,1000000.0,373
30,25,25,3280,8.249415206595005,True,,0.04424628647184238,ransac,6,False,True,E8|NC2_full_mismatch,1000000.0,374
30,22,22,3264,47.261667585358886,True,,0.03287817765145436,ransac,4,False,True,E8|NC2_full_mismatch,1000000.0,375
30,22,22,3312,33.087571577572845,True,,0.01620905281380579,ransac,6,False,True,E8|NC2_full_mismatch,1000000.0,376
30,24,24,3280,62.689656075853364,True,,0.03729152266853184,ransac,5,False,True,E8|NC2_full_mismatch,1000000.0,377
30,24,24,3264,105.63493409213936,True,,0.03810371907216579,ransac,6,False,True,E8|NC2_full_mismatch,1000000.0,378
30,25,25,3184,128.95725766929505,True,,0.035192205940186044,ransac,6,False,True,E8|NC2_full_mismatch,1000000.0,379
30,23,23,3296,29.357768501349828,True,,0.0203738517254517,ransac,6,False,True,E8|NC2_full_mismatch,1000000.0,380
30,23,23,3280,90.99672634607036,True,,0.051790840000755164,ransac,5,False,True,E8|NC2_full_mismatch,1000000.0,381
30,25,25,3264,46.220896397458034,True,,0.010381944915599434,ransac,5,False,True,E8|NC2_full_mismatch,1000000.0,382
30,21,21,3232,128.15733522324015,True,,0.026074587683878693,ransac,4,False,True,E8|NC2_full_mismatch,1000000.0,383
30,24,24,3312,87.48594458813531,True,,0.027392378066358355,ransac,5,False,True,E8|NC2_full_mismatch,1000000.0,384
30,23,23,3296,120.4324173777235,True,,0.015292255014657351,ransac,4,False,True,E8|NC2_full_mismatch,1000000.0,385
30,24,24,3280,52.32101375194159,True,,0.013298360980784586,ransac,4,False,True,E8|NC2_full_mismatch,1000000.0,386
30,22,22,3312,169.87954926255384,True,,0.027312972161898853,ransac,4,False,True,E8|NC2_full_mismatch,1000000.0,387
30,24,24,3248,64.01185934993373,True,,0.028328652305317035,ransac,5,False,True,E8|NC2_full_mismatch,1000000.0,388
30,24,24,3280,45.0879655901226,True,,0.027995447061865675,ransac,5,False,True,E8|NC2_full_mismatch,1000000.0,389
30,22,22,3296,127.42713567435288,True,,0.06003361927005812,ransac,6,False,True,E8|NC2_full_mismatch,1000000.0,390
30,23,23,3312,99.07728354445806,True,,0.03378419951661003,ransac,5,False,True,E8|NC2_full_mismatch,1000000.0,391
30,24,24,3216,44.834216132432836,True,,0.057571521677563645,ransac,5,False,True,E8|NC2_full_mismatch,1000000.0,392
30,23,23,3280,48.75661357164666,True,,0.019542444342322912,ransac,4,False,True,E8|NC2_full_mismatch,1000000.0,393
30,23,23,3312,90.94713179903698,True,,0.03369274157815834,ransac,5,False,True,E8|NC2_full_mismatch,1000000.0,394
30,22,22,3248,87.71443263720357,True,,0.022669894948024894,ransac,3,False,True,E8|NC2_full_mismatch,1000000.0,395
30,24,24,3280,104.4956568698509,True,,0.0381454627947567,ransac,5,False,True,E8|NC2_full_mismatch,1000000.0,396
30,24,24,3248,86.82011356631682,True,,0.029205860264406185,ransac,5,False,True,E8|NC2_full_mismatch,1000000.0,397
30,24,24,3248,65.42967899646156,True,,0.03144276792304732,ransac,5,False,True,E8|NC2_full_mismatch,1000000.0,398
30,23,23,3280,94.2307198151105,True,,0.02684699918546999,ransac,5,False,True,E8|NC2_full_mismatch,1000000.0,399
30,24,24,3280,71.62986089935434,True,,0.007585720713955651,ransac,5,False,True,E8|NC2_full_mismatch,1000000.0,400
30,23,23,3264,51.42534387403077,True,,0.03911052141221398,ransac,5,False,True,E8|NC2_full_mismatch,1000000.0,401
30,21,21,3248,83.7305391234513,True,,0.028549203632715518,ransac,4,False,True,E8|NC2_full_mismatch,1000000.0,402
30,24,24,3232,44.90666582528825,True,,0.031858129786511064,ransac,4,False,True,E8|NC2_full_mismatch,1000000.0,403
30,23,23,3280,56.35394636007335,True,,0.01801830543804909,ransac,5,False,True,E8|NC2_full_mismatch,1000000.0,404
30,22,22,3264,89.85011990061082,True,,0.02473001023868764,ransac,5,False,True,E8|NC2_full_mismatch,1000000.0,405
30,23,23,3264,38.655896337293164,True,,0.03348957397299442,ransac,5,False,True,E8|NC2_full_mismatch,1000000.0,406
30,25,25,3296,99.89974372602491,True,,0.04479640334920864,ransac,5,False,True,E8|NC2_full_mismatch,1000000.0,407
30,23,23,3248,87.02951520379813,True,,0.029547573460594632,ransac,5,False,True,E8|NC2_full_mismatch,1000000.0,408
30,24,24,3312,134.74843862771357,True,,0.05399619653901307,ransac,5,False,True,E8|NC2_full_mismatch,1000000.0,409
30,22,22,3296,22.49636596722436,True,,0.02794371174375156,ransac,4,False,True,E8|NC2_full_mismatch,1000000.0,410
30,23,23,3296,88.99502371933173,True,,0.04723022072510513,ransac,6,False,True,E8|NC2_full_mismatch,1000000.0,411
30,24,24,3296,135.4294074264756,True,,0.021853485915301687,ransac,5,False,True,E8|NC2_full_mismatch,1000000.0,412
30,24,24,3280,43.198149259533025,True,,0.03370454009760317,ransac,5,False,True,E8|NC2_full_mismatch,1000000.0,413
30,24,24,3296,133.85471528475333,True,,0.04367485761871408,ransac,4,False,True,E8|NC2_full_mismatch,1000000.0,414
30,20,20,3280,73.15081038976703,True,,0.002350723406619911,ransac,4,False,True,E8|NC2_full_mismatch,1000000.0,415
30,21,21,3312,53.56891125177097,True,,0.051704447489188926,ransac,5,False,True,E8|NC2_full_mismatch,1000000.0,416
30,24,24,3232,94.93928125798969,True,,0.026686537215457388,ransac,5,False,True,E8|NC2_full_mismatch,1000000.0,417
30,23,23,3280,33.86397570149373,True,,0.05338757751554725,ransac,7,False,True,E8|NC2_full_mismatch,1000000.0,418
30,24,24,3296,157.648413519222,True,,0.038164137555890064,ransac,5,False,True,E8|NC2_full_mismatch,1000000.0,419
30,22,22,3264,117.01861158289177,True,,0.03447610162534631,ransac,4,False,True,E8|NC2_full_mismatch,1000000.0,420
30,25,25,3312,113.99784426865489,True,,0.038894118469617635,ransac,6,False,True,E8|NC2_full_mismatch,1000000.0,421
30,22,22,3328,46.66978295370855,True,,0.024566101519638603,ransac,4,False,True,E8|NC2_full_mismatch,1000000.0,422
30,25,25,3328,112.27884680780886,True,,0.02302989633904222,ransac,5,False,True,E8|NC2_full_mismatch,1000000.0,423
30,23,23,3296,103.07857337990444,True,,0.025370089332495,ransac,7,False,True,E8|NC2_full_mismatch,1000000.0,424
30,20,20,3312,52.227028101512474,True,,0.030351976637866297,ransac,5,False,True,E8|NC2_full_mismatch,1000000.0,425
30,25,25,3328,73.86482540307107,True,,0.04370029454383201,ransac,4,False,True,E8|NC2_full_mismatch,1000000.0,426
30,24,24,3264,1.4075537269961587,True,,0.041763092248649374,ransac,6,False,True,E8|NC2_full_mismatch,1000000.0,427
30,22,22,3296,75.34483372871254,True,,0.04040874183217444,ransac,5,False,True,E8|NC2_full_mismatch,1000000.0,428
30,24,24,3264,141.89941827369896,True,,0.044565045186871446,ransac,6,False,True,E8|NC2_full_mismatch,1000000.0,429
30,22,22,3248,85.02135479470451,True,,0.028977673416436426,ransac,5,False,True,E8|NC2_full_mismatch,1000000.0,430
30,25,25,3232,100.40957716430226,True,,0.031182152975635372,ransac,6,False,True,E8|NC2_full_mismatch,1000000.0,431
30,24,24,3248,38.15976658172601,True,,0.0488350625188567,ransac,7,False,True,E8|NC2_full_mismatch,1000000.0,432
30,24,24,3312,41.69476069669342,True,,0.03066866558733785,ransac,5,False,True,E8|NC2_full_mismatch,1000000.0,433
30,25,25,3232,112.12491287496793,True,,0.03252042642585235,ransac,5,False,True,E8|NC2_full_mismatch,1000000.0,434
30,24,24,3312,75.45477589657575,True,,0.01295979947283645,ransac,5,False,True,E8|NC2_full_mismatch,1000000.0,435
30,21,21,3312,100.69984024040622,True,,0.012969054983278112,ransac,5,False,True,E8|NC2_full_mismatch,1000000.0,436
30,24,24,3296,110.93109637620326,True,,0.032474876660272975,ransac,5,False,True,E8|NC2_full_mismatch,1000000.0,437
30,24,24,3312,92.97188620808284,True,,0.035923812889195265,ransac,4,False,True,E8|NC2_full_mismatch,1000000.0,438
30,24,24,3312,145.32641184806528,True,,0.04135459176676593,ransac,6,False,True,E8|NC2_full_mismatch,1000000.0,439
30,23,23,3296,0.5222948464601049,True,,0.04053634207292078,ransac,6,False,True,E8|NC2_full_mismatch,1000000.0,440
30,24,24,3280,140.41701571663262,True,,0.01342998007799732,ransac,4,False,True,E8|NC2_full_mismatch,1000000.0,441
30,24,24,3264,0.256283129347753,True,,0.004825083318514386,ransac,4,False,True,E8|NC2_full_mismatch,1000000.0,442
30,24,24,3248,126.8635888172916,True,,0.054290229512717364,ransac,5,False,True,E8|NC2_full_mismatch,1000000.0,443
30,24,24,3280,60.07504704007292,True,,0.012143414378355241,ransac,5,False,True,E8|NC2_full_mismatch,1000000.0,444
30,24,24,3280,116.65868190576535,True,,0.05031034045020741,ransac,5,False,True,E8|NC2_full_mismatch,1000000.0,445
30,23,23,3280,102.10909185651774,True,,0.045779393508481384,ransac,4,False,True,E8|NC2_full_mismatch,1000000.0,446
30,23,23,3264,50.04015257647078,True,,0.00953538108934511,ransac,4,False,True,E8|NC2_full_mismatch,1000000.0,447
30,24,24,3296,90.91567791421859,True,,0.025292698655871252,ransac,5,False,True,E8|NC2_full_mismatch,1000000.0,448
30,23,23,3264,120.54790469544946,True,,0.042425502886370224,ransac,6,False,True,E8|NC2_full_mismatch,1000000.0,449
30,21,21,3264,10.552059163231679,True,,0.04554948762449696,ransac,5,False,True,E8|NC2_full_mismatch,1000000.0,450
30,23,23,3296,105.70672114236305,True,,0.04747215265257573,ransac,5,False,True,E8|NC2_full_mismatch,1000000.0,451
30,24,24,3264,69.0276520816815,True,,0.026824883636593754,ransac,5,False,True,E8|NC2_full_mismatch,1000000.0,452
30,22,22,3296,145.23467134245394,True,,0.03583585007951052,ransac,4,False,True,E8|NC2_full_mismatch,1000000.0,453
30,24,24,3296,93.83339379194257,True,,0.012359327096434438,ransac,5,False,True,E8|NC2_full_mismatch,1000000.0,454
30,22,22,3264,122.34922738435898,True,,0.01080049630793294,ransac,5,False,True,E8|NC2_full_mismatch,1000000.0,455
30,23,23,3312,156.18176535847527,True,,0.02595726047337218,ransac,4,False,True,E8|NC2_full_mismatch,1000000.0,456
30,25,25,3264,40.49228223422365,True,,0.02813536728379003,ransac,5,False,True,E8|NC2_full_mismatch,1000000.0,457
30,23,23,3312,68.65360929755506,True,,0.04497387149157407,ransac,4,False,True,E8|NC2_full_mismatch,1000000.0,458
30,24,24,3296,98.00336643372923,True,,0.025654609946319976,ransac,5,False,True,E8|NC2_full_mismatch,1000000.0,459
30,22,22,3280,95.40718103579302,True,,0.04041865029767264,ransac,5,False,True,E8|NC2_full_mismatch,1000000.0,460
30,24,24,3264,145.6067370530332,True,,0.04952129290890637,ransac,7,False,True,E8|NC2_full_mismatch,1000000.0,461
30,22,22,3232,54.635929125587076,True,,0.02179544587660549,ransac,5,False,True,E8|NC2_full_mismatch,1000000.0,462
30,26,26,3312,77.62418723067788,True,,0.018301817213947903,ransac,5,False,True,E8|NC2_full_mismatch,1000000.0,463
30,23,23,3296,66.18960194401903,True,,0.022403588376465017,ransac,5,False,True,E8|NC2_full_mismatch,1000000.0,464
30,21,21,3312,85.98921289668506,True,,0.03177587908034473,ransac,4,False,True,E8|NC2_full_mismatch,1000000.0,465
30,25,25,3264,20.951454802273638,True,,0.03906970971425183,ransac,7,False,True,E8|NC2_full_mismatch,1000000.0,466
30,23,23,3280,94.43747099523954,True,,0.052438947542461485,ransac,5,False,True,E8|NC2_full_mismatch,1000000.0,467
30,22,22,3248,87.24462470624744,True,,0.020757016632709915,ransac,5,False,True,E8|NC2_full_mismatch,1000000.0,468
30,25,25,3312,81.06903903593731,True,,0.0363606488379191,ransac,6,False,True,E8|NC2_full_mismatch,1000000.0,469
30,24,24,3264,60.93320194632334,True,,0.04458174862773651,ransac,7,False,True,E8|NC2_full_mismatch,1000000.0,470
30,23,23,3312,71.31398471994623,True,,0.01862460257277939,ransac,6,False,True,E8|NC2_full_mismatch,1000000.0,471
30,25,25,3264,138.4970856177894,True,,0.012010086980930354,ransac,4,False,True,E8|NC2_full_mismatch,1000000.0,472
30,24,24,3280,101.41328368840941,True,,0.04602245768425342,ransac,6,False,True,E8|NC2_full_mismatch,1000000.0,473
30,22,22,3264,141.18330299372516,True,,0.03218392976158808,ransac,4,False,True,E8|NC2_full_mismatch,1000000.0,474
30,25,25,3312,177.08184439745713,True,,0.0386690505810658,ransac,6,False,True,E8|NC2_full_mismatch,1000000.0,475
30,23,23,3264,52.24877276315633,True,,0.11990442517506554,ransac,5,False,True,E8|NC2_full_mismatch,1000000.0,476
30,23,23,3280,58.134734434672126,True,,0.022163144092518308,ransac,5,False,True,E8|NC2_full_mismatch,1000000.0,477
30,22,22,3264,119.19372853625688,True,,0.02429282454524382,ransac,5,False,True,E8|NC2_full_mismatch,1000000.0,478
30,24,24,3280,43.89516607106998,True,,0.04286031786352276,ransac,5,False,True,E8|NC2_full_mismatch,1000000.0,479
30,18,18,3312,44.373305345378675,True,,0.05106565362309303,ransac,4,False,True,E8|NC2_full_mismatch,1000000.0,480
30,23,23,3264,118.25084615452312,True,,0.015565460947213214,ransac,4,False,True,E8|NC2_full_mismatch,1000000.0,481
30,23,23,3280,98.75486495805445,True,,0.043637467884836405,ransac,5,False,True,E8|NC2_full_mismatch,1000000.0,482
30,25,25,3248,153.33440083970373,True,,0.029945799652234664,ransac,4,False,True,E8|NC2_full_mismatch,1000000.0,483
30,22,22,3296,104.37612251205633,True,,0.0365988195906139,ransac,5,False,True,E8|NC2_full_mismatch,1000000.0,484
30,23,23,3264,25.92964090221108,True,,0.0628277029903871,ransac,6,False,True,E8|NC2_full_mismatch,1000000.0,485
30,22,22,3296,110.98375980620752,True,,0.0625743253458514,ransac,6,False,True,E8|NC2_full_mismatch,1000000.0,486
30,22,22,3312,134.05601703807278,True,,0.019937954034908254,ransac,4,False,True,E8|NC2_full_mismatch,1000000.0,487
30,24,24,3280,83.36881891482821,True,,0.006624379927666041,ransac,4,False,True,E8|NC2_full_mismatch,1000000.0,488
30,21,21,3296,86.40780440468768,True,,0.018128928134515315,ransac,5,False,True,E8|NC2_full_mismatch,1000000.0,489
30,26,26,3248,133.93389849337416,True,,0.03498880717708383,ransac,6,False,True,E8|NC2_full_mismatch,1000000.0,490
30,23,23,3312,47.179824735894265,True,,0.024640761777036974,ransac,6,False,True,E8|NC2_full_mismatch,1000000.0,491
30,24,24,3312,123.95391411893306,True,,0.01773119290510579,ransac,7,False,True,E8|NC2_full_mismatch,1000000.0,492
30,22,22,3296,0.4141337079782664,True,,0.029156474568816163,ransac,6,False,True,E8|NC2_full_mismatch,1000000.0,493
30,20,20,3280,53.054083229739206,True,,0.04842426365522893,ransac,5,False,True,E8|NC2_full_mismatch,1000000.0,494
30,25,25,3280,173.21595880411914,True,,0.02107239956546497,ransac,6,False,True,E8|NC2_full_mismatch,1000000.0,495
30,23,23,3280,124.43022833195701,True,,0.0351244633300724,ransac,5,False,True,E8|NC2_full_mismatch,1000000.0,496
30,25,25,3296,91.56936898902944,True,,0.014525236280171478,ransac,4,False,True,E8|NC2_full_mismatch,1000000.0,497
30,26,26,3312,44.40670522128576,True,,0.03526595440023178,ransac,5,False,True,E8|NC2_full_mismatch,1000000.0,498
30,24,24,3264,135.17654873072516,True,,0.02520853102798841,ransac,5,False,True,E8|NC2_full_mismatch,1000000.0,499
30,23,23,3312,124.53593089266475,True,,0.03058874086528216,ransac,5,False,True,E8|NC2_full_mismatch,1000000.0,500
30,25,25,3296,56.14431864824903,True,,0.04571047580113066,ransac,6,False,True,E8|NC2_full_mismatch,1000000.0,501
30,23,23,3312,65.4689528597606,True,,0.04642613209806465,ransac,5,False,True,E8|NC2_full_mismatch,1000000.0,502
30,25,25,3280,39.36865713979286,True,,0.047753947506576695,ransac,4,False,True,E8|NC2_full_mismatch,1000000.0,503
30,22,22,3248,48.42653708889411,True,,0.03401992131490233,ransac,5,False,True,E8|NC2_full_mismatch,1000000.0,504
30,21,21,3280,41.67064147202933,True,,0.021018072123608286,ransac,4,False,True,E8|NC2_full_mismatch,1000000.0,505
30,22,22,3296,147.4478546903163,True,,0.019508442833100402,ransac,5,False,True,E8|NC2_full_mismatch,1000000.0,506
30,23,23,3280,80.37906054768425,True,,0.03136754203287134,ransac,4,False,True,E8|NC2_full_mismatch,1000000.0,507
30,25,25,3328,36.98054802817366,True,,0.03534290837534962,ransac,4,False,True,E8|NC2_full_mismatch,1000000.0,508
30,24,24,3264,63.27349929750336,True,,0.03467961426877619,ransac,5,False,True,E8|NC2_full_mismatch,1000000.0,509
30,22,22,3280,73.20249503166296,True,,0.029918955038296325,ransac,6,False,True,E8|NC2_full_mismatch,1000000.0,510
30,24,24,3296,87.21619389542411,True,,0.03665170695097088,ransac,6,False,True,E8|NC2_full_mismatch,1000000.0,511
30,24,24,3328,104.38951906922577,True,,0.03132148137745956,ransac,4,False,True,E8|NC2_full_mismatch,1000000.0,512
30,25,25,3264,96.73605547497287,True,,0.01760811948618382,ransac,5,False,True,E8|NC2_full_mismatch,1000000.0,513
30,25,25,3296,20.1362570597097,True,,0.03110584758647676,ransac,6,False,True,E8|NC2_full_mismatch,1000000.0,514
30,21,21,3296,129.8584679196645,True,,0.04078648676727345,ransac,4,False,True,E8|NC2_full_mismatch,1000000.0,515
30,22,22,3296,76.97744406381183,True,,0.0227849381651928,ransac,5,False,True,E8|NC2_full_mismatch,1000000.0,516
30,22,22,3296,28.383470604390357,True,,0.02831882737794133,ransac,5,False,True,E8|NC2_full_mismatch,1000000.0,517
30,23,23,3200,61.15257514714108,True,,0.02121095716713056,ransac,5,False,True,E8|NC2_full_mismatch,1000000.0,518
30,24,24,3296,44.74968396836359,True,,0.031684867603485,ransac,6,False,True,E8|NC2_full_mismatch,1000000.0,519
30,22,22,3312,156.00371441374057,True,,0.018673691338121325,ransac,5,False,True,E8|NC2_full_mismatch,1000000.0,520
30,23,23,3280,141.50314703855315,True,,0.031536292938794896,ransac,6,False,True,E8|NC2_full_mismatch,1000000.0,521
30,24,24,3264,99.5795166904549,True,,0.027031121998670738,ransac,4,False,True,E8|NC2_full_mismatch,1000000.0,522
30,21,21,3296,101.38740950100244,True,,0.049320916891224656,ransac,5,False,True,E8|NC2_full_mismatch,1000000.0,523
30,23,23,3296,28.499901946627407,True,,0.03228268144394934,ransac,4,False,True,E8|NC2_full_mismatch,1000000.0,524
30,24,24,3264,28.439442435093305,True,,0.02286766354707383,ransac,4,False,True,E8|NC2_full_mismatch,1000000.0,525
30,26,26,3312,86.88164424530662,True,,0.003128303720569498,ransac,4,False,True,E8|NC2_full_mismatch,1000000.0,526
30,25,25,3264,14.715672412066624,True,,0.011434661238201983,ransac,7,False,True,E8|NC2_full_mismatch,1000000.0,527
30,20,20,3248,153.49264987998134,True,,0.0017507824156970254,ransac,4,False,True,E8|NC2_full_mismatch,1000000.0,528
30,22,22,3280,62.69857327231353,True,,0.05231058833601383,ransac,5,False,True,E8|NC2_full_mismatch,1000000.0,529
30,23,23,3280,51.541737096802066,True,,0.02571371457282172,ransac,5,False,True,E8|NC2_full_mismatch,1000000.0,530
30,24,24,3280,82.68858463201246,True,,0.029625975067760203,ransac,5,False,True,E8|NC2_full_mismatch,1000000.0,531
30,25,25,3296,116.43007009312973,True,,0.034876958555493005,ransac,5,False,True,E8|NC2_full_mismatch,1000000.0,532
30,23,23,3296,164.98360067346567,True,,0.01475482567051866,ransac,4,False,True,E8|NC2_full_mismatch,1000000.0,533
30,23,23,3296,54.55014557721991,True,,0.034223617021397666,ransac,4,False,True,E8|NC2_full_mismatch,1000000.0,534
30,26,26,3312,4.552752020488152,True,,0.03267038371659389,ransac,5,False,True,E8|NC2_full_mismatch,1000000.0,535
30,25,25,3216,70.1103431886319,True,,0.05487252695936442,ransac,6,False,True,E8|NC2_full_mismatch,1000000.0,536
30,22,22,3280,99.31894556438999,True,,0.02385073884238395,ransac,6,False,True,E8|NC2_full_mismatch,1000000.0,537
30,24,24,3296,126.9697123621096,True,,0.031402931194597083,ransac,4,False,True,E8|NC2_full_mismatch,1000000.0,538
30,22,22,3312,99.98966920310674,True,,0.04372186234704245,ransac,4,False,True,E8|NC2_full_mismatch,1000000.0,539
30,24,24,3296,100.55239440356236,True,,0.03204752936014848,ransac,6,False,True,E8|NC2_full_mismatch,1000000.0,540
30,26,26,3232,48.67817002442393,True,,0.010332439060397176,ransac,5,False,True,E8|NC2_full_mismatch,1000000.0,541
30,20,20,3264,87.48016828907173,True,,0.02720303660771651,ransac,5,False,True,E8|NC2_full_mismatch,1000000.0,542
30,24,24,3264,43.82248512547661,True,,0.03352533220774968,ransac,4,False,True,E8|NC2_full_mismatch,1000000.0,543
30,22,22,3264,76.84281092894867,True,,0.048901802522767115,ransac,5,False,True,E8|NC2_full_mismatch,1000000.0,544
30,24,24,3328,149.99377574353863,True,,0.026546232082003428,ransac,5,False,True,E8|NC2_full_mismatch,1000000.0,545
30,24,24,3216,138.33387538098623,True,,0.03711081619503356,ransac,4,False,True,E8|NC2_full_mismatch,1000000.0,546
30,23,23,3264,98.6843478171135,True,,0.030264398515083137,ransac,5,False,True,E8|NC2_full_mismatch,1000000.0,547
30,23,23,3296,125.7742391074571,True,,0.03174516968704164,ransac,5,False,True,E8|NC2_full_mismatch,1000000.0,548
30,23,23,3328,29.631218554400707,True,,0.020691976143143782,ransac,6,False,True,E8|NC2_full_mismatch,1000000.0,549
30,25,25,3296,54.15013428206604,True,,0.03789130974325745,ransac,6,False,True,E8|NC2_full_mismatch,1000000.0,550
30,24,24,3280,69.99269812333307,True,,0.019773928654429705,ransac,4,False,True,E8|NC2_full_mismatch,1000000.0,551
30,25,25,3248,134.5459419495436,True,,0.03626873613409462,ransac,4,False,True,E8|NC2_full_mismatch,1000000.0,552
30,22,22,3264,127.0113461488227,True,,0.03820527305726825,ransac,5,False,True,E8|NC2_full_mismatch,1000000.0,553
30,21,21,3296,39.25559255275918,True,,0.03602496476839215,ransac,5,False,True,E8|NC2_full_mismatch,1000000.0,554
30,22,22,3248,159.57250049608226,True,,0.045955829593336446,ransac,5,False,True,E8|NC2_full_mismatch,1000000.0,555
30,22,22,3264,128.18970482285832,True,,0.04866004945854264,ransac,5,False,True,E8|NC2_full_mismatch,1000000.0,556
30,25,25,3264,153.51048338811003,True,,0.01389251415860861,ransac,6,False,True,E8|NC2_full_mismatch,1000000.0,557
30,23,23,3264,84.72208457303684,True,,0.03270394094257221,ransac,4,False,True,E8|NC2_full_mismatch,1000000.0,558
30,23,23,3328,45.34040320005962,True,,0.03959190676218595,ransac,4,False,True,E8|NC2_full_mismatch,1000000.0,559
30,20,20,3248,37.48962250110592,True,,0.03987041125580414,ransac,4,False,True,E8|NC2_full_mismatch,1000000.0,560
30,23,23,3296,171.04575217030632,True,,0.02909273726849476,ransac,4,False,True,E8|NC2_full_mismatch,1000000.0,561
30,21,21,3264,83.97864728788873,True,,0.047619951382420415,ransac,5,False,True,E8|NC2_full_mismatch,1000000.0,562
30,24,24,3264,139.05695608593138,True,,0.04629836729209089,ransac,5,False,True,E8|NC2_full_mismatch,1000000.0,563
30,20,20,3280,52.391976283730294,True,,0.020457062525178597,ransac,4,False,True,E8|NC2_full_mismatch,1000000.0,564
30,23,23,3232,45.53133632689665,True,,0.05277185648674601,ransac,6,False,True,E8|NC2_full_mismatch,1000000.0,565
30,21,21,3280,66.92929734624524,True,,0.04751898611478563,ransac,5,False,True,E8|NC2_full_mismatch,1000000.0,566
30,24,24,3312,154.9673218114991,True,,0.04758214830606823,ransac,6,False,True,E8|NC2_full_mismatch,1000000.0,567
30,23,23,3264,2.2236118263270708,True,,0.037270831450821766,ransac,5,False,True,E8|NC2_full_mismatch,1000000.0,568
30,23,23,3264,93.86980372684837,True,,0.02471458446951417,ransac,6,False,True,E8|NC2_full_mismatch,1000000.0,569
30,23,23,3248,132.59272577332993,True,,0.03571822647787941,ransac,5,False,True,E8|NC2_full_mismatch,1000000.0,570
30,21,21,3216,52.92755805308466,True,,0.029854501705448774,ransac,5,False,True,E8|NC2_full_mismatch,1000000.0,571
30,24,24,3232,86.1175127750725,True,,0.051979002690105844,ransac,4,False,True,E8|NC2_full_mismatch,1000000.0,572
30,23,23,3280,142.12800113410674,True,,0.03740580763794672,ransac,5,False,True,E8|NC2_full_mismatch,1000000.0,573
30,19,19,3312,48.920833445753225,True,,0.06069495652145255,ransac,5,False,True,E8|NC2_full_mismatch,1000000.0,574
30,22,22,3232,125.52699005130864,True,,0.05956992406560405,ransac,6,False,True,E8|NC2_full_mismatch,1000000.0,575
30,23,23,3312,19.734572476696712,True,,0.049711309865438445,ransac,5,False,True,E8|NC2_full_mismatch,1000000.0,576
30,21,21,3264,71.1146875769988,True,,0.025154779144768952,ransac,4,False,True,E8|NC2_full_mismatch,1000000.0,577
30,23,23,3264,111.09501801857746,True,,0.030737773722519183,ransac,5,False,True,E8|NC2_full_mismatch,1000000.0,578
30,22,22,3328,137.08403793012704,True,,0.036770833065801374,ransac,4,False,True,E8|NC2_full_mismatch,1000000.0,579
30,25,25,3264,165.9530164555698,True,,0.03202923486555767,ransac,5,False,True,E8|NC2_full_mismatch,1000000.0,580
30,24,24,3264,46.893344307723346,True,,0.041137629329080716,ransac,5,False,True,E8|NC2_full_mismatch,1000000.0,581
30,24,24,3312,61.77524133113239,True,,0.0498806742589484,ransac,6,False,True,E8|NC2_full_mismatch,1000000.0,582
30,21,21,3296,88.78881056200927,True,,0.026866326160386787,ransac,4,False,True,E8|NC2_full_mismatch,1000000.0,583
30,25,25,3264,72.02448542277271,True,,0.02877638958257069,ransac,5,False,True,E8|NC2_full_mismatch,1000000.0,584
30,22,22,3296,114.24968928978255,True,,0.031683792921599556,ransac,5,False,True,E8|NC2_full_mismatch,1000000.0,585
30,23,23,3264,101.50774638711506,True,,0.04721978189388703,ransac,6,False,True,E8|NC2_full_mismatch,1000000.0,586
30,27,27,3280,90.18294564554438,True,,0.014062144185334633,ransac,4,False,True,E8|NC2_full_mismatch,1000000.0,587
30,21,21,3280,154.3577667797674,True,,0.05865630743732773,ransac,5,False,True,E8|NC2_full_mismatch,1000000.0,588
30,25,25,3296,115.53159936694877,True,,0.039633289710271025,ransac,5,False,True,E8|NC2_full_mismatch,1000000.0,589
30,24,24,3280,149.74704124068364,True,,0.023945562708789017,ransac,4,False,True,E8|NC2_full_mismatch,1000000.0,590
30,23,23,3296,135.09193712503665,True,,0.0350054341996469,ransac,6,False,True,E8|NC2_full_mismatch,1000000.0,591
30,21,21,3264,100.46288047460182,True,,0.032807384791077164,ransac,5,False,True,E8|NC2_full_mismatch,1000000.0,592
30,22,22,3312,97.71472712995406,True,,0.01160063940230601,ransac,4,False,True,E8|NC2_full_mismatch,1000000.0,593
30,23,23,3312,116.68562016169838,True,,0.04417610616805508,ransac,5,False,True,E8|NC2_full_mismatch,1000000.0,594
30,22,22,3280,96.00477737150182,True,,0.005577609822729519,ransac,4,False,True,E8|NC2_full_mismatch,1000000.0,595
30,24,24,3280,114.24009195407531,True,,0.050957893061652645,ransac,4,False,True,E8|NC2_full_mismatch,1000000.0,596
30,21,21,3264,145.4080530010684,True,,0.015871226819120732,ransac,4,False,True,E8|NC2_full_mismatch,1000000.0,597
30,24,24,3280,88.43860206960854,True,,0.03427129465113833,ransac,4,False,True,E8|NC2_full_mismatch,1000000.0,598
30,21,21,3216,104.76214162260014,True,,0.007784602774592873,ransac,3,False,True,E8|NC2_full_mismatch,1000000.0,599
30,25,25,3312,143.1265960127348,True,,0.03300739392724059,ransac,5,False,True,E8|NC2_full_mismatch,1000000.0,600
30,24,24,3232,42.92436573893372,True,,0.03666006444205559,ransac,6,False,True,E8|NC2_full_mismatch,1000000.0,601
30,22,22,3296,38.05891706231694,True,,0.028049792380514894,ransac,4,False,True,E8|NC2_full_mismatch,1000000.0,602
30,23,23,3248,40.71035018333134,True,,0.012928642216134444,ransac,4,False,True,E8|NC2_full_mismatch,1000000.0,603
30,25,25,3280,24.238291755546584,True,,0.020874631373023735,ransac,5,False,True,E8|NC2_full_mismatch,1000000.0,604
30,24,24,3296,146.1797760081373,True,,0.03939207219140086,ransac,5,False,True,E8|NC2_full_mismatch,1000000.0,605
30,23,23,3280,78.44412490977223,True,,0.04016187380602126,ransac,5,False,True,E8|NC2_full_mismatch,1000000.0,606
30,23,23,3296,84.84646226410347,True,,0.006744711636564221,ransac,4,False,True,E8|NC2_full_mismatch,1000000.0,607
30,22,22,3296,58.580886855433754,True,,0.03090491420474006,ransac,4,False,True,E8|NC2_full_mismatch,1000000.0,608
30,25,25,3312,126.06726424388962,True,,0.03231284884839866,ransac,5,False,True,E8|NC2_full_mismatch,1000000.0,609
30,25,25,3296,4.006316074317276,True,,0.03023187609954371,ransac,5,False,True,E8|NC2_full_mismatch,1000000.0,610
30,24,24,3248,37.82615098385898,True,,0.03614789824620559,ransac,5,False,True,E8|NC2_full_mismatch,1000000.0,611
30,24,24,3280,141.07566198780557,True,,0.022278861743781065,ransac,5,False,True,E8|NC2_full_mismatch,1000000.0,612
30,23,23,3280,95.49618144389385,True,,0.03615319194861962,ransac,5,False,True,E8|NC2_full_mismatch,1000000.0,613
30,22,22,3248,44.2388323156082,True,,0.035043113027604655,ransac,4,False,True,E8|NC2_full_mismatch,1000000.0,614
30,22,22,3280,80.98684523764543,True,,0.025856240826159317,ransac,6,False,True,E8|NC2_full_mismatch,1000000.0,615
30,25,25,3296,65.88425769029729,True,,0.02891402837379567,ransac,5,False,True,E8|NC2_full_mismatch,1000000.0,616
30,24,24,3248,79.37298754841356,True,,0.03803980296303444,ransac,5,False,True,E8|NC2_full_mismatch,1000000.0,617
30,24,24,3280,108.95749112126973,True,,0.04071348776889897,ransac,4,False,True,E8|NC2_full_mismatch,1000000.0,618
30,24,24,3296,119.84398532087508,True,,0.05443502915707021,ransac,5,False,True,E8|NC2_full_mismatch,1000000.0,619
30,24,24,3248,66.38290150719422,True,,0.023890570744370333,ransac,5,False,True,E8|NC2_full_mismatch,1000000.0,620
30,24,24,3280,62.10003916586545,True,,0.05934610286984881,ransac,5,False,True,E8|NC2_full_mismatch,1000000.0,621
30,22,22,3296,122.4770918366094,True,,0.010071101070368575,ransac,5,False,True,E8|NC2_full_mismatch,1000000.0,622
30,24,24,3264,170.68699676346145,True,,0.0218242180093612,ransac,5,False,True,E8|NC2_full_mismatch,1000000.0,623
30,24,24,3280,124.36211642923547,True,,0.035467621046586385,ransac,4,False,True,E8|NC2_full_mismatch,1000000.0,624
30,25,25,3248,89.88620910738581,True,,0.031689327767313744,ransac,5,False,True,E8|NC2_full_mismatch,1000000.0,625
30,25,25,3248,79.52692776883309,True,,0.04679879282140396,ransac,6,False,True,E8|NC2_full_mismatch,1000000.0,626
30,24,24,3296,136.0637768390315,True,,0.015509663724413501,ransac,4,False,True,E8|NC2_full_mismatch,1000000.0,627
30,24,24,3296,31.19910645383626,True,,0.017789853883596687,ransac,5,False,True,E8|NC2_full_mismatch,1000000.0,628
30,23,23,3328,51.75893205420172,True,,0.010471147302478008,ransac,5,False,True,E8|NC2_full_mismatch,1000000.0,629
30,26,26,3264,47.684268148168925,True,,0.04244123636938851,ransac,5,False,True,E8|NC2_full_mismatch,1000000.0,630
30,23,23,3280,39.5813457260883,True,,0.013174512402711114,ransac,4,False,True,E8|NC2_full_mismatch,1000000.0,631
30,21,21,3264,107.56035852552313,True,,0.04679535541434853,ransac,5,False,True,E8|NC2_full_mismatch,1000000.0,632
30,24,24,3248,139.69809903738545,True,,0.04960659107026385,ransac,5,False,True,E8|NC2_full_mismatch,1000000.0,633
30,22,22,3248,79.61725577822281,True,,0.10919817268517236,ransac,6,False,True,E8|NC2_full_mismatch,1000000.0,634
30,24,24,3312,119.8152606884929,True,,0.03245165464579659,ransac,4,False,True,E8|NC2_full_mismatch,1000000.0,635
30,22,22,3280,25.69434376501663,True,,0.025773577472044402,ransac,5,False,True,E8|NC2_full_mismatch,1000000.0,636
30,23,23,3328,106.16874046250248,True,,0.06330100680233276,ransac,5,False,True,E8|NC2_full_mismatch,1000000.0,637
30,24,24,3280,45.46684316739539,True,,0.03297286529597537,ransac,4,False,True,E8|NC2_full_mismatch,1000000.0,638
30,25,25,3312,131.08534386757552,True,,0.048066245785375966,ransac,4,False,True,E8|NC2_full_mismatch,1000000.0,639
30,24,24,3280,65.21569279636383,True,,0.027133036842706175,ransac,6,False,True,E8|NC2_full_mismatch,1000000.0,640
30,24,24,3280,113.97929390297604,True,,0.05085177238174143,ransac,5,False,True,E8|NC2_full_mismatch,1000000.0,641
30,21,21,3248,65.04717558698327,True,,0.02982496861317399,ransac,4,False,True,E8|NC2_full_mismatch,1000000.0,642
30,22,22,3264,6.582694182473063,True,,0.05018555854544141,ransac,6,False,True,E8|NC2_full_mismatch,1000000.0,643
30,22,22,3280,90.3486854517994,True,,0.06784192214046067,ransac,5,False,True,E8|NC2_full_mismatch,1000000.0,644
30,24,24,3312,19.89663585667332,True,,0.026432193548991796,ransac,6,False,True,E8|NC2_full_mismatch,1000000.0,645
30,22,22,3264,111.43285714139117,True,,0.036532701780911656,ransac,6,False,True,E8|NC2_full_mismatch,1000000.0,646
30,21,21,3296,82.60983888122068,True,,0.052157579626245974,ransac,4,False,True,E8|NC2_full_mismatch,1000000.0,647
30,24,24,3312,93.86482035523862,True,,0.03266525104886286,ransac,5,False,True,E8|NC2_full_mismatch,1000000.0,648
30,22,22,3280,136.2874363676263,True,,0.027259179635060568,ransac,5,False,True,E8|NC2_full_mismatch,1000000.0,649
30,21,21,3264,37.424871802673934,True,,0.07112771245982899,ransac,4,False,True,E8|NC2_full_mismatch,1000000.0,650
30,24,24,3296,112.6186252604883,True,,0.025294472677751232,ransac,5,False,True,E8|NC2_full_mismatch,1000000.0,651
30,24,24,3280,150.45955916028996,True,,0.021748179594281134,ransac,4,False,True,E8|NC2_full_mismatch,1000000.0,652
30,25,25,3312,141.14985662751602,True,,0.023750512310282766,ransac,4,False,True,E8|NC2_full_mismatch,1000000.0,653
30,21,21,3280,138.54356442333588,True,,0.04142184881845326,ransac,5,False,True,E8|NC2_full_mismatch,1000000.0,654
30,23,23,3232,101.78269197808191,True,,0.02656995229680144,ransac,4,False,True,E8|NC2_full_mismatch,1000000.0,655
30,23,23,3296,29.74372671248248,True,,0.044108671689342634,ransac,7,False,True,E8|NC2_full_mismatch,1000000.0,656
30,24,24,3232,76.27284990017006,True,,0.03095425760746168,ransac,6,False,True,E8|NC2_full_mismatch,1000000.0,657
30,22,22,3296,65.59517966677157,True,,0.010690101873811541,ransac,5,False,True,E8|NC2_full_mismatch,1000000.0,658
30,22,22,3232,39.587911451234085,True,,0.03994063730086984,ransac,6,False,True,E8|NC2_full_mismatch,1000000.0,659
30,22,22,3264,156.54615987718145,True,,0.055793027203349485,ransac,6,False,True,E8|NC2_full_mismatch,1000000.0,660
30,25,25,3264,89.79211875771631,True,,0.03438997910129868,ransac,6,False,True,E8|NC2_full_mismatch,1000000.0,661
30,24,24,3312,79.6057863297936,True,,0.06094114730075712,ransac,4,False,True,E8|NC2_full_mismatch,1000000.0,662
30,22,22,3264,91.00641702248328,True,,0.03984436424879203,ransac,5,False,True,E8|NC2_full_mismatch,1000000.0,663
30,22,22,3232,16.428727576171497,True,,0.007152842461275832,ransac,5,False,True,E8|NC2_full_mismatch,1000000.0,664
30,26,26,3280,130.58697873906544,True,,0.024781893605975432,ransac,5,False,True,E8|NC2_full_mismatch,1000000.0,665
30,24,24,3312,76.16116688120461,True,,0.048588961198496,ransac,5,False,True,E8|NC2_full_mismatch,1000000.0,666
30,23,23,3312,93.76316335562262,True,,0.013488833350250048,ransac,5,False,True,E8|NC2_full_mismatch,1000000.0,667
30,24,24,3280,73.2352006759067,True,,0.010188242138864555,ransac,5,False,True,E8|NC2_full_mismatch,1000000.0,668
30,23,23,3232,74.21852068158695,True,,0.020598328216055607,ransac,4,False,True,E8|NC2_full_mismatch,1000000.0,669
30,24,24,3280,155.8555314620028,True,,0.02073647343283508,ransac,5,False,True,E8|NC2_full_mismatch,1000000.0,670
30,23,23,3264,171.24140833483838,True,,0.016117286569826594,ransac,4,False,True,E8|NC2_full_mismatch,1000000.0,671
30,24,24,3264,146.1595005300864,True,,0.01705894113546583,ransac,5,False,True,E8|NC2_full_mismatch,1000000.0,672
30,23,23,3296,49.28381902884977,True,,0.04715991827175583,ransac,6,False,True,E8|NC2_full_mismatch,1000000.0,673
30,24,24,3312,62.854594463539684,True,,0.05185150246388116,ransac,6,False,True,E8|NC2_full_mismatch,1000000.0,674
30,22,22,3280,134.68012040131683,True,,0.027357398072259256,ransac,7,False,True,E8|NC2_full_mismatch,1000000.0,675
30,26,26,3264,167.12218390968332,True,,0.03790447910067567,ransac,5,False,True,E8|NC2_full_mismatch,1000000.0,676
30,25,25,3264,53.24573185700161,True,,0.06206723371967906,ransac,5,False,True,E8|NC2_full_mismatch,1000000.0,677
30,23,23,3280,52.77209610769708,True,,0.0391400908186999,ransac,4,False,True,E8|NC2_full_mismatch,1000000.0,678
30,23,23,3328,49.638853109877346,True,,0.03287667182709568,ransac,5,False,True,E8|NC2_full_mismatch,1000000.0,679
30,25,25,3248,146.1573000738762,True,,0.017174402757839453,ransac,6,False,True,E8|NC2_full_mismatch,1000000.0,680
30,24,24,3248,55.27728821200272,True,,0.0019456157128998589,ransac,4,False,True,E8|NC2_full_mismatch,1000000.0,681
30,22,22,3296,47.453753137526384,True,,0.0384852360128631,ransac,5,False,True,E8|NC2_full_mismatch,1000000.0,682
30,23,23,3312,59.15449220460349,True,,0.022671253723068076,ransac,5,False,True,E8|NC2_full_mismatch,1000000.0,683
30,22,22,3296,46.98540450058726,True,,0.041103555218775185,ransac,6,False,True,E8|NC2_full_mismatch,1000000.0,684
30,24,24,3264,61.86511010240485,True,,0.046064819926345285,ransac,6,False,True,E8|NC2_full_mismatch,1000000.0,685
30,25,25,3264,48.96214079569555,True,,0.041841512994537845,ransac,5,False,True,E8|NC2_full_mismatch,1000000.0,686
30,23,23,3296,64.3210954458723,True,,0.023021396641321867,ransac,5,False,True,E8|NC2_full_mismatch,1000000.0,687
30,24,24,3248,130.2675336899666,True,,0.03057993199825399,ransac,5,False,True,E8|NC2_full_mismatch,1000000.0,688
30,25,25,3280,42.449721669402706,True,,0.044104815424098366,ransac,5,False,True,E8|NC2_full_mismatch,1000000.0,689
30,24,24,3296,117.84362873937783,True,,0.030151643377597286,ransac,4,False,True,E8|NC2_full_mismatch,1000000.0,690
30,25,25,3248,104.19422452379021,True,,0.029156252231548666,ransac,4,False,True,E8|NC2_full_mismatch,1000000.0,691
30,24,24,3264,131.99546856679856,True,,0.018483863916225193,ransac,5,False,True,E8|NC2_full_mismatch,1000000.0,692
30,24,24,3248,61.69583526992566,True,,0.07318195149401358,ransac,4,False,True,E8|NC2_full_mismatch,1000000.0,693
30,25,25,3264,106.54715306514504,True,,0.03918722569915013,ransac,5,False,True,E8|NC2_full_mismatch,1000000.0,694
30,24,24,3264,48.85053951221701,True,,0.03831633497138577,ransac,5,False,True,E8|NC2_full_mismatch,1000000.0,695
30,23,23,3280,118.19234386021319,True,,0.0333799044378358,ransac,5,False,True,E8|NC2_full_mismatch,1000000.0,696
30,24,24,3280,131.83187216594814,True,,0.0377424205476363,ransac,6,False,True,E8|NC2_full_mismatch,1000000.0,697
30,24,24,3296,97.06512024430695,True,,0.03210911679505174,ransac,5,False,True,E8|NC2_full_mismatch,1000000.0,698
30,23,23,3280,49.25877738444877,True,,0.01764880971481139,ransac,5,False,True,E8|NC2_full_mismatch,1000000.0,699
30,23,23,3280,132.35171568357944,True,,0.012976557599597306,ransac,5,False,True,E8|NC2_full_mismatch,1000000.0,700
30,24,24,3296,66.2705531529052,True,,0.0382403669792097,ransac,5,False,True,E8|NC2_full_mismatch,1000000.0,701
30,25,25,3312,45.19263727138459,True,,0.024232364481557005,ransac,6,False,True,E8|NC2_full_mismatch,1000000.0,702
30,22,22,3296,16.371666357879743,True,,0.05083530035866519,ransac,5,False,True,E8|NC2_full_mismatch,1000000.0,703
30,22,22,3264,18.91433760791908,True,,0.027610880225940628,ransac,4,False,True,E8|NC2_full_mismatch,1000000.0,704
30,24,24,3296,14.080143248330113,True,,0.04117907899410172,ransac,6,False,True,E8|NC2_full_mismatch,1000000.0,705
30,23,23,3248,52.653078391143424,True,,0.03887852077615276,ransac,5,False,True,E8|NC2_full_mismatch,1000000.0,706
30,21,21,3264,157.47952800923298,True,,0.03742741299800835,ransac,6,False,True,E8|NC2_full_mismatch,1000000.0,707
30,24,24,3264,87.0670534364073,True,,0.057815787287967935,ransac,5,False,True,E8|NC2_full_mismatch,1000000.0,708
30,24,24,3280,44.971401222986565,True,,0.03456158737494869,ransac,6,False,True,E8|NC2_full_mismatch,1000000.0,709
30,20,20,3296,145.2045082109686,True,,0.0428487146149828,ransac,5,False,True,E8|NC2_full_mismatch,1000000.0,710
30,22,22,3248,30.92376349261675,True,,0.04916964153286997,ransac,4,False,True,E8|NC2_full_mismatch,1000000.0,711
30,23,23,3296,116.10134240543547,True,,0.011672656485297654,ransac,4,False,True,E8|NC2_full_mismatch,1000000.0,712
30,24,24,3296,19.736516597236132,True,,0.0725369857394913,ransac,5,False,True,E8|NC2_full_mismatch,1000000.0,713
30,23,23,3264,56.39618439063311,True,,0.045776776625975804,ransac,6,False,True,E8|NC2_full_mismatch,1000000.0,714
30,24,24,3264,109.75137466973649,True,,0.044845460987052686,ransac,6,False,True,E8|NC2_full_mismatch,1000000.0,715
30,24,24,3296,134.02180582131948,True,,0.04313496834183812,ransac,5,False,True,E8|NC2_full_mismatch,1000000.0,716
30,22,22,3280,41.51843974832432,True,,0.03058931876271071,ransac,4,False,True,E8|NC2_full_mismatch,1000000.0,717
30,22,22,3312,0.1866650938984479,True,,0.0232626160896733,ransac,5,False,True,E8|NC2_full_mismatch,1000000.0,718
30,24,24,3248,99.27071821307678,True,,0.012824133782189964,ransac,4,False,True,E8|NC2_full_mismatch,1000000.0,719
30,24,24,3328,49.54861273926373,True,,0.027506635438619653,ransac,6,False,True,E8|NC2_full_mismatch,1000000.0,720
30,22,22,3248,60.76902775137109,True,,0.056564827790977996,ransac,4,False,True,E8|NC2_full_mismatch,1000000.0,721
30,24,24,3248,58.15620707470009,True,,0.03189441583726337,ransac,4,False,True,E8|NC2_full_mismatch,1000000.0,722
30,24,24,3296,93.64215284409421,True,,0.015148587593258978,ransac,4,False,True,E8|NC2_full_mismatch,1000000.0,723
30,23,23,3296,133.94310570288422,True,,0.05427424802188271,ransac,4,False,True,E8|NC2_full_mismatch,1000000.0,724
30,24,24,3296,133.31539940365892,True,,0.013691341307014063,ransac,5,False,True,E8|NC2_full_mismatch,1000000.0,725
30,22,22,3296,106.35051605001658,True,,0.046184612837267734,ransac,5,False,True,E8|NC2_full_mismatch,1000000.0,726
30,23,23,3216,58.96716181500223,True,,0.02735929520302621,ransac,5,False,True,E8|NC2_full_mismatch,1000000.0,727
30,23,23,3264,138.10713380054327,True,,0.04883854715155086,ransac,4,False,True,E8|NC2_full_mismatch,1000000.0,728
30,25,25,3312,109.70747302575035,True,,0.04777099745486112,ransac,5,False,True,E8|NC2_full_mismatch,1000000.0,729
30,24,24,3280,130.9547449295417,True,,0.027353275493947518,ransac,5,False,True,E8|NC2_full_mismatch,1000000.0,730
30,23,23,3280,105.1062279419025,True,,0.03462860707281531,ransac,5,False,True,E8|NC2_full_mismatch,1000000.0,731
30,23,23,3280,127.8358705668212,True,,0.03926737672545776,ransac,4,False,True,E8|NC2_full_mismatch,1000000.0,732
30,20,20,3264,97.51466827922627,True,,0.038126126301788174,ransac,3,False,True,E8|NC2_full_mismatch,1000000.0,733
30,24,24,3264,113.51671933254505,True,,0.04943107940812547,ransac,5,False,True,E8|NC2_full_mismatch,1000000.0,734
30,23,23,3312,98.77100603058422,True,,0.024200686327959207,ransac,4,False,True,E8|NC2_full_mismatch,1000000.0,735
30,24,24,3264,145.16938286337083,True,,0.04172305886928647,ransac,4,False,True,E8|NC2_full_mismatch,1000000.0,736
30,25,25,3280,15.495634157283245,True,,0.055364213511709955,ransac,6,False,True,E8|NC2_full_mismatch,1000000.0,737
30,23,23,3312,69.962508615244,True,,0.04047624316283021,ransac,4,False,True,E8|NC2_full_mismatch,1000000.0,738
30,26,26,3312,54.61713213114955,True,,0.03969194958633106,ransac,7,False,True,E8|NC2_full_mismatch,1000000.0,739
30,24,24,3264,71.39685833071384,True,,0.03780852145383382,ransac,5,False,True,E8|NC2_full_mismatch,1000000.0,740
30,24,24,3264,60.271102010659185,True,,0.049232359439273544,ransac,4,False,True,E8|NC2_full_mismatch,1000000.0,741
30,22,22,3280,132.5777171018233,True,,0.008970107750546838,ransac,5,False,True,E8|NC2_full_mismatch,1000000.0,742
30,25,25,3296,122.15583597063323,True,,0.051905181851194596,ransac,5,False,True,E8|NC2_full_mismatch,1000000.0,743
30,23,23,3296,166.0809176873546,True,,0.04229622174394825,ransac,5,False,True,E8|NC2_full_mismatch,1000000.0,744
30,25,25,3312,17.187069127428373,True,,0.04625905597066519,ransac,5,False,True,E8|NC2_full_mismatch,1000000.0,745
30,22,22,3296,57.562225193882355,True,,0.07062975367498343,ransac,4,False,True,E8|NC2_full_mismatch,1000000.0,746
30,24,24,3296,121.83663070897848,True,,0.0301346949787784,ransac,5,False,True,E8|NC2_full_mismatch,1000000.0,747
30,25,25,3312,146.85824159349258,True,,0.04340348409585501,ransac,6,False,True,E8|NC2_full_mismatch,1000000.0,748
30,25,25,3200,108.2374493437755,True,,0.04335045185491333,ransac,4,False,True,E8|NC2_full_mismatch,1000000.0,749
30,24,24,3248,69.44617836122438,True,,0.021912793414966443,ransac,6,False,True,E8|NC2_full_mismatch,1000000.0,750
30,23,23,3280,104.81703988687431,True,,0.06652993566830648,ransac,4,False,True,E8|NC2_full_mismatch,1000000.0,751
30,25,25,3280,126.87650949711177,True,,0.027982760423450406,ransac,5,False,True,E8|NC2_full_mismatch,1000000.0,752
30,26,26,3312,105.58921071805923,True,,0.029697683760412607,ransac,5,False,True,E8|NC2_full_mismatch,1000000.0,753
30,24,24,3232,106.98072596012392,True,,0.023636655940345443,ransac,5,False,True,E8|NC2_full_mismatch,1000000.0,754
30,24,24,3264,92.63393062831338,True,,0.03471915829862449,ransac,5,False,True,E8|NC2_full_mismatch,1000000.0,755
30,24,24,3232,106.57409836993428,True,,0.047445126915484755,ransac,5,False,True,E8|NC2_full_mismatch,1000000.0,756
30,23,23,3280,4.672146175594263,True,,0.04227374787073669,ransac,6,False,True,E8|NC2_full_mismatch,1000000.0,757
30,24,24,3264,51.293223483561434,True,,0.024099569550096157,ransac,5,False,True,E8|NC2_full_mismatch,1000000.0,758
30,23,23,3296,170.48994365753003,True,,0.03947916679235793,ransac,6,False,True,E8|NC2_full_mismatch,1000000.0,759
30,23,23,3280,71.18807519321541,True,,0.0415828775343969,ransac,5,False,True,E8|NC2_full_mismatch,1000000.0,760
30,22,22,3264,53.28244851657344,True,,0.045953567202839635,ransac,6,False,True,E8|NC2_full_mismatch,1000000.0,761
30,26,26,3296,3.5602039788460442,True,,0.04483230693792679,ransac,6,False,True,E8|NC2_full_mismatch,1000000.0,762
30,21,21,3296,18.16147792377899,True,,0.10893157634536482,ransac,3,False,True,E8|NC2_full_mismatch,1000000.0,763
30,21,21,3232,3.1379446911331903,True,,0.035199945250668906,ransac,6,False,True,E8|NC2_full_mismatch,1000000.0,764
30,26,26,3280,52.430893393432406,True,,0.02336350404397907,ransac,4,False,True,E8|NC2_full_mismatch,1000000.0,765
30,22,22,3296,121.6904165901838,True,,0.031807508202151134,ransac,4,False,True,E8|NC2_full_mismatch,1000000.0,766
30,23,23,3328,78.09078984897982,True,,0.034846858929527706,ransac,5,False,True,E8|NC2_full_mismatch,1000000.0,767
30,21,21,3296,104.677715621666,True,,0.04438020912932611,ransac,5,False,True,E8|NC2_full_mismatch,1000000.0,768
30,24,24,3296,63.214523295200955,True,,0.03288478755956784,ransac,6,False,True,E8|NC2_full_mismatch,1000000.0,769
30,22,22,3280,107.05248401632745,True,,0.01611648507051929,ransac,5,False,True,E8|NC2_full_mismatch,1000000.0,770
30,24,24,3312,79.31276296299386,True,,0.027622296122106663,ransac,7,False,True,E8|NC2_full_mismatch,1000000.0,771
30,24,24,3280,69.3921428601055,True,,0.030087355934205945,ransac,5,False,True,E8|NC2_full_mismatch,1000000.0,772
30,24,24,3280,82.84796746459608,True,,0.032639699143397365,ransac,5,False,True,E8|NC2_full_mismatch,1000000.0,773
30,22,22,3280,26.936948508841144,True,,0.032848239973123625,ransac,5,False,True,E8|NC2_full_mismatch,1000000.0,774
30,24,24,3216,98.36559138240138,True,,0.024460696366451387,ransac,5,False,True,E8|NC2_full_mismatch,1000000.0,775
30,25,25,3312,138.84040487249717,True,,0.03985591168010677,ransac,5,False,True,E8|NC2_full_mismatch,1000000.0,776
30,22,22,3280,67.68069489936083,True,,0.02870187478003471,ransac,4,False,True,E8|NC2_full_mismatch,1000000.0,777
30,24,24,3296,147.45510891332523,True,,0.044581042381640075,ransac,5,False,True,E8|NC2_full_mismatch,1000000.0,778
30,24,24,3264,167.3530658766359,True,,0.007571220226050589,ransac,5,False,True,E8|NC2_full_mismatch,1000000.0,779
30,24,24,3296,144.7576587779007,True,,0.033194948360013805,ransac,5,False,True,E8|NC2_full_mismatch,1000000.0,780
30,23,23,3248,44.83614939034078,True,,0.04408715796716033,ransac,5,False,True,E8|NC2_full_mismatch,1000000.0,781
30,22,22,3264,89.28751702614673,True,,0.048504193061767585,ransac,4,False,True,E8|NC2_full_mismatch,1000000.0,782
30,22,22,3296,130.46575189897962,True,,0.06861562502890492,ransac,4,False,True,E8|NC2_full_mismatch,1000000.0,783
30,24,24,3328,15.38761470771975,True,,0.04238371647718523,ransac,4,False,True,E8|NC2_full_mismatch,1000000.0,784
30,25,25,3280,8.367453772055816,True,,0.024600185740946003,ransac,4,False,True,E8|NC2_full_mismatch,1000000.0,785
30,25,25,3312,144.7593256413472,True,,0.03456554123924853,ransac,5,False,True,E8|NC2_full_mismatch,1000000.0,786
30,26,26,3248,74.17429596648446,True,,0.04190348440482077,ransac,4,False,True,E8|NC2_full_mismatch,1000000.0,787
30,25,25,3312,98.98049304399667,True,,0.02942784082572221,ransac,5,False,True,E8|NC2_full_mismatch,1000000.0,788
30,24,24,3280,59.145521753489966,True,,0.031290187135744205,ransac,4,False,True,E8|NC2_full_mismatch,1000000.0,789
30,23,23,3280,161.87064608196613,True,,0.04742831609530856,ransac,4,False,True,E8|NC2_full_mismatch,1000000.0,790
30,23,23,3248,54.25592003502689,True,,0.031160557111340522,ransac,5,False,True,E8|NC2_full_mismatch,1000000.0,791
30,25,25,3296,140.6281436057753,True,,0.030822119959844605,ransac,5,False,True,E8|NC2_full_mismatch,1000000.0,792
30,26,26,3296,44.70482326372794,True,,0.02595760071827486,ransac,4,False,True,E8|NC2_full_mismatch,1000000.0,793
30,25,25,3232,65.93133305105304,True,,0.03440566731407064,ransac,6,False,True,E8|NC2_full_mismatch,1000000.0,794
30,24,24,3248,31.415765767055966,True,,0.039446185197702016,ransac,4,False,True,E8|NC2_full_mismatch,1000000.0,795
30,25,25,3296,72.95388419699835,True,,0.015444949912497391,ransac,4,False,True,E8|NC2_full_mismatch,1000000.0,796
30,24,24,3280,46.071862952703384,True,,0.005619447367457824,ransac,4,False,True,E8|NC2_full_mismatch,1000000.0,797
30,22,22,3296,159.0075682702089,True,,0.054464245539188855,ransac,5,False,True,E8|NC2_full_mismatch,1000000.0,798
30,21,21,3328,101.91869875757216,True,,0.03024606575235648,ransac,4,False,True,E8|NC2_full_mismatch,1000000.0,799
30,24,24,3280,69.26592930728931,True,,0.015621446663373456,ransac,4,False,True,E8|NC2_full_mismatch,1000000.0,800
30,19,19,3280,129.18099732074407,True,,0.016046536288704612,ransac,4,False,True,E8|NC2_full_mismatch,1000000.0,801
30,25,25,3280,34.212920245872255,True,,0.01814832511269661,ransac,4,False,True,E8|NC2_full_mismatch,1000000.0,802
30,26,26,3296,61.68856621883559,True,,0.03463764010071418,ransac,6,False,True,E8|NC2_full_mismatch,1000000.0,803
30,23,23,3264,37.08284556671886,True,,0.020980381696567074,ransac,4,False,True,E8|NC2_full_mismatch,1000000.0,804
30,23,23,3200,104.2398824699999,True,,0.017171711888232848,ransac,3,False,True,E8|NC2_full_mismatch,1000000.0,805
30,24,24,3232,61.76458145558924,True,,0.04588664991591686,ransac,4,False,True,E8|NC2_full_mismatch,1000000.0,806
30,22,22,3296,82.47899669920649,True,,0.04875039221508935,ransac,6,False,True,E8|NC2_full_mismatch,1000000.0,807
30,23,23,3232,46.62204765466122,True,,0.01771101810450035,ransac,5,False,True,E8|NC2_full_mismatch,1000000.0,808
30,25,25,3296,87.3809763690027,True,,0.04070402752433089,ransac,5,False,True,E8|NC2_full_mismatch,1000000.0,809
30,24,24,3280,72.43689219078554,True,,0.009156060667338586,ransac,5,False,True,E8|NC2_full_mismatch,1000000.0,810
30,23,23,3280,53.08469822949856,True,,0.020299921406212243,ransac,4,False,True,E8|NC2_full_mismatch,1000000.0,811
30,23,23,3296,126.39267777094328,True,,0.04770617153336223,ransac,6,False,True,E8|NC2_full_mismatch,1000000.0,812
30,24,24,3280,59.190031707034855,True,,0.020151710298833603,ransac,4,False,True,E8|NC2_full_mismatch,1000000.0,813
30,23,23,3280,70.023411021198,True,,0.01903029467711462,ransac,5,False,True,E8|NC2_full_mismatch,1000000.0,814
30,22,22,3280,166.84171209597753,True,,0.031567935817587434,ransac,4,False,True,E8|NC2_full_mismatch,1000000.0,815
30,22,22,3296,173.71985915320423,True,,0.027637938958550778,ransac,5,False,True,E8|NC2_full_mismatch,1000000.0,816
30,22,22,3264,85.75421732263341,True,,0.03751969285699549,ransac,5,False,True,E8|NC2_full_mismatch,1000000.0,817
30,23,23,3296,118.56532886410103,True,,0.03962101716889482,ransac,4,False,True,E8|NC2_full_mismatch,1000000.0,818
30,23,23,3280,11.198043443133285,True,,0.04027407965320122,ransac,6,False,True,E8|NC2_full_mismatch,1000000.0,819
30,22,22,3248,82.2503064118632,True,,0.008651685992956465,ransac,4,False,True,E8|NC2_full_mismatch,1000000.0,820
30,25,25,3264,93.95996145146682,True,,0.029352835999500396,ransac,6,False,True,E8|NC2_full_mismatch,1000000.0,821
30,24,24,3248,63.16915374775334,True,,0.0550596916725667,ransac,5,False,True,E8|NC2_full_mismatch,1000000.0,822
30,23,23,3232,77.24772590458956,True,,0.0383718643978823,ransac,5,False,True,E8|NC2_full_mismatch,1000000.0,823
30,22,22,3280,104.43442642768787,True,,0.038940115959827076,ransac,6,False,True,E8|NC2_full_mismatch,1000000.0,824
30,22,22,3296,173.49649097666412,True,,0.05587689193025757,ransac,6,False,True,E8|NC2_full_mismatch,1000000.0,825
30,19,19,3296,142.32196525909794,True,,0.02887523769686225,ransac,4,False,True,E8|NC2_full_mismatch,1000000.0,826
30,23,23,3296,74.91706954669522,True,,0.023829644087197493,ransac,5,False,True,E8|NC2_full_mismatch,1000000.0,827
30,24,24,3248,131.37183604039234,True,,0.08727866392036777,ransac,4,False,True,E8|NC2_full_mismatch,1000000.0,828
30,23,23,3280,87.8795610990432,True,,0.030786785880527537,ransac,6,False,True,E8|NC2_full_mismatch,1000000.0,829
30,23,23,3312,126.49202386850263,True,,0.021938492398976515,ransac,3,False,True,E8|NC2_full_mismatch,1000000.0,830
30,24,24,3296,55.40682404450197,True,,0.016195524227526945,ransac,4,False,True,E8|NC2_full_mismatch,1000000.0,831
30,23,23,3264,86.73430950463865,True,,0.02213652350605037,ransac,5,False,True,E8|NC2_full_mismatch,1000000.0,832
30,23,23,3280,74.56455792742283,True,,0.04026258680437297,ransac,5,False,True,E8|NC2_full_mismatch,1000000.0,833
30,24,24,3280,94.35997806027459,True,,0.007239499427423,ransac,4,False,True,E8|NC2_full_mismatch,1000000.0,834
30,22,22,3264,145.06919354015096,True,,0.028636217232738674,ransac,5,False,True,E8|NC2_full_mismatch,1000000.0,835
30,22,22,3264,59.82081237748622,True,,0.02825548798230304,ransac,5,False,True,E8|NC2_full_mismatch,1000000.0,836
30,23,23,3312,2.287941626153553,True,,0.0280833857014254,ransac,4,False,True,E8|NC2_full_mismatch,1000000.0,837
30,23,23,3232,111.35154576110203,True,,0.02532643207850415,ransac,4,False,True,E8|NC2_full_mismatch,1000000.0,838
30,24,24,3280,152.6539294811088,True,,0.043080838221091135,ransac,6,False,True,E8|NC2_full_mismatch,1000000.0,839
30,24,24,3280,90.1329648564815,True,,0.053111077494384866,ransac,6,False,True,E8|NC2_full_mismatch,1000000.0,840
30,25,25,3312,48.33679323828844,True,,0.040868780202340894,ransac,5,False,True,E8|NC2_full_mismatch,1000000.0,841
30,23,23,3296,110.54113936499775,True,,0.025956367263060682,ransac,5,False,True,E8|NC2_full_mismatch,1000000.0,842
30,25,25,3296,117.39552972197622,True,,0.02786229191733563,ransac,5,False,True,E8|NC2_full_mismatch,1000000.0,843
30,23,23,3312,111.4388283800254,True,,0.05361526734570235,ransac,5,False,True,E8|NC2_full_mismatch,1000000.0,844
30,24,24,3312,68.89230228259753,True,,0.015888044963947343,ransac,5,False,True,E8|NC2_full_mismatch,1000000.0,845
30,24,24,3264,64.74597365982517,True,,0.03532716294441713,ransac,5,False,True,E8|NC2_full_mismatch,1000000.0,846
30,22,22,3264,119.01739171907514,True,,0.013938832648327952,ransac,6,False,True,E8|NC2_full_mismatch,1000000.0,847
30,23,23,3312,77.47619907387505,True,,0.027088083100877562,ransac,4,False,True,E8|NC2_full_mismatch,1000000.0,848
30,24,24,3280,26.324285199196424,True,,0.023547937707636208,ransac,5,False,True,E8|NC2_full_mismatch,1000000.0,849
30,22,22,3312,0.3794869619368965,True,,0.023617740252803415,ransac,6,False,True,E8|NC2_full_mismatch,1000000.0,850
30,23,23,3280,125.75295213182594,True,,0.02387177853739471,ransac,4,False,True,E8|NC2_full_mismatch,1000000.0,851
30,23,23,3280,84.22964793250857,True,,0.03163062172249753,ransac,5,False,True,E8|NC2_full_mismatch,1000000.0,852
30,25,25,3296,37.56584292743822,True,,0.03195864624196611,ransac,4,False,True,E8|NC2_full_mismatch,1000000.0,853
30,23,23,3264,96.87403543114024,True,,0.02252748355427227,ransac,6,False,True,E8|NC2_full_mismatch,1000000.0,854
30,24,24,3312,126.20760462586826,True,,0.025589159394305578,ransac,5,False,True,E8|NC2_full_mismatch,1000000.0,855
30,23,23,3264,133.78431987348822,True,,0.02508208411910426,ransac,4,False,True,E8|NC2_full_mismatch,1000000.0,856
30,23,23,3296,100.10510088178046,True,,0.024755304360220443,ransac,6,False,True,E8|NC2_full_mismatch,1000000.0,857
30,25,25,3248,66.0671159377849,True,,0.05943855855850364,ransac,5,False,True,E8|NC2_full_mismatch,1000000.0,858
30,19,19,3248,115.15851608302494,True,,0.06832668260708538,ransac,5,False,True,E8|NC2_full_mismatch,1000000.0,859
30,22,22,3312,27.92830815690752,True,,0.03737918181813844,ransac,6,False,True,E8|NC2_full_mismatch,1000000.0,860
30,25,25,3296,3.9027922773700383,True,,0.03299519122852486,ransac,4,False,True,E8|NC2_full_mismatch,1000000.0,861
30,23,23,3280,166.82600335922535,True,,0.05451147943773509,ransac,6,False,True,E8|NC2_full_mismatch,1000000.0,862
30,25,25,3280,46.19088161840822,True,,0.042511224497060615,ransac,6,False,True,E8|NC2_full_mismatch,1000000.0,863
30,22,22,3312,79.8386752531313,True,,0.01553317134967865,ransac,4,False,True,E8|NC2_full_mismatch,1000000.0,864
30,24,24,3248,126.56720066058206,True,,0.02961336650139346,ransac,4,False,True,E8|NC2_full_mismatch,1000000.0,865
30,22,22,3280,65.11389928717685,True,,0.029577993880270374,ransac,4,False,True,E8|NC2_full_mismatch,1000000.0,866
30,26,26,3296,154.8412861438427,True,,0.03842267170115495,ransac,5,False,True,E8|NC2_full_mismatch,1000000.0,867
30,24,24,3280,73.65682264858891,True,,0.0372388159606998,ransac,4,False,True,E8|NC2_full_mismatch,1000000.0,868
30,24,24,3248,105.26860145503666,True,,0.035740792205271515,ransac,4,False,True,E8|NC2_full_mismatch,1000000.0,869
30,22,22,3312,108.49577243645804,True,,0.033095901852254174,ransac,5,False,True,E8|NC2_full_mismatch,1000000.0,870
30,22,22,3296,51.152982293325636,True,,0.014261268607696087,ransac,4,False,True,E8|NC2_full_mismatch,1000000.0,871
30,26,26,3280,67.45333651031774,True,,0.029398393450273577,ransac,5,False,True,E8|NC2_full_mismatch,1000000.0,872
30,22,22,3264,34.869142054003326,True,,0.03573757199880711,ransac,5,False,True,E8|NC2_full_mismatch,1000000.0,873
30,24,24,3312,50.80345139635605,True,,0.034702624906237996,ransac,5,False,True,E8|NC2_full_mismatch,1000000.0,874
30,24,24,3312,21.03685530432064,True,,0.019391092865747077,ransac,4,False,True,E8|NC2_full_mismatch,1000000.0,875
30,22,22,3280,103.69895304037449,True,,0.03274734353199191,ransac,4,False,True,E8|NC2_full_mismatch,1000000.0,876
30,21,21,3264,74.0153733738178,True,,0.028967291523373632,ransac,5,False,True,E8|NC2_full_mismatch,1000000.0,877
30,24,24,3280,79.68134085565593,True,,0.04272536712965323,ransac,5,False,True,E8|NC2_full_mismatch,1000000.0,878
30,24,24,3328,72.11501846752587,True,,0.06305463864391431,ransac,5,False,True,E8|NC2_full_mismatch,1000000.0,879
30,22,22,3312,1.05018431387055,True,,0.03565886395071764,ransac,6,False,True,E8|NC2_full_mismatch,1000000.0,880
30,23,23,3296,35.31780416112151,True,,0.04067910890440228,ransac,6,False,True,E8|NC2_full_mismatch,1000000.0,881
30,24,24,3264,94.75679368957785,True,,0.01983288976223206,ransac,5,False,True,E8|NC2_full_mismatch,1000000.0,882
30,22,22,3264,119.37253641091102,True,,0.00517497462853947,ransac,4,False,True,E8|NC2_full_mismatch,1000000.0,883
30,23,23,3296,114.42957702861233,True,,0.012750936172696799,ransac,5,False,True,E8|NC2_full_mismatch,1000000.0,884
30,24,24,3264,128.6243902183612,True,,0.026813806181413335,ransac,7,False,True,E8|NC2_full_mismatch,1000000.0,885
30,23,23,3328,14.501420050964924,True,,0.027408392547922763,ransac,4,False,True,E8|NC2_full_mismatch,1000000.0,886
30,25,25,3264,47.50690507291903,True,,0.03724453561264076,ransac,6,False,True,E8|NC2_full_mismatch,1000000.0,887
30,22,22,3280,98.39494117776528,True,,0.034335834062567586,ransac,4,False,True,E8|NC2_full_mismatch,1000000.0,888
30,24,24,3312,60.07349420469495,True,,0.02517785899148704,ransac,5,False,True,E8|NC2_full_mismatch,1000000.0,889
30,24,24,3296,33.80775598521093,True,,0.044587090503727014,ransac,4,False,True,E8|NC2_full_mismatch,1000000.0,890
30,23,23,3296,38.15717937527878,True,,0.028021453804064338,ransac,5,False,True,E8|NC2_full_mismatch,1000000.0,891
30,22,22,3264,88.52381186172128,True,,0.0339096111342879,ransac,4,False,True,E8|NC2_full_mismatch,1000000.0,892
30,25,25,3264,84.28366497478822,True,,0.056547250510555584,ransac,6,False,True,E8|NC2_full_mismatch,1000000.0,893
30,22,22,3296,18.47065519156332,True,,0.033426602222849953,ransac,5,False,True,E8|NC2_full_mismatch,1000000.0,894
30,20,20,3264,53.4079656675469,True,,0.021054841938796653,ransac,4,False,True,E8|NC2_full_mismatch,1000000.0,895
30,24,24,3296,100.2067378888864,True,,0.020329010210840538,ransac,5,False,True,E8|NC2_full_mismatch,1000000.0,896
30,21,21,3264,80.03517314689586,True,,0.04485405226505307,ransac,6,False,True,E8|NC2_full_mismatch,1000000.0,897
30,26,26,3296,129.35805441515598,True,,0.014348718969621286,ransac,5,False,True,E8|NC2_full_mismatch,1000000.0,898
30,24,24,3312,108.86924222985554,True,,0.009002753078321312,ransac,4,False,True,E8|NC2_full_mismatch,1000000.0,899
30,21,21,3296,145.8127598398387,True,,0.028527753059855856,ransac,4,False,True,E8|NC2_full_mismatch,1000000.0,900
30,23,23,3280,134.6265682065098,True,,0.03943510924717001,ransac,4,False,True,E8|NC2_full_mismatch,1000000.0,901
30,23,23,3264,48.910113533820365,True,,0.05298318374629365,ransac,6,False,True,E8|NC2_full_mismatch,1000000.0,902
30,22,22,3264,70.85814610770355,True,,0.05553787714448085,ransac,5,False,True,E8|NC2_full_mismatch,1000000.0,903
30,23,23,3264,155.68548069313988,True,,0.01847340423852789,ransac,4,False,True,E8|NC2_full_mismatch,1000000.0,904
30,24,24,3296,70.38135998889452,True,,0.026977006377102892,ransac,5,False,True,E8|NC2_full_mismatch,1000000.0,905
30,21,21,3296,87.85733713316861,True,,0.025562700708115206,ransac,4,False,True,E8|NC2_full_mismatch,1000000.0,906
30,24,24,3296,91.88099604042516,True,,0.031773126899286866,ransac,5,False,True,E8|NC2_full_mismatch,1000000.0,907
30,23,23,3280,91.5867979818751,True,,0.007834420182425356,ransac,5,False,True,E8|NC2_full_mismatch,1000000.0,908
30,20,20,3296,47.3736536198018,True,,0.05409356903066174,ransac,4,False,True,E8|NC2_full_mismatch,1000000.0,909
30,25,25,3312,164.73149384150378,True,,0.05486200969105628,ransac,6,False,True,E8|NC2_full_mismatch,1000000.0,910
30,24,24,3264,87.26572834815524,True,,0.04634042698188462,ransac,6,False,True,E8|NC2_full_mismatch,1000000.0,911
30,22,22,3280,78.26292039961207,True,,0.027449534683130654,ransac,5,False,True,E8|NC2_full_mismatch,1000000.0,912
30,23,23,3264,95.7512452872747,True,,0.03762325283444617,ransac,5,False,True,E8|NC2_full_mismatch,1000000.0,913
30,23,23,3248,90.29160735288426,True,,0.02617386214654762,ransac,6,False,True,E8|NC2_full_mismatch,1000000.0,914
30,21,21,3232,159.31274905230399,True,,0.010073832499638289,ransac,4,False,True,E8|NC2_full_mismatch,1000000.0,915
30,25,25,3280,42.456029331669136,True,,0.01943721451000982,ransac,4,False,True,E8|NC2_full_mismatch,1000000.0,916
30,23,23,3280,75.94045696388329,True,,0.027311827307114952,ransac,5,False,True,E8|NC2_full_mismatch,1000000.0,917
30,24,24,3280,26.27935838214376,True,,0.03146338231866952,ransac,6,False,True,E8|NC2_full_mismatch,1000000.0,918
30,22,22,3264,23.795887757265767,True,,0.021871693450697366,ransac,4,False,True,E8|NC2_full_mismatch,1000000.0,919
30,22,22,3296,73.9989340052236,True,,0.027092865832537675,ransac,5,False,True,E8|NC2_full_mismatch,1000000.0,920
30,23,23,3296,119.811244435806,True,,0.02468537468510766,ransac,4,False,True,E8|NC2_full_mismatch,1000000.0,921
30,24,24,3312,152.99826685361884,True,,0.17932541180935138,ransac,4,False,True,E8|NC2_full_mismatch,1000000.0,922
30,21,21,3264,88.97755290251136,True,,0.03742157177577093,ransac,5,False,True,E8|NC2_full_mismatch,1000000.0,923
30,23,23,3264,103.14612802069531,True,,0.02266989994572272,ransac,6,False,True,E8|NC2_full_mismatch,1000000.0,924
30,22,22,3280,79.15467683728616,True,,0.04903866686633914,ransac,5,False,True,E8|NC2_full_mismatch,1000000.0,925
30,25,25,3264,105.56139833643722,True,,0.022007019644199842,ransac,5,False,True,E8|NC2_full_mismatch,1000000.0,926
30,23,23,3264,42.59105701876637,True,,0.04390246113127239,ransac,6,False,True,E8|NC2_full_mismatch,1000000.0,927
30,25,25,3296,130.25259406578556,True,,0.024394704718592477,ransac,4,False,True,E8|NC2_full_mismatch,1000000.0,928
30,24,24,3248,99.14591378565001,True,,0.051855276600691655,ransac,6,False,True,E8|NC2_full_mismatch,1000000.0,929
30,23,23,3328,2.9020240936836403,True,,0.044758688498096756,ransac,5,False,True,E8|NC2_full_mismatch,1000000.0,930
30,22,22,3264,56.901457488917835,True,,0.0595030301744349,ransac,5,False,True,E8|NC2_full_mismatch,1000000.0,931
30,23,23,3296,43.73572621846035,True,,0.022312548346910044,ransac,5,False,True,E8|NC2_full_mismatch,1000000.0,932
30,24,24,3328,38.35229210736957,True,,0.04927955195977922,ransac,5,False,True,E8|NC2_full_mismatch,1000000.0,933
30,23,23,3312,103.71843444358156,True,,0.012743100526067816,ransac,5,False,True,E8|NC2_full_mismatch,1000000.0,934
30,23,23,3328,133.78250670509428,True,,0.01488531663666265,ransac,4,False,True,E8|NC2_full_mismatch,1000000.0,935
30,23,23,3280,118.88755535758504,True,,0.04344951048836164,ransac,5,False,True,E8|NC2_full_mismatch,1000000.0,936
30,22,22,3280,108.07150510590317,True,,0.033978716286348,ransac,4,False,True,E8|NC2_full_mismatch,1000000.0,937
30,24,24,3296,24.865203752760674,True,,0.05122564715223383,ransac,7,False,True,E8|NC2_full_mismatch,1000000.0,938
30,22,22,3280,146.64825402474844,True,,0.042760290217522305,ransac,4,False,True,E8|NC2_full_mismatch,1000000.0,939
30,24,24,3264,117.51821907426837,True,,0.023600584911658062,ransac,4,False,True,E8|NC2_full_mismatch,1000000.0,940
30,19,19,3296,32.06196520921876,True,,0.027996709891218705,ransac,5,False,True,E8|NC2_full_mismatch,1000000.0,941
30,25,25,3280,33.27139913449071,True,,0.03777318688975671,ransac,5,False,True,E8|NC2_full_mismatch,1000000.0,942
30,21,21,3312,124.15537865772149,True,,0.04275755372018797,ransac,4,False,True,E8|NC2_full_mismatch,1000000.0,943
30,22,22,3248,68.20466745453331,True,,0.01611362282075252,ransac,4,False,True,E8|NC2_full_mismatch,1000000.0,944
30,22,22,3296,42.45584545801239,True,,0.04648342542603399,ransac,5,False,True,E8|NC2_full_mismatch,1000000.0,945
30,21,21,3280,70.19455056725639,True,,0.03699686097328217,ransac,5,False,True,E8|NC2_full_mismatch,1000000.0,946
30,23,23,3328,74.60628774929204,True,,0.022790127407788453,ransac,6,False,True,E8|NC2_full_mismatch,1000000.0,947
30,23,23,3280,100.5888238293809,True,,0.03410896792049923,ransac,5,False,True,E8|NC2_full_mismatch,1000000.0,948
30,24,24,3296,118.01481109020918,True,,0.032543990063925166,ransac,5,False,True,E8|NC2_full_mismatch,1000000.0,949
30,24,24,3296,95.84476800085247,True,,0.012296794555165774,ransac,5,False,True,E8|NC2_full_mismatch,1000000.0,950
30,23,23,3280,8.169854885087734,True,,0.04732426619943055,ransac,5,False,True,E8|NC2_full_mismatch,1000000.0,951
30,23,23,3312,143.82047074560973,True,,0.018524273166772357,ransac,4,False,True,E8|NC2_full_mismatch,1000000.0,952
30,24,24,3296,96.29604046189199,True,,0.03458144473757459,ransac,8,False,True,E8|NC2_full_mismatch,1000000.0,953
30,23,23,3280,7.933450060565976,True,,0.023390584347111002,ransac,5,False,True,E8|NC2_full_mismatch,1000000.0,954
30,24,24,3264,77.82007180344678,True,,0.028634381155709966,ransac,4,False,True,E8|NC2_full_mismatch,1000000.0,955
30,23,23,3264,124.7617860992309,True,,0.03029695253722048,ransac,5,False,True,E8|NC2_full_mismatch,1000000.0,956
30,22,22,3328,42.84975270362328,True,,0.02239300691592475,ransac,4,False,True,E8|NC2_full_mismatch,1000000.0,957
30,24,24,3280,47.78419648300399,True,,0.012875071767171316,ransac,4,False,True,E8|NC2_full_mismatch,1000000.0,958
30,21,21,3296,124.83096442719248,True,,0.02069314163154207,ransac,5,False,True,E8|NC2_full_mismatch,1000000.0,959
30,24,24,3264,66.31737954716816,True,,0.05990945935426737,ransac,5,False,True,E8|NC2_full_mismatch,1000000.0,960
30,23,23,3312,52.58632448418807,True,,0.051637569268603044,ransac,5,False,True,E8|NC2_full_mismatch,1000000.0,961
30,22,22,3248,67.40119366425084,True,,0.018763231579204388,ransac,5,False,True,E8|NC2_full_mismatch,1000000.0,962
30,24,24,3264,76.17783033830919,True,,0.012797602809112928,ransac,5,False,True,E8|NC2_full_mismatch,1000000.0,963
30,24,24,3280,140.42013150004868,True,,0.03584163289468347,ransac,5,False,True,E8|NC2_full_mismatch,1000000.0,964
30,22,22,3248,146.9204033948107,True,,0.03559470575147174,ransac,4,False,True,E8|NC2_full_mismatch,1000000.0,965
30,25,25,3264,21.653039035382783,True,,0.0465601350267918,ransac,6,False,True,E8|NC2_full_mismatch,1000000.0,966
30,24,24,3312,96.31923966508216,True,,0.037744968359547805,ransac,6,False,True,E8|NC2_full_mismatch,1000000.0,967
30,23,23,3280,41.9048540816265,True,,0.05348556665736477,ransac,5,False,True,E8|NC2_full_mismatch,1000000.0,968
30,24,24,3280,18.85972920059283,True,,0.06336818943830785,ransac,5,False,True,E8|NC2_full_mismatch,1000000.0,969
30,25,25,3280,29.40004461520309,True,,0.02848430485736504,ransac,4,False,True,E8|NC2_full_mismatch,1000000.0,970
30,23,23,3296,63.44685007669297,True,,0.012157847277422761,ransac,4,False,True,E8|NC2_full_mismatch,1000000.0,971
30,25,25,3328,126.15968386761408,True,,0.032470955445328825,ransac,5,False,True,E8|NC2_full_mismatch,1000000.0,972
30,26,26,3296,169.2898436712022,True,,0.03844566599959156,ransac,5,False,True,E8|NC2_full_mismatch,1000000.0,973
30,23,23,3280,18.968684210567105,True,,0.04600859349228321,ransac,6,False,True,E8|NC2_full_mismatch,1000000.0,974
30,24,24,3216,168.7649643176344,True,,0.014803775330300417,ransac,5,False,True,E8|NC2_full_mismatch,1000000.0,975
30,23,23,3280,102.30413272234925,True,,0.06248677139527754,ransac,4,False,True,E8|NC2_full_mismatch,1000000.0,976
30,25,25,3200,14.392125428245395,True,,0.026153138236405155,ransac,5,False,True,E8|NC2_full_mismatch,1000000.0,977
30,24,24,3264,106.66321148588416,True,,0.04345704416871963,ransac,6,False,True,E8|NC2_full_mismatch,1000000.0,978
30,23,23,3296,146.46426470361362,True,,0.044931391218641245,ransac,4,False,True,E8|NC2_full_mismatch,1000000.0,979
30,18,18,3296,153.93349920572774,True,,0.18070584482068613,ransac,4,False,True,E8|NC2_full_mismatch,1000000.0,980
30,23,23,3248,44.46581189565737,True,,0.05652123249953317,ransac,4,False,True,E8|NC2_full_mismatch,1000000.0,981
30,23,23,3296,49.143153240745164,True,,0.03668826742823274,ransac,5,False,True,E8|NC2_full_mismatch,1000000.0,982
30,24,24,3280,84.51446498435813,True,,0.03550373980832547,ransac,6,False,True,E8|NC2_full_mismatch,1000000.0,983
30,21,21,3296,70.56868269327389,True,,0.0091738653080172,ransac,5,False,True,E8|NC2_full_mismatch,1000000.0,984
30,22,22,3216,45.18986191218075,True,,0.013674166892718725,ransac,5,False,True,E8|NC2_full_mismatch,1000000.0,985
30,23,23,3312,33.73933311352835,True,,0.030279208241812752,ransac,5,False,True,E8|NC2_full_mismatch,1000000.0,986
30,21,21,3312,114.45240292787976,True,,0.040947347694303984,ransac,4,False,True,E8|NC2_full_mismatch,1000000.0,987
30,24,24,3264,22.84310734005672,True,,0.05611821823775889,ransac,5,False,True,E8|NC2_full_mismatch,1000000.0,988
30,23,23,3264,98.69992125935944,True,,0.03246130599349709,ransac,5,False,True,E8|NC2_full_mismatch,1000000.0,989
30,22,22,3232,54.66130721255666,True,,0.03588400003893553,ransac,5,False,True,E8|NC2_full_mismatch,1000000.0,990
30,23,23,3296,44.20958042993828,True,,0.04411592588772665,ransac,4,False,True,E8|NC2_full_mismatch,1000000.0,991
30,22,22,3264,27.353631298605904,True,,0.028272721586735345,ransac,6,False,True,E8|NC2_full_mismatch,1000000.0,992
30,21,21,3296,68.85891617721374,True,,0.03657530632489461,ransac,5,False,True,E8|NC2_full_mismatch,1000000.0,993
30,23,23,3328,122.49048251504153,True,,0.023635307585558797,ransac,5,False,True,E8|NC2_full_mismatch,1000000.0,994
30,24,24,3280,57.8391631122215,True,,0.03883051614164298,ransac,5,False,True,E8|NC2_full_mismatch,1000000.0,995
30,23,23,3232,125.44629903267071,True,,0.021879323630063993,ransac,4,False,True,E8|NC2_full_mismatch,1000000.0,996
30,24,24,3248,111.00534905150522,True,,0.008629307402675262,ransac,4,False,True,E8|NC2_full_mismatch,1000000.0,997
30,23,23,3328,62.85083641018238,True,,0.03506581141981565,ransac,5,False,True,E8|NC2_full_mismatch,1000000.0,998
30,23,23,3264,117.34697375514413,True,,0.022043186990100203,ransac,4,False,True,E8|NC2_full_mismatch,1000000.0,999
30,21,21,3296,80.61952910128659,True,,0.06920975625866395,ransac,5,False,True,E8|NC2_full_mismatch,1000000.0,1000
30,21,21,3264,11.93259663842956,True,,0.05981427760627289,ransac,5,False,True,E8|NC2_full_mismatch,1000000.0,1001
30,23,23,3216,6.73670762749705,True,,0.004118860111018656,ransac,4,False,True,E8|NC2_full_mismatch,1000000.0,1002
30,24,24,3264,145.46989175975568,True,,0.033958395865321477,ransac,5,False,True,E8|NC2_full_mismatch,1000000.0,1003
30,21,21,3248,111.43661408054504,True,,0.025032669400418088,ransac,3,False,True,E8|NC2_full_mismatch,1000000.0,1004
30,22,22,3296,27.35230516661892,True,,0.026259012538165247,ransac,5,False,True,E8|NC2_full_mismatch,1000000.0,1005
30,23,23,3312,164.6654735737628,True,,0.04118569126979998,ransac,5,False,True,E8|NC2_full_mismatch,1000000.0,1006
30,24,24,3264,39.217654124692736,True,,0.02293371936940992,ransac,5,False,True,E8|NC2_full_mismatch,1000000.0,1007
30,24,24,3216,71.84551742002441,True,,0.034509233248693164,ransac,5,False,True,E8|NC2_full_mismatch,1000000.0,1008
30,24,24,3312,137.96130953140974,True,,0.03371819387748231,ransac,4,False,True,E8|NC2_full_mismatch,1000000.0,1009
30,24,24,3264,112.44910650160524,True,,0.02681563299583728,ransac,5,False,True,E8|NC2_full_mismatch,1000000.0,1010
30,24,24,3264,103.86074302545676,True,,0.03771768792890739,ransac,6,False,True,E8|NC2_full_mismatch,1000000.0,1011
30,24,24,3280,125.91435435399906,True,,0.03137629404485406,ransac,4,False,True,E8|NC2_full_mismatch,1000000.0,1012
30,20,20,3280,155.9372862545598,True,,0.04271841453013554,ransac,4,False,True,E8|NC2_full_mismatch,1000000.0,1013
30,24,24,3264,54.25348626877841,True,,0.030245239498497625,ransac,4,False,True,E8|NC2_full_mismatch,1000000.0,1014
30,23,23,3264,104.3136252607136,True,,0.08064317074597435,ransac,5,False,True,E8|NC2_full_mismatch,1000000.0,1015
30,24,24,3296,74.64828855606385,True,,0.04276779685098732,ransac,5,False,True,E8|NC2_full_mismatch,1000000.0,1016
30,24,24,3312,86.92575648283761,True,,0.019329361166313015,ransac,5,False,True,E8|NC2_full_mismatch,1000000.0,1017
30,20,20,3296,56.82499361146299,True,,0.04466635007139545,ransac,5,False,True,E8|NC2_full_mismatch,1000000.0,1018
30,21,21,3280,141.10604329626102,True,,0.02691924789879373,ransac,4,False,True,E8|NC2_full_mismatch,1000000.0,1019
30,23,23,3264,144.25332113924594,True,,0.010906241207488296,ransac,4,False,True,E8|NC2_full_mismatch,1000000.0,1020
30,24,24,3280,171.6307523667592,True,,0.033561712691250196,ransac,4,False,True,E8|NC2_full_mismatch,1000000.0,1021
30,22,22,3264,13.038916720978113,True,,0.021263120493165297,ransac,5,False,True,E8|NC2_full_mismatch,1000000.0,1022
30,24,24,3312,31.657898798185176,True,,0.027599951955753984,ransac,5,False,True,E8|NC2_full_mismatch,1000000.0,1023
30,22,22,3280,145.42748921893468,True,,0.05085801282967366,ransac,4,False,True,E8|NC2_full_mismatch,1000000.0,1024
30,24,24,3296,97.4359798127039,True,,0.01442099481268187,ransac,5,False,True,E8|NC2_full_mismatch,1000000.0,1025
30,24,24,3232,73.85049014258499,True,,0.034612602602082196,ransac,5,False,True,E8|NC2_full_mismatch,1000000.0,1026
30,22,22,3328,54.406777239683784,True,,0.039382486318922716,ransac,4,False,True,E8|NC2_full_mismatch,1000000.0,1027
30,23,23,3264,129.43402705384233,True,,0.01445129130432099,ransac,5,False,True,E8|NC2_full_mismatch,1000000.0,1028
30,24,24,3296,7.408643562297781,True,,0.036027573668615795,ransac,4,False,True,E8|NC2_full_mismatch,1000000.0,1029
30,24,24,3280,62.308590841055896,True,,0.029261417636207293,ransac,5,False,True,E8|NC2_full_mismatch,1000000.0,1030
30,23,23,3296,39.65538668388997,True,,0.02608726992658213,ransac,5,False,True,E8|NC2_full_mismatch,1000000.0,1031
30,22,22,3264,43.675063863561604,True,,0.030430979792418142,ransac,3,False,True,E8|NC2_full_mismatch,1000000.0,1032
30,22,22,3280,90.53775314443256,True,,0.016305789458747586,ransac,5,False,True,E8|NC2_full_mismatch,1000000.0,1033
30,23,23,3264,156.93050032147843,True,,0.04301162561709773,ransac,6,False,True,E8|NC2_full_mismatch,1000000.0,1034
30,25,25,3296,133.80560624514743,True,,0.035785073274620896,ransac,5,False,True,E8|NC2_full_mismatch,1000000.0,1035
30,24,24,3264,55.70726548629058,True,,0.015155912093368083,ransac,5,False,True,E8|NC2_full_mismatch,1000000.0,1036
30,24,24,3280,53.183723155690814,True,,0.03987283910796322,ransac,4,False,True,E8|NC2_full_mismatch,1000000.0,1037
30,25,25,3296,23.403676578874588,True,,0.03418270113413796,ransac,4,False,True,E8|NC2_full_mismatch,1000000.0,1038
30,21,21,3264,128.01578059012317,True,,0.00803440439407426,ransac,4,False,True,E8|NC2_full_mismatch,1000000.0,1039
30,21,21,3280,117.75609970823587,True,,0.0416262889460021,ransac,6,False,True,E8|NC2_full_mismatch,1000000.0,1040
30,20,20,3264,93.53405550390504,True,,0.04387517067398132,ransac,4,False,True,E8|NC2_full_mismatch,1000000.0,1041
30,21,21,3232,14.302572130731612,True,,0.028061065282658483,ransac,5,False,True,E8|NC2_full_mismatch,1000000.0,1042
30,24,24,3280,58.779705968004784,True,,0.009520464842254333,ransac,4,False,True,E8|NC2_full_mismatch,1000000.0,1043
30,24,24,3280,63.20245303838695,True,,0.005388769004120453,ransac,4,False,True,E8|NC2_full_mismatch,1000000.0,1044
30,24,24,3296,43.016982713969426,True,,0.0638421066805356,ransac,6,False,True,E8|NC2_full_mismatch,1000000.0,1045
30,23,23,3280,105.51874643887423,True,,0.013642145347377843,ransac,4,False,True,E8|NC2_full_mismatch,1000000.0,1046
30,25,25,3264,88.54390523062396,True,,0.02530912398557584,ransac,4,False,True,E8|NC2_full_mismatch,1000000.0,1047
30,21,21,3280,72.18379573158617,True,,0.021181881295192353,ransac,4,False,True,E8|NC2_full_mismatch,1000000.0,1048
30,24,24,3264,11.323754753875004,True,,0.029936636002944602,ransac,4,False,True,E8|NC2_full_mismatch,1000000.0,1049
30,24,24,3280,104.29424825791169,True,,0.018963775630690856,ransac,5,False,True,E8|NC2_full_mismatch,1000000.0,1050
30,25,25,3312,108.18351791693847,True,,0.028604473099801846,ransac,4,False,True,E8|NC2_full_mismatch,1000000.0,1051
30,21,21,3264,138.7179576432547,True,,0.032469122773026965,ransac,5,False,True,E8|NC2_full_mismatch,1000000.0,1052
30,25,25,3312,73.20766979147517,True,,0.01922491653639465,ransac,5,False,True,E8|NC2_full_mismatch,1000000.0,1053
30,24,24,3280,108.58584121326815,True,,0.04631799031828718,ransac,5,False,True,E8|NC2_full_mismatch,1000000.0,1054
30,25,25,3280,78.30404144660312,True,,0.023842527313407885,ransac,4,False,True,E8|NC2_full_mismatch,1000000.0,1055
30,23,23,3264,90.27616185789337,True,,0.0396768908202584,ransac,5,False,True,E8|NC2_full_mismatch,1000000.0,1056
30,23,23,3328,39.72039082896576,True,,0.020760348667605222,ransac,5,False,True,E8|NC2_full_mismatch,1000000.0,1057
30,24,24,3312,82.8465944889335,True,,0.03399386445129366,ransac,5,False,True,E8|NC2_full_mismatch,1000000.0,1058
30,23,23,3296,144.50912510496192,True,,0.018924107028119978,ransac,4,False,True,E8|NC2_full_mismatch,1000000.0,1059
30,21,21,3328,48.20286135785468,True,,0.015791061102091084,ransac,4,False,True,E8|NC2_full_mismatch,1000000.0,1060
30,21,21,3296,81.51912241275592,True,,0.03888865787802361,ransac,5,False,True,E8|NC2_full_mismatch,1000000.0,1061
30,23,23,3264,119.11663113649728,True,,0.03958137357445472,ransac,5,False,True,E8|NC2_full_mismatch,1000000.0,1062
30,24,24,3280,31.525668039509856,True,,0.023916813171924595,ransac,4,False,True,E8|NC2_full_mismatch,1000000.0,1063
30,23,23,3312,40.12631071125389,True,,0.04197617983268455,ransac,5,False,True,E8|NC2_full_mismatch,1000000.0,1064
30,23,23,3280,6.804323706321431,True,,0.03257993851025909,ransac,5,False,True,E8|NC2_full_mismatch,1000000.0,1065
30,24,24,3312,104.29204594338687,True,,0.007583293471294493,ransac,4,False,True,E8|NC2_full_mismatch,1000000.0,1066
30,23,23,3264,86.14343950117008,True,,0.03404116626535623,ransac,4,False,True,E8|NC2_full_mismatch,1000000.0,1067
30,24,24,3296,83.77993465064765,True,,0.02327669068936344,ransac,6,False,True,E8|NC2_full_mismatch,1000000.0,1068
30,23,23,3280,31.68709852449102,True,,0.029304489717096198,ransac,5,False,True,E8|NC2_full_mismatch,1000000.0,1069
30,23,23,3328,3.9229471879564817,True,,0.012200799112187712,ransac,4,False,True,E8|NC2_full_mismatch,1000000.0,1070
30,24,24,3312,32.10169306501644,True,,0.028683135348837537,ransac,4,False,True,E8|NC2_full_mismatch,1000000.0,1071
30,22,22,3328,99.53850160594367,True,,0.0020888292491424098,ransac,5,False,True,E8|NC2_full_mismatch,1000000.0,1072
30,22,22,3264,26.78524264915367,True,,0.04426309448285409,ransac,4,False,True,E8|NC2_full_mismatch,1000000.0,1073
30,21,21,3280,9.545353862978208,True,,0.04825160878229248,ransac,7,False,True,E8|NC2_full_mismatch,1000000.0,1074
30,24,24,3296,123.12953914844425,True,,0.04477886964515297,ransac,7,False,True,E8|NC2_full_mismatch,1000000.0,1075
30,24,24,3280,34.863628495550834,True,,0.05436539848324032,ransac,6,False,True,E8|NC2_full_mismatch,1000000.0,1076
30,22,22,3328,101.91745847811819,True,,0.026467831680419492,ransac,4,False,True,E8|NC2_full_mismatch,1000000.0,1077
30,26,26,3280,83.31252600311522,True,,0.041160827092289624,ransac,6,False,True,E8|NC2_full_mismatch,1000000.0,1078
30,22,22,3264,66.68783730841226,True,,0.013415442474979512,ransac,5,False,True,E8|NC2_full_mismatch,1000000.0,1079
30,24,24,3264,133.72327772755142,True,,0.04269050385046744,ransac,5,False,True,E8|NC2_full_mismatch,1000000.0,1080
30,24,24,3200,66.00025927803506,True,,0.022574097276776783,ransac,4,False,True,E8|NC2_full_mismatch,1000000.0,1081
30,21,21,3264,38.34535680929219,True,,0.03369535679693896,ransac,4,False,True,E8|NC2_full_mismatch,1000000.0,1082
30,25,25,3296,125.10203643289366,True,,0.01882238449878642,ransac,5,False,True,E8|NC2_full_mismatch,1000000.0,1083
30,24,24,3312,146.80842860675216,True,,0.03231655604977226,ransac,6,False,True,E8|NC2_full_mismatch,1000000.0,1084
30,22,22,3296,109.1920901619522,True,,0.02813711877661664,ransac,4,False,True,E8|NC2_full_mismatch,1000000.0,1085
30,24,24,3312,119.30877731437644,True,,0.0474564569225143,ransac,6,False,True,E8|NC2_full_mismatch,1000000.0,1086
30,25,25,3264,130.95828847548563,True,,0.054754047435581314,ransac,6,False,True,E8|NC2_full_mismatch,1000000.0,1087
30,20,20,3312,61.01503952034007,True,,0.028179229012719742,ransac,4,False,True,E8|NC2_full_mismatch,1000000.0,1088
30,25,25,3296,74.56375567075163,True,,0.029801296413877874,ransac,6,False,True,E8|NC2_full_mismatch,1000000.0,1089
30,22,22,3296,69.11813154868446,True,,0.0268969083892201,ransac,4,False,True,E8|NC2_full_mismatch,1000000.0,1090
30,22,22,3296,35.33289939727882,True,,0.01846370588109159,ransac,5,False,True,E8|NC2_full_mismatch,1000000.0,1091
30,22,22,3280,98.27710964514864,True,,0.03730286570329131,ransac,5,False,True,E8|NC2_full_mismatch,1000000.0,1092
30,24,24,3296,68.75775032258514,True,,0.029782775748822522,ransac,4,False,True,E8|NC2_full_mismatch,1000000.0,1093
30,24,24,3280,128.65410432767376,True,,0.04596014209010319,ransac,5,False,True,E8|NC2_full_mismatch,1000000.0,1094
30,24,24,3280,116.86472823903232,True,,0.046386795694210003,ransac,5,False,True,E8|NC2_full_mismatch,1000000.0,1095
30,25,25,3296,34.98679618762823,True,,0.04203790132941065,ransac,6,False,True,E8|NC2_full_mismatch,1000000.0,1096
30,23,23,3280,72.6038055378291,True,,0.02675656221969353,ransac,4,False,True,E8|NC2_full_mismatch,1000000.0,1097
30,24,24,3328,60.598466487319385,True,,0.05594839881230932,ransac,4,False,True,E8|NC2_full_mismatch,1000000.0,1098
30,24,24,3280,119.91226336666637,True,,0.0029708918190443196,ransac,4,False,True,E8|NC2_full_mismatch,1000000.0,1099
30,22,22,3216,40.24117495527992,True,,0.02739928927976668,ransac,4,False,True,E8|NC2_full_mismatch,1000000.0,1100
30,25,25,3264,79.14867395879457,True,,0.023271250674976655,ransac,5,False,True,E8|NC2_full_mismatch,1000000.0,1101
30,22,22,3296,128.08087018931667,True,,0.014246651469736516,ransac,4,False,True,E8|NC2_full_mismatch,1000000.0,1102
30,24,24,3248,32.31658005054235,True,,0.033244997592055,ransac,6,False,True,E8|NC2_full_mismatch,1000000.0,1103
30,24,24,3312,41.39203198227684,True,,0.04706103147044534,ransac,5,False,True,E8|NC2_full_mismatch,1000000.0,1104
30,25,25,3248,139.78267623147013,True,,0.03909909872661708,ransac,5,False,True,E8|NC2_full_mismatch,1000000.0,1105
30,25,25,3280,105.04649790744733,True,,0.02826072559304931,ransac,4,False,True,E8|NC2_full_mismatch,1000000.0,1106
30,25,25,3280,68.57037728681506,True,,0.03681018167405932,ransac,6,False,True,E8|NC2_full_mismatch,1000000.0,1107
30,25,25,3296,29.529010057069826,True,,0.05143678636399644,ransac,5,False,True,E8|NC2_full_mismatch,1000000.0,1108
30,22,22,3280,38.61714071935139,True,,0.014270753350815034,ransac,4,False,True,E8|NC2_full_mismatch,1000000.0,1109
30,22,22,3328,103.55789481842382,True,,0.029552303659772475,ransac,5,False,True,E8|NC2_full_mismatch,1000000.0,1110
30,24,24,3280,73.4937853228848,True,,0.028796350564170722,ransac,5,False,True,E8|NC2_full_mismatch,1000000.0,1111
30,23,23,3328,128.53790278164342,True,,0.03492258947912243,ransac,4,False,True,E8|NC2_full_mismatch,1000000.0,1112
30,24,24,3328,82.74280818566697,True,,0.026691507794143123,ransac,4,False,True,E8|NC2_full_mismatch,1000000.0,1113
30,23,23,3312,110.99101297721931,True,,0.035445004852631135,ransac,5,False,True,E8|NC2_full_mismatch,1000000.0,1114
30,24,24,3296,111.66804600633212,True,,0.04785011198028539,ransac,5,False,True,E8|NC2_full_mismatch,1000000.0,1115
30,22,22,3280,83.71552393675837,True,,0.03443515887635249,ransac,4,False,True,E8|NC2_full_mismatch,1000000.0,1116
30,24,24,3296,169.62969655913363,True,,0.012845398820139345,ransac,4,False,True,E8|NC2_full_mismatch,1000000.0,1117
30,21,21,3280,75.67880968523124,True,,0.01559099975494602,ransac,4,False,True,E8|NC2_full_mismatch,1000000.0,1118
30,21,21,3264,92.81310735259918,True,,0.05053270429223107,ransac,4,False,True,E8|NC2_full_mismatch,1000000.0,1119
30,24,24,3248,25.917590687328715,True,,0.02002569533211514,ransac,5,False,True,E8|NC2_full_mismatch,1000000.0,1120
30,23,23,3264,43.74964247432427,True,,0.031857495982714985,ransac,5,False,True,E8|NC2_full_mismatch,1000000.0,1121
30,23,23,3296,89.39873056388691,True,,0.038563371074353744,ransac,5,False,True,E8|NC2_full_mismatch,1000000.0,1122
30,24,24,3312,94.09183563775795,True,,0.01908327752284242,ransac,5,False,True,E8|NC2_full_mismatch,1000000.0,1123
30,23,23,3248,138.92529711632986,True,,0.033177543850901915,ransac,4,False,True,E8|NC2_full_mismatch,1000000.0,1124
30,24,24,3296,109.51053545080094,True,,0.035194374721183225,ransac,4,False,True,E8|NC2_full_mismatch,1000000.0,1125
30,22,22,3296,119.70306858463796,True,,0.016800446111552687,ransac,5,False,True,E8|NC2_full_mismatch,1000000.0,1126
30,23,23,3280,77.23012495019505,True,,0.024006062352979352,ransac,4,False,True,E8|NC2_full_mismatch,1000000.0,1127
30,24,24,3280,59.30357603651749,True,,0.12268793129609293,ransac,4,False,True,E8|NC2_full_mismatch,1000000.0,1128
30,22,22,3264,71.60466672504249,True,,0.058064938866012245,ransac,5,False,True,E8|NC2_full_mismatch,1000000.0,1129
30,24,24,3264,103.8896645824567,True,,0.02665904930467067,ransac,7,False,True,E8|NC2_full_mismatch,1000000.0,1130
30,22,22,3296,8.861732498215703,True,,0.03908185097233621,ransac,5,False,True,E8|NC2_full_mismatch,1000000.0,1131
30,23,23,3296,95.65994418486876,True,,0.028019921710543662,ransac,4,False,True,E8|NC2_full_mismatch,1000000.0,1132
30,24,24,3232,86.11344834852997,True,,0.06804486850700654,ransac,5,False,True,E8|NC2_full_mismatch,1000000.0,1133
30,24,24,3264,126.3485652706289,True,,0.02329033891925278,ransac,5,False,True,E8|NC2_full_mismatch,1000000.0,1134
30,24,24,3280,94.49067780544313,True,,0.039495198214526045,ransac,5,False,True,E8|NC2_full_mismatch,1000000.0,1135
30,19,19,3232,101.55833477294615,True,,0.028988091970037592,ransac,6,False,True,E8|NC2_full_mismatch,1000000.0,1136
30,23,23,3264,40.45102358135706,True,,0.03198775602897828,ransac,6,False,True,E8|NC2_full_mismatch,1000000.0,1137
30,25,25,3296,91.49696005784918,True,,0.029659896697358225,ransac,5,False,True,E8|NC2_full_mismatch,1000000.0,1138
30,23,23,3280,92.77236594120251,True,,0.031872999814994175,ransac,4,False,True,E8|NC2_full_mismatch,1000000.0,1139
30,22,22,3280,15.477253036294407,True,,0.09526021070009659,ransac,4,False,True,E8|NC2_full_mismatch,1000000.0,1140
30,21,21,3280,100.2881064641752,True,,0.027456266749019104,ransac,6,False,True,E8|NC2_full_mismatch,1000000.0,1141
30,21,21,3312,49.01873265561488,True,,0.03350038699629898,ransac,6,False,True,E8|NC2_full_mismatch,1000000.0,1142
30,24,24,3264,72.47960590792925,True,,0.03252827553815483,ransac,5,False,True,E8|NC2_full_mismatch,1000000.0,1143
30,24,24,3312,143.83631542589796,True,,0.03701016069424476,ransac,5,False,True,E8|NC2_full_mismatch,1000000.0,1144
30,25,25,3280,97.01003080456718,True,,0.032181298299977866,ransac,5,False,True,E8|NC2_full_mismatch,1000000.0,1145
30,24,24,3312,144.1334963439353,True,,0.04349055267738013,ransac,4,False,True,E8|NC2_full_mismatch,1000000.0,1146
30,22,22,3312,138.35264342848578,True,,0.04201464125900215,ransac,5,False,True,E8|NC2_full_mismatch,1000000.0,1147
30,23,23,3312,76.46737505998621,True,,0.030034896602891832,ransac,5,False,True,E8|NC2_full_mismatch,1000000.0,1148
30,24,24,3280,174.5570878924956,True,,0.03221024286686284,ransac,5,False,True,E8|NC2_full_mismatch,1000000.0,1149
30,26,26,3296,129.41102556953868,True,,0.039960103259276035,ransac,5,False,True,E8|NC2_full_mismatch,1000000.0,1150
30,26,26,3264,43.75815127902682,True,,0.030628753362893318,ransac,5,False,True,E8|NC2_full_mismatch,1000000.0,1151
30,24,24,3312,46.067690270442675,True,,0.03737456503181314,ransac,6,False,True,E8|NC2_full_mismatch,1000000.0,1152
30,23,23,3280,53.29674503320783,True,,0.04872858994544699,ransac,5,False,True,E8|NC2_full_mismatch,1000000.0,1153
30,22,22,3328,104.74495989915523,True,,0.05013424032213454,ransac,6,False,True,E8|NC2_full_mismatch,1000000.0,1154
30,24,24,3296,122.56842184668264,True,,0.025749328109918,ransac,6,False,True,E8|NC2_full_mismatch,1000000.0,1155
30,24,24,3200,88.45604428603393,True,,0.04468613232009877,ransac,5,False,True,E8|NC2_full_mismatch,1000000.0,1156
30,21,21,3296,111.33351077241939,True,,0.019705292204050078,ransac,4,False,True,E8|NC2_full_mismatch,1000000.0,1157
30,23,23,3296,41.96509176973681,True,,0.03740958629806729,ransac,5,False,True,E8|NC2_full_mismatch,1000000.0,1158
30,23,23,3264,87.8336026383111,True,,0.03462016661898497,ransac,5,False,True,E8|NC2_full_mismatch,1000000.0,1159
30,21,21,3280,32.528848377530096,True,,0.014371970347695209,ransac,4,False,True,E8|NC2_full_mismatch,1000000.0,1160
30,22,22,3296,67.44795367239244,True,,0.017516308154010292,ransac,4,False,True,E8|NC2_full_mismatch,1000000.0,1161
30,22,22,3280,27.64778187658927,True,,0.030000089037731076,ransac,5,False,True,E8|NC2_full_mismatch,1000000.0,1162
30,23,23,3296,139.01093069908404,True,,0.02357968371509057,ransac,5,False,True,E8|NC2_full_mismatch,1000000.0,1163
30,23,23,3296,35.92472398640666,True,,0.047495380413549136,ransac,3,False,True,E8|NC2_full_mismatch,1000000.0,1164
30,23,23,3312,16.07364959161892,True,,0.038931760678381604,ransac,7,False,True,E8|NC2_full_mismatch,1000000.0,1165
30,26,26,3296,72.75761201083459,True,,0.011600939434049773,ransac,6,False,True,E8|NC2_full_mismatch,1000000.0,1166
30,22,22,3296,1.294104507584274,True,,0.03390534559217397,ransac,7,False,True,E8|NC2_full_mismatch,1000000.0,1167
30,23,23,3264,110.09470922037202,True,,0.049952125211694134,ransac,5,False,True,E8|NC2_full_mismatch,1000000.0,1168
30,24,24,3312,73.49500798637706,True,,0.056266884504197395,ransac,7,False,True,E8|NC2_full_mismatch,1000000.0,1169
30,25,25,3296,44.36006861914907,True,,0.032647413708003406,ransac,6,False,True,E8|NC2_full_mismatch,1000000.0,1170
30,24,24,3280,116.17751362917724,True,,0.03373068319495016,ransac,4,False,True,E8|NC2_full_mismatch,1000000.0,1171
30,23,23,3280,98.07298590931008,True,,0.0576632905702277,ransac,7,False,True,E8|NC2_full_mismatch,1000000.0,1172
30,22,22,3312,128.92809623056738,True,,0.03818385252216332,ransac,4,False,True,E8|NC2_full_mismatch,1000000.0,1173
30,24,24,3280,116.10035443821383,True,,0.04646783860986663,ransac,4,False,True,E8|NC2_full_mismatch,1000000.0,1174
30,23,23,3296,9.810276842657057,True,,0.03561116903367911,ransac,5,False,True,E8|NC2_full_mismatch,1000000.0,1175
30,25,25,3264,125.74054241965706,True,,0.029608778911828205,ransac,6,False,True,E8|NC2_full_mismatch,1000000.0,1176
30,23,23,3296,53.580316381170974,True,,0.052946102534140616,ransac,5,False,True,E8|NC2_full_mismatch,1000000.0,1177
30,24,24,3280,101.3020877210006,True,,0.03018201351041984,ransac,6,False,True,E8|NC2_full_mismatch,1000000.0,1178
30,22,22,3264,106.3124482227386,True,,0.021288492093441753,ransac,5,False,True,E8|NC2_full_mismatch,1000000.0,1179
30,23,23,3280,8.771780060605245,True,,0.036400059982605204,ransac,5,False,True,E8|NC2_full_mismatch,1000000.0,1180
30,23,23,3280,88.30345657381316,True,,0.04636650711585505,ransac,4,False,True,E8|NC2_full_mismatch,1000000.0,1181
30,24,24,3216,87.2852520347133,True,,0.03309162410479214,ransac,5,False,True,E8|NC2_full_mismatch,1000000.0,1182
30,23,23,3280,34.38704452992575,True,,0.05345852748689115,ransac,7,False,True,E8|NC2_full_mismatch,1000000.0,1183
30,25,25,3280,47.34532524062191,True,,0.043578372138226684,ransac,5,False,True,E8|NC2_full_mismatch,1000000.0,1184
30,23,23,3280,116.95160083323651,True,,0.03757320212431486,ransac,5,False,True,E8|NC2_full_mismatch,1000000.0,1185
30,24,24,3312,111.68224759741604,True,,0.03242179187263218,ransac,5,False,True,E8|NC2_full_mismatch,1000000.0,1186
30,24,24,3248,21.936314491734056,True,,0.04448466694658706,ransac,5,False,True,E8|NC2_full_mismatch,1000000.0,1187
30,24,24,3296,85.75952088821951,True,,0.02297107021403249,ransac,3,False,True,E8|NC2_full_mismatch,1000000.0,1188
30,23,23,3264,34.904307655287326,True,,0.035911823755422366,ransac,4,False,True,E8|NC2_full_mismatch,1000000.0,1189
30,25,25,3264,92.72231485015159,True,,0.027008772251608006,ransac,6,False,True,E8|NC2_full_mismatch,1000000.0,1190
30,24,24,3216,124.6679693837263,True,,0.0413462729219637,ransac,5,False,True,E8|NC2_full_mismatch,1000000.0,1191
30,23,23,3248,125.22350767839379,True,,0.026658566835582122,ransac,6,False,True,E8|NC2_full_mismatch,1000000.0,1192
30,24,24,3264,101.84307207445694,True,,0.020802111479643174,ransac,5,False,True,E8|NC2_full_mismatch,1000000.0,1193
30,24,24,3248,64.5543674866221,True,,0.030669441641615877,ransac,5,False,True,E8|NC2_full_mismatch,1000000.0,1194
30,25,25,3280,67.9021638345908,True,,0.03415748804953255,ransac,4,False,True,E8|NC2_full_mismatch,1000000.0,1195
30,24,24,3296,120.64597342397721,True,,0.035601516107721304,ransac,5,False,True,E8|NC2_full_mismatch,1000000.0,1196
30,22,22,3296,133.93998402586183,True,,0.029103150114871267,ransac,4,False,True,E8|NC2_full_mismatch,1000000.0,1197
30,26,26,3248,87.61312106931574,True,,0.053056479067805744,ransac,5,False,True,E8|NC2_full_mismatch,1000000.0,1198
30,23,23,3264,20.956741095117593,True,,0.040054150473360604,ransac,6,False,True,E8|NC2_full_mismatch,1000000.0,1199
30,23,23,3264,63.019438967034844,True,,0.024084808414027107,ransac,5,False,True,E8|NC2_full_mismatch,1000000.0,1200
30,23,23,3280,77.27213494055849,True,,0.04358978353798814,ransac,5,False,True,E8|NC2_full_mismatch,1000000.0,1201
30,24,24,3264,105.57197077994475,True,,0.029845143007360412,ransac,6,False,True,E8|NC2_full_mismatch,1000000.0,1202
30,22,22,3264,130.62071054533115,True,,0.018673268339491792,ransac,4,False,True,E8|NC2_full_mismatch,1000000.0,1203
30,26,26,3264,82.43604819208139,True,,0.04433535895969802,ransac,5,False,True,E8|NC2_full_mismatch,1000000.0,1204
30,24,24,3296,112.5598457438455,True,,0.03566025468581779,ransac,4,False,True,E8|NC2_full_mismatch,1000000.0,1205
30,25,25,3280,15.251469028665127,True,,0.037691683639675434,ransac,5,False,True,E8|NC2_full_mismatch,1000000.0,1206
30,24,24,3296,13.208213905456631,True,,0.043092070593031356,ransac,5,False,True,E8|NC2_full_mismatch,1000000.0,1207
30,26,26,3280,89.07813842151695,True,,0.09448337015028883,ransac,4,False,True,E8|NC2_full_mismatch,1000000.0,1208
30,25,25,3248,171.12280099850759,True,,0.019557644610382955,ransac,4,False,True,E8|NC2_full_mismatch,1000000.0,1209
30,23,23,3264,62.694526669344135,True,,0.02164150800650239,ransac,4,False,True,E8|NC2_full_mismatch,1000000.0,1210
30,24,24,3328,73.2718026299347,True,,0.027887457467434828,ransac,5,False,True,E8|NC2_full_mismatch,1000000.0,1211
30,24,24,3248,101.3079328946458,True,,0.0464579532255018,ransac,6,False,True,E8|NC2_full_mismatch,1000000.0,1212
30,21,21,3312,95.85665362338855,True,,0.00398471830472281,ransac,4,False,True,E8|NC2_full_mismatch,1000000.0,1213
30,25,25,3248,69.41604290552755,True,,0.04673829525386992,ransac,6,False,True,E8|NC2_full_mismatch,1000000.0,1214
30,23,23,3280,141.1264312048197,True,,0.029503973045335908,ransac,5,False,True,E8|NC2_full_mismatch,1000000.0,1215
30,21,21,3296,86.23780628028891,True,,0.030117267890864552,ransac,4,False,True,E8|NC2_full_mismatch,1000000.0,1216
30,24,24,3328,103.69603773340619,True,,0.04982911828080917,ransac,6,False,True,E8|NC2_full_mismatch,1000000.0,1217
30,26,26,3200,168.52299127908628,True,,0.04242135812621987,ransac,6,False,True,E8|NC2_full_mismatch,1000000.0,1218
30,24,24,3216,132.3961208795066,True,,0.046831604077171074,ransac,6,False,True,E8|NC2_full_mismatch,1000000.0,1219
30,23,23,3280,52.61197270173972,True,,0.031085892602827497,ransac,5,False,True,E8|NC2_full_mismatch,1000000.0,1220
30,24,24,3280,92.76381275318336,True,,0.03661925063380629,ransac,5,False,True,E8|NC2_full_mismatch,1000000.0,1221
30,20,20,3296,142.3964532731419,True,,0.025573154831131286,ransac,5,False,True,E8|NC2_full_mismatch,1000000.0,1222
30,23,23,3280,74.50853545391264,True,,0.025959014378344695,ransac,4,False,True,E8|NC2_full_mismatch,1000000.0,1223
30,24,24,3280,25.691049861244174,True,,0.031697566463520184,ransac,4,False,True,E8|NC2_full_mismatch,1000000.0,1224
30,23,23,3312,49.275672986521904,True,,0.0281731023868929,ransac,5,False,True,E8|NC2_full_mismatch,1000000.0,1225
30,26,26,3280,64.95535826013308,True,,0.0643195682043822,ransac,5,False,True,E8|NC2_full_mismatch,1000000.0,1226
30,24,24,3296,132.03662227764354,True,,0.007215482405214182,ransac,6,False,True,E8|NC2_full_mismatch,1000000.0,1227
30,23,23,3264,133.8990535523311,True,,0.02368132123887635,ransac,4,False,True,E8|NC2_full_mismatch,1000000.0,1228
30,23,23,3280,92.94734514952205,True,,0.13059367875069286,ransac,4,False,True,E8|NC2_full_mismatch,1000000.0,1229
30,25,25,3280,121.85810905682958,True,,0.0634405960728539,ransac,7,False,True,E8|NC2_full_mismatch,1000000.0,1230
30,22,22,3264,136.20237247234553,True,,0.04749958785433573,ransac,5,False,True,E8|NC2_full_mismatch,1000000.0,1231
30,22,22,3280,138.85367985577074,True,,0.0439112432464311,ransac,4,False,True,E8|NC2_full_mismatch,1000000.0,1232
30,22,22,3296,103.4487127004286,True,,0.027637570735595904,ransac,5,False,True,E8|NC2_full_mismatch,1000000.0,1233
30,25,25,3232,91.71982356054873,True,,0.010639354005917914,ransac,5,False,True,E8|NC2_full_mismatch,1000000.0,1234
30,22,22,3296,117.01720091225168,True,,0.04805215072901066,ransac,5,False,True,E8|NC2_full_mismatch,1000000.0,1235
30,24,24,3248,120.99973811825458,True,,0.032164935452666944,ransac,4,False,True,E8|NC2_full_mismatch,1000000.0,1236
30,23,23,3296,76.70924457918912,True,,0.02753289700905993,ransac,5,False,True,E8|NC2_full_mismatch,1000000.0,1237
30,23,23,3248,137.78424963334834,True,,0.037247427770690664,ransac,4,False,True,E8|NC2_full_mismatch,1000000.0,1238
30,25,25,3296,114.36123590731097,True,,0.06466343097812693,ransac,6,False,True,E8|NC2_full_mismatch,1000000.0,1239
30,21,21,3264,11.890999802759609,True,,0.039896608275057865,ransac,5,False,True,E8|NC2_full_mismatch,1000000.0,1240
30,22,22,3280,112.42837140956966,True,,0.055461440160577434,ransac,5,False,True,E8|NC2_full_mismatch,1000000.0,1241
30,21,21,3248,36.26174209490914,True,,0.03891846743471883,ransac,6,False,True,E8|NC2_full_mismatch,1000000.0,1242
30,25,25,3312,83.10669181659334,True,,0.029111339007200185,ransac,6,False,True,E8|NC2_full_mismatch,1000000.0,1243
30,22,22,3248,161.12870320265216,True,,0.05570617376020545,ransac,6,False,True,E8|NC2_full_mismatch,1000000.0,1244
30,23,23,3264,120.38218393465439,True,,0.0552416964220053,ransac,5,False,True,E8|NC2_full_mismatch,1000000.0,1245
30,21,21,3296,10.68494400803803,True,,0.04499226402818109,ransac,5,False,True,E8|NC2_full_mismatch,1000000.0,1246
30,22,22,3248,89.1579558595636,True,,0.03517398059557033,ransac,5,False,True,E8|NC2_full_mismatch,1000000.0,1247
30,24,24,3232,16.908473491199587,True,,0.04037978363473606,ransac,6,False,True,E8|NC2_full_mismatch,1000000.0,1248
30,21,21,3296,130.33010983692682,True,,0.03448184465487193,ransac,4,False,True,E8|NC2_full_mismatch,1000000.0,1249
30,18,18,3328,125.80482921162456,True,,0.05056900928976498,ransac,6,False,True,E8|NC2_full_mismatch,1000000.0,1250
30,24,24,3296,105.86086179921925,True,,0.037361010963644664,ransac,4,False,True,E8|NC2_full_mismatch,1000000.0,1251
30,23,23,3232,149.66579552090667,True,,0.012960820658881832,ransac,6,False,True,E8|NC2_full_mismatch,1000000.0,1252
30,25,25,3296,109.72712294747544,True,,0.04293726891251632,ransac,5,False,True,E8|NC2_full_mismatch,1000000.0,1253
30,23,23,3312,154.79352231625938,True,,0.027246987562063438,ransac,4,False,True,E8|NC2_full_mismatch,1000000.0,1254
30,25,25,3280,84.37117748168714,True,,0.041553332040762794,ransac,4,False,True,E8|NC2_full_mismatch,1000000.0,1255
30,23,23,3216,74.06690067508771,True,,0.057404559470078394,ransac,4,False,True,E8|NC2_full_mismatch,1000000.0,1256
30,21,21,3264,16.658391467180998,True,,0.028027515564861497,ransac,5,False,True,E8|NC2_full_mismatch,1000000.0,1257
30,22,22,3328,110.6680627384177,True,,0.029785098332281885,ransac,4,False,True,E8|NC2_full_mismatch,1000000.0,1258
30,22,22,3280,89.15414969420698,True,,0.009162328519359608,ransac,3,False,True,E8|NC2_full_mismatch,1000000.0,1259
30,25,25,3280,97.04308662173327,True,,0.011564223249599314,ransac,4,False,True,E8|NC2_full_mismatch,1000000.0,1260
30,21,21,3248,157.11953524062955,True,,0.04611335524598758,ransac,5,False,True,E8|NC2_full_mismatch,1000000.0,1261
30,24,24,3264,57.12332187563883,True,,0.024823652883301753,ransac,4,False,True,E8|NC2_full_mismatch,1000000.0,1262
30,23,23,3264,83.95171203962904,True,,0.024781180605670906,ransac,5,False,True,E8|NC2_full_mismatch,1000000.0,1263
30,25,25,3280,97.26242835220505,True,,0.03518701933723184,ransac,5,False,True,E8|NC2_full_mismatch,1000000.0,1264
30,23,23,3280,133.37582082170047,True,,0.0128085223851522,ransac,4,False,True,E8|NC2_full_mismatch,1000000.0,1265
30,21,21,3312,43.46582043773608,True,,0.03575652702657216,ransac,4,False,True,E8|NC2_full_mismatch,1000000.0,1266
30,23,23,3248,17.833121550763583,True,,0.00906200648379373,ransac,4,False,True,E8|NC2_full_mismatch,1000000.0,1267
30,23,23,3280,136.5041686788049,True,,0.03233101021330912,ransac,5,False,True,E8|NC2_full_mismatch,1000000.0,1268
30,25,25,3312,78.333205643279,True,,0.021538654813427198,ransac,5,False,True,E8|NC2_full_mismatch,1000000.0,1269
30,23,23,3312,144.2279782506557,True,,0.03707968972385726,ransac,5,False,True,E8|NC2_full_mismatch,1000000.0,1270
30,24,24,3296,35.60195989831499,True,,0.031855681359988966,ransac,6,False,True,E8|NC2_full_mismatch,1000000.0,1271
30,24,24,3296,43.813537082743856,True,,0.04563859247734173,ransac,4,False,True,E8|NC2_full_mismatch,1000000.0,1272
30,23,23,3264,72.03578375368176,True,,0.028088950002745045,ransac,4,False,True,E8|NC2_full_mismatch,1000000.0,1273
30,23,23,3232,94.00082515058082,True,,0.04019394947152486,ransac,4,False,True,E8|NC2_full_mismatch,1000000.0,1274
30,24,24,3248,18.759369758923988,True,,0.023566759985406194,ransac,5,False,True,E8|NC2_full_mismatch,1000000.0,1275
30,24,24,3296,6.5074557898595495,True,,0.020618064631962123,ransac,5,False,True,E8|NC2_full_mismatch,1000000.0,1276
30,24,24,3248,150.38006213499835,True,,0.006858992686492901,ransac,4,False,True,E8|NC2_full_mismatch,1000000.0,1277
30,25,25,3328,78.66800978515683,True,,0.03710050095509652,ransac,6,False,True,E8|NC2_full_mismatch,1000000.0,1278
30,22,22,3264,156.03739284415207,True,,0.040455885342785554,ransac,5,False,True,E8|NC2_full_mismatch,1000000.0,1279
30,25,25,3280,4.784376245924525,True,,0.04871081177411224,ransac,4,False,True,E8|NC2_full_mismatch,1000000.0,1280
30,24,24,3296,29.87169122459531,True,,0.020296873157386767,ransac,5,False,True,E8|NC2_full_mismatch,1000000.0,1281
30,24,24,3280,93.70754206029955,True,,0.0338396130418557,ransac,5,False,True,E8|NC2_full_mismatch,1000000.0,1282
30,22,22,3328,16.03507446643306,True,,0.04102097073650609,ransac,4,False,True,E8|NC2_full_mismatch,1000000.0,1283
30,22,22,3296,113.9885307090121,True,,0.02139163490167006,ransac,4,False,True,E8|NC2_full_mismatch,1000000.0,1284
30,24,24,3280,68.21215996888753,True,,0.03716006937525269,ransac,5,False,True,E8|NC2_full_mismatch,1000000.0,1285
30,24,24,3280,62.14344700784873,True,,0.01679337142671199,ransac,5,False,True,E8|NC2_full_mismatch,1000000.0,1286
30,22,22,3312,110.23149248470509,True,,0.036383818379720136,ransac,5,False,True,E8|NC2_full_mismatch,1000000.0,1287
30,21,21,3296,46.85833428291198,True,,0.02529504261655178,ransac,4,False,True,E8|NC2_full_mismatch,1000000.0,1288
30,24,24,3296,119.01579025556461,True,,0.02034520993931795,ransac,4,False,True,E8|NC2_full_mismatch,1000000.0,1289
30,20,20,3328,126.53351536881287,True,,0.03780894704388019,ransac,5,False,True,E8|NC2_full_mismatch,1000000.0,1290
30,22,22,3296,155.59940234479475,True,,0.038540918417046266,ransac,5,False,True,E8|NC2_full_mismatch,1000000.0,1291
30,23,23,3280,118.43838091490507,True,,0.04209960293210851,ransac,5,False,True,E8|NC2_full_mismatch,1000000.0,1292
30,21,21,3312,104.74554103141416,True,,0.04955942178129683,ransac,6,False,True,E8|NC2_full_mismatch,1000000.0,1293
30,22,22,3296,102.02316145637212,True,,0.018144351636473505,ransac,5,False,True,E8|NC2_full_mismatch,1000000.0,1294
30,23,23,3296,153.49008863451303,True,,0.018963768725578246,ransac,5,False,True,E8|NC2_full_mismatch,1000000.0,1295
30,23,23,3280,93.83658818074466,True,,0.032194521955672815,ransac,5,False,True,E8|NC2_full_mismatch,1000000.0,1296
30,22,22,3312,75.76067312620444,True,,0.044276407318211364,ransac,5,False,True,E8|NC2_full_mismatch,1000000.0,1297
30,22,22,3264,102.74671740006436,True,,0.025001068661917213,ransac,4,False,True,E8|NC2_full_mismatch,1000000.0,1298
30,21,21,3280,156.1168950634162,True,,0.052442954030210556,ransac,6,False,True,E8|NC2_full_mismatch,1000000.0,1299
30,24,24,3232,156.93889418026663,True,,0.029140555403111577,ransac,5,False,True,E8|NC2_full_mismatch,1000000.0,1300
30,25,25,3296,76.26608689784197,True,,0.04547708453975145,ransac,4,False,True,E8|NC2_full_mismatch,1000000.0,1301
30,25,25,3264,0.8479757098027243,True,,0.029061808471776203,ransac,5,False,True,E8|NC2_full_mismatch,1000000.0,1302
30,21,21,3264,136.1360513330878,True,,0.02749898115743655,ransac,5,False,True,E8|NC2_full_mismatch,1000000.0,1303
30,24,24,3312,100.47294427704163,True,,0.022589328498350096,ransac,4,False,True,E8|NC2_full_mismatch,1000000.0,1304
30,22,22,3328,24.581221620462692,True,,0.025225280864991713,ransac,5,False,True,E8|NC2_full_mismatch,1000000.0,1305
30,23,23,3328,127.15290477083019,True,,0.04452765971330768,ransac,5,False,True,E8|NC2_full_mismatch,1000000.0,1306
30,22,22,3280,97.62241813608318,True,,0.028904581730601106,ransac,5,False,True,E8|NC2_full_mismatch,1000000.0,1307
30,24,24,3264,98.7260470829533,True,,0.03976104555611157,ransac,5,False,True,E8|NC2_full_mismatch,1000000.0,1308
30,25,25,3232,75.13701461247781,True,,0.015595428081798689,ransac,5,False,True,E8|NC2_full_mismatch,1000000.0,1309
30,22,22,3328,112.6959632667443,True,,0.01093516055922172,ransac,4,False,True,E8|NC2_full_mismatch,1000000.0,1310
30,22,22,3296,83.9200865204249,True,,0.020667036622649654,ransac,5,False,True,E8|NC2_full_mismatch,1000000.0,1311
30,24,24,3264,163.4507788583936,True,,0.029700466306069578,ransac,5,False,True,E8|NC2_full_mismatch,1000000.0,1312
30,23,23,3248,101.80098279733306,True,,0.03518343838467859,ransac,5,False,True,E8|NC2_full_mismatch,1000000.0,1313
30,22,22,3280,111.08524842270599,True,,0.03964766963205541,ransac,4,False,True,E8|NC2_full_mismatch,1000000.0,1314
30,23,23,3232,85.18877778702391,True,,0.10145756610627325,ransac,5,False,True,E8|NC2_full_mismatch,1000000.0,1315
30,25,25,3296,162.4671295317836,True,,0.027529308615978874,ransac,5,False,True,E8|NC2_full_mismatch,1000000.0,1316
30,23,23,3296,90.27820890570536,True,,0.04709217510841129,ransac,6,False,True,E8|NC2_full_mismatch,1000000.0,1317
30,22,22,3280,47.05695219671155,True,,0.02334770574724302,ransac,5,False,True,E8|NC2_full_mismatch,1000000.0,1318
30,24,24,3280,29.146152057733296,True,,0.07603311210790259,ransac,4,False,True,E8|NC2_full_mismatch,1000000.0,1319
30,19,19,3280,55.51890999786892,True,,0.012095343128965916,ransac,4,False,True,E8|NC2_full_mismatch,1000000.0,1320
30,24,24,3280,1.2324375575430246,True,,0.029615506192795748,ransac,6,False,True,E8|NC2_full_mismatch,1000000.0,1321
30,24,24,3264,135.042569484642,True,,0.041439037553483445,ransac,4,False,True,E8|NC2_full_mismatch,1000000.0,1322
30,23,23,3296,56.944267836725466,True,,0.014344593867067136,ransac,5,False,True,E8|NC2_full_mismatch,1000000.0,1323
30,23,23,3296,62.93519496306236,True,,0.025433877562852043,ransac,6,False,True,E8|NC2_full_mismatch,1000000.0,1324
30,23,23,3280,0.42429124140552743,True,,0.006277500350605824,ransac,5,False,True,E8|NC2_full_mismatch,1000000.0,1325
30,25,25,3280,48.39613604404012,True,,0.0446368847804283,ransac,4,False,True,E8|NC2_full_mismatch,1000000.0,1326
30,23,23,3296,44.05482064944007,True,,0.04954857150619891,ransac,5,False,True,E8|NC2_full_mismatch,1000000.0,1327
30,25,25,3296,137.33394661002993,True,,0.034674507782892244,ransac,5,False,True,E8|NC2_full_mismatch,1000000.0,1328
30,23,23,3280,45.050509466303446,True,,0.03924757755319745,ransac,4,False,True,E8|NC2_full_mismatch,1000000.0,1329
30,25,25,3280,157.33126593742358,True,,0.006949303214698446,ransac,4,False,True,E8|NC2_full_mismatch,1000000.0,1330
30,22,22,3264,124.0060984678875,True,,0.04135058617687457,ransac,5,False,True,E8|NC2_full_mismatch,1000000.0,1331
30,22,22,3248,52.51598577451612,True,,0.01221647292254574,ransac,4,False,True,E8|NC2_full_mismatch,1000000.0,1332
30,26,26,3280,58.591498110127944,True,,0.025455769476384088,ransac,6,False,True,E8|NC2_full_mismatch,1000000.0,1333
30,23,23,3312,154.9588157125577,True,,0.03140571725625763,ransac,5,False,True,E8|NC2_full_mismatch,1000000.0,1334
30,22,22,3232,95.44941743804263,True,,0.036130487565062895,ransac,5,False,True,E8|NC2_full_mismatch,1000000.0,1335
30,22,22,3248,17.806016652354383,True,,0.04934434335089419,ransac,6,False,True,E8|NC2_full_mismatch,1000000.0,1336
30,24,24,3264,114.21948563593773,True,,0.027485221361126095,ransac,4,False,True,E8|NC2_full_mismatch,1000000.0,1337
30,24,24,3248,114.62539075164933,True,,0.04078135345513693,ransac,4,False,True,E8|NC2_full_mismatch,1000000.0,1338
30,23,23,3328,61.901378771975295,True,,0.010744926867899457,ransac,4,False,True,E8|NC2_full_mismatch,1000000.0,1339
30,25,25,3280,143.77950651399968,True,,0.024184888064315607,ransac,4,False,True,E8|NC2_full_mismatch,1000000.0,1340
30,22,22,3328,42.3744357493658,True,,0.01607152081126484,ransac,5,False,True,E8|NC2_full_mismatch,1000000.0,1341
30,24,24,3248,63.410038618011285,True,,0.04458183478771145,ransac,6,False,True,E8|NC2_full_mismatch,1000000.0,1342
30,23,23,3264,87.53833296490004,True,,0.027157282741925453,ransac,6,False,True,E8|NC2_full_mismatch,1000000.0,1343
30,23,23,3280,68.6615301972791,True,,0.05747639738349259,ransac,6,False,True,E8|NC2_full_mismatch,1000000.0,1344
30,23,23,3264,128.27680647461662,True,,0.054235445461169714,ransac,4,False,True,E8|NC2_full_mismatch,1000000.0,1345
30,24,24,3312,105.13653510516453,True,,0.026427847707431448,ransac,5,False,True,E8|NC2_full_mismatch,1000000.0,1346
30,22,22,3264,28.095343785423747,True,,0.03386167907474321,ransac,6,False,True,E8|NC2_full_mismatch,1000000.0,1347
30,24,24,3280,129.28753642281208,True,,0.039237602288471125,ransac,5,False,True,E8|NC2_full_mismatch,1000000.0,1348
30,24,24,3264,80.79644038609241,True,,0.04071751741902281,ransac,5,False,True,E8|NC2_full_mismatch,1000000.0,1349
30,25,25,3312,76.9249075613192,True,,0.03145193548468947,ransac,5,False,True,E8|NC2_full_mismatch,1000000.0,1350
30,22,22,3280,79.03859041047627,True,,0.016173507166998464,ransac,4,False,True,E8|NC2_full_mismatch,1000000.0,1351
30,24,24,3280,39.16507873778372,True,,0.020603544750073113,ransac,5,False,True,E8|NC2_full_mismatch,1000000.0,1352
30,22,22,3248,113.40311991224601,True,,0.0270227667851261,ransac,4,False,True,E8|NC2_full_mismatch,1000000.0,1353
30,23,23,3280,119.44948678945164,True,,0.04528526498764388,ransac,4,False,True,E8|NC2_full_mismatch,1000000.0,1354
30,23,23,3312,179.5656939734432,True,,0.021941759903456263,ransac,4,False,True,E8|NC2_full_mismatch,1000000.0,1355
30,22,22,3248,101.82374033772713,True,,0.025438669440389822,ransac,5,False,True,E8|NC2_full_mismatch,1000000.0,1356
30,24,24,3264,78.24759147386649,True,,0.019014645659683437,ransac,6,False,True,E8|NC2_full_mismatch,1000000.0,1357
30,23,23,3296,92.11938592623991,True,,0.02704029325453965,ransac,5,False,True,E8|NC2_full_mismatch,1000000.0,1358
30,26,26,3280,81.30103949141605,True,,0.03889047816365531,ransac,4,False,True,E8|NC2_full_mismatch,1000000.0,1359
30,23,23,3296,64.16880053207228,True,,0.021995993787200612,ransac,5,False,True,E8|NC2_full_mismatch,1000000.0,1360
30,23,23,3312,53.55058364534895,True,,0.04248398160658311,ransac,4,False,True,E8|NC2_full_mismatch,1000000.0,1361
30,23,23,3280,30.625642795064255,True,,0.01871627309069116,ransac,4,False,True,E8|NC2_full_mismatch,1000000.0,1362
30,23,23,3248,32.65120021105371,True,,0.024976644886455197,ransac,6,False,True,E8|NC2_full_mismatch,1000000.0,1363
30,26,26,3280,76.424287754877,True,,0.015161440024510845,ransac,4,False,True,E8|NC2_full_mismatch,1000000.0,1364
30,23,23,3280,136.04638351451885,True,,0.010131078645215386,ransac,5,False,True,E8|NC2_full_mismatch,1000000.0,1365
30,21,21,3328,48.84912977642128,True,,0.01757757666843756,ransac,4,False,True,E8|NC2_full_mismatch,1000000.0,1366
30,22,22,3312,43.08630027707741,True,,0.042658520414603156,ransac,7,False,True,E8|NC2_full_mismatch,1000000.0,1367
30,23,23,3264,119.23088707337844,True,,0.04560514256900985,ransac,5,False,True,E8|NC2_full_mismatch,1000000.0,1368
30,23,23,3216,86.868153354568,True,,0.0303559774957314,ransac,5,False,True,E8|NC2_full_mismatch,1000000.0,1369
30,22,22,3312,80.89430386502156,True,,0.029363557479190578,ransac,5,False,True,E8|NC2_full_mismatch,1000000.0,1370
30,21,21,3296,45.58754020817754,True,,0.024011073422444105,ransac,6,False,True,E8|NC2_full_mismatch,1000000.0,1371
30,24,24,3296,50.260109232026736,True,,0.06020888664152365,ransac,5,False,True,E8|NC2_full_mismatch,1000000.0,1372
30,21,21,3232,145.70090693822334,True,,0.03758610550338434,ransac,4,False,True,E8|NC2_full_mismatch,1000000.0,1373
30,22,22,3232,70.72790095923781,True,,0.04047217088982357,ransac,5,False,True,E8|NC2_full_mismatch,1000000.0,1374
30,21,21,3248,13.3075397746986,True,,0.052244355633673877,ransac,5,False,True,E8|NC2_full_mismatch,1000000.0,1375
30,25,25,3264,33.317819496926674,True,,0.03337845383643909,ransac,6,False,True,E8|NC2_full_mismatch,1000000.0,1376
30,23,23,3264,123.81142634063913,True,,0.0065832226974805305,ransac,5,False,True,E8|NC2_full_mismatch,1000000.0,1377
30,23,23,3296,70.89082967128786,True,,0.05223630855428289,ransac,4,False,True,E8|NC2_full_mismatch,1000000.0,1378
30,23,23,3296,114.43084601613668,True,,0.027061913188907744,ransac,6,False,True,E8|NC2_full_mismatch,1000000.0,1379
30,25,25,3312,61.71813508750343,True,,0.03341914288960853,ransac,5,False,True,E8|NC2_full_mismatch,1000000.0,1380
30,23,23,3296,13.454284272842864,True,,0.04662508359011043,ransac,5,False,True,E8|NC2_full_mismatch,1000000.0,1381
30,24,24,3248,148.35238730698185,True,,0.01859764781592376,ransac,4,False,True,E8|NC2_full_mismatch,1000000.0,1382
30,23,23,3296,112.77757782484242,True,,0.02453664639758895,ransac,4,False,True,E8|NC2_full_mismatch,1000000.0,1383
30,25,25,3296,78.04285349841616,True,,0.03030046237541737,ransac,5,False,True,E8|NC2_full_mismatch,1000000.0,1384
30,23,23,3328,37.82785372625251,True,,0.03848801100189071,ransac,5,False,True,E8|NC2_full_mismatch,1000000.0,1385
30,24,24,3312,51.26989071466621,True,,0.03684874323195762,ransac,5,False,True,E8|NC2_full_mismatch,1000000.0,1386
30,23,23,3296,165.16970697010743,True,,0.025441563565596254,ransac,4,False,True,E8|NC2_full_mismatch,1000000.0,1387
30,25,25,3264,84.29020445523867,True,,0.019445286277770597,ransac,5,False,True,E8|NC2_full_mismatch,1000000.0,1388
30,24,24,3328,99.64709520851838,True,,0.018212297460308655,ransac,5,False,True,E8|NC2_full_mismatch,1000000.0,1389
30,24,24,3280,67.53961562905833,True,,0.02800510399315803,ransac,5,False,True,E8|NC2_full_mismatch,1000000.0,1390
30,22,22,3296,105.30081397321524,True,,0.023726277988552227,ransac,5,False,True,E8|NC2_full_mismatch,1000000.0,1391
30,20,20,3232,159.62784931153607,True,,0.018414272311244987,ransac,4,False,True,E8|NC2_full_mismatch,1000000.0,1392
30,23,23,3296,50.17775791795266,True,,0.05620880283045403,ransac,7,False,True,E8|NC2_full_mismatch,1000000.0,1393
30,23,23,3328,132.2499274057509,True,,0.009468271047085754,ransac,5,False,True,E8|NC2_full_mismatch,1000000.0,1394
30,23,23,3312,142.0395947115409,True,,0.04541077914965453,ransac,4,False,True,E8|NC2_full_mismatch,1000000.0,1395
30,22,22,3264,50.03326216128559,True,,0.024049576017666826,ransac,5,False,True,E8|NC2_full_mismatch,1000000.0,1396
30,24,24,3296,148.91342666363298,True,,0.04668736241678635,ransac,5,False,True,E8|NC2_full_mismatch,1000000.0,1397
30,24,24,3328,71.08132496748593,True,,0.04194549941389373,ransac,6,False,True,E8|NC2_full_mismatch,1000000.0,1398
30,21,21,3280,150.83436752562986,True,,0.02554889049269918,ransac,4,False,True,E8|NC2_full_mismatch,1000000.0,1399
30,23,23,3232,96.56227764257324,True,,0.04589750208967806,ransac,4,False,True,E8|NC2_full_mismatch,1000000.0,1400
30,23,23,3280,111.33569014421036,True,,0.011379564995871548,ransac,4,False,True,E8|NC2_full_mismatch,1000000.0,1401
30,23,23,3296,98.1576560359779,True,,0.030814745999255943,ransac,4,False,True,E8|NC2_full_mismatch,1000000.0,1402
30,20,20,3296,115.69167360415838,True,,0.01585466312964967,ransac,4,False,True,E8|NC2_full_mismatch,1000000.0,1403
30,23,23,3280,23.155395221772334,True,,0.027235698817316443,ransac,4,False,True,E8|NC2_full_mismatch,1000000.0,1404
30,23,23,3312,88.61766741106965,True,,0.022840400799279514,ransac,5,False,True,E8|NC2_full_mismatch,1000000.0,1405
30,25,25,3312,77.11866347080853,True,,0.026938085028274387,ransac,5,False,True,E8|NC2_full_mismatch,1000000.0,1406
30,23,23,3264,107.36676858621287,True,,0.04691353762894063,ransac,6,False,True,E8|NC2_full_mismatch,1000000.0,1407
30,22,22,3264,149.46806652103072,True,,0.02247685324276909,ransac,6,False,True,E8|NC2_full_mismatch,1000000.0,1408
30,24,24,3296,152.41906860166034,True,,0.015767114647954807,ransac,4,False,True,E8|NC2_full_mismatch,1000000.0,1409
30,24,24,3280,93.30135808637304,True,,0.6619816145746594,ransac,3,False,True,E8|NC2_full_mismatch,1000000.0,1410
30,22,22,3328,107.34400624377187,True,,0.02424899992640294,ransac,4,False,True,E8|NC2_full_mismatch,1000000.0,1411
30,23,23,3296,73.21395364270657,True,,0.03767126972237681,ransac,7,False,True,E8|NC2_full_mismatch,1000000.0,1412
30,21,21,3312,65.92124571771652,True,,0.038179996531114674,ransac,5,False,True,E8|NC2_full_mismatch,1000000.0,1413
30,22,22,3312,88.24626711072949,True,,0.03552050217845081,ransac,5,False,True,E8|NC2_full_mismatch,1000000.0,1414
30,23,23,3264,83.80484610295429,True,,0.011819971145359756,ransac,5,False,True,E8|NC2_full_mismatch,1000000.0,1415
30,23,23,3280,86.76161836980316,True,,0.012833475900655351,ransac,5,False,True,E8|NC2_full_mismatch,1000000.0,1416
30,25,25,3280,114.43093401269651,True,,0.022932830167902447,ransac,5,False,True,E8|NC2_full_mismatch,1000000.0,1417
30,23,23,3248,114.22513752952348,True,,0.04545567748800971,ransac,4,False,True,E8|NC2_full_mismatch,1000000.0,1418
30,23,23,3280,105.71371167494564,True,,0.03134672058752779,ransac,5,False,True,E8|NC2_full_mismatch,1000000.0,1419
30,21,21,3312,75.73031537291331,True,,0.04744649586329055,ransac,5,False,True,E8|NC2_full_mismatch,1000000.0,1420
30,24,24,3264,95.37737668253556,True,,0.04763261007507918,ransac,5,False,True,E8|NC2_full_mismatch,1000000.0,1421
30,24,24,3248,144.0096332791375,True,,0.027879894285202943,ransac,5,False,True,E8|NC2_full_mismatch,1000000.0,1422
30,21,21,3248,100.57958221766295,True,,0.021023461492056812,ransac,4,False,True,E8|NC2_full_mismatch,1000000.0,1423
30,25,25,3216,80.5692144003215,True,,0.012158896889486265,ransac,5,False,True,E8|NC2_full_mismatch,1000000.0,1424
30,23,23,3296,57.74355092322622,True,,0.017019578311358474,ransac,5,False,True,E8|NC2_full_mismatch,1000000.0,1425
30,22,22,3248,47.74441580464417,True,,0.03421452363064583,ransac,5,False,True,E8|NC2_full_mismatch,1000000.0,1426
30,25,25,3280,47.936130712360175,True,,0.03718313976010176,ransac,4,False,True,E8|NC2_full_mismatch,1000000.0,1427
30,23,23,3312,126.25967157556687,True,,0.041399842531089914,ransac,5,False,True,E8|NC2_full_mismatch,1000000.0,1428
30,25,25,3312,109.0059167985415,True,,0.022514473241615124,ransac,6,False,True,E8|NC2_full_mismatch,1000000.0,1429
30,24,24,3280,133.67299111520813,True,,0.055379570940363866,ransac,4,False,True,E8|NC2_full_mismatch,1000000.0,1430
30,22,22,3264,8.697211682287286,True,,0.021100971048422425,ransac,5,False,True,E8|NC2_full_mismatch,1000000.0,1431
30,25,25,3248,34.462324406212836,True,,0.007032058268202485,ransac,6,False,True,E8|NC2_full_mismatch,1000000.0,1432
30,22,22,3280,101.81585399863162,True,,0.010465121976611792,ransac,4,False,True,E8|NC2_full_mismatch,1000000.0,1433
30,20,20,3280,65.92862498798577,True,,0.025885820298958775,ransac,4,False,True,E8|NC2_full_mismatch,1000000.0,1434
30,24,24,3296,80.5207831851581,True,,0.08417445958410266,ransac,5,False,True,E8|NC2_full_mismatch,1000000.0,1435
30,25,25,3280,63.93663082098513,True,,0.021050609999526588,ransac,4,False,True,E8|NC2_full_mismatch,1000000.0,1436
30,22,22,3264,96.11099958935621,True,,0.02665358239985706,ransac,4,False,True,E8|NC2_full_mismatch,1000000.0,1437
30,23,23,3248,67.44934910455814,True,,0.05814425759747475,ransac,5,False,True,E8|NC2_full_mismatch,1000000.0,1438
30,23,23,3280,105.20946303957525,True,,0.03175023869873354,ransac,5,False,True,E8|NC2_full_mismatch,1000000.0,1439
30,22,22,3296,133.86298872465989,True,,0.049902610576797464,ransac,6,False,True,E8|NC2_full_mismatch,1000000.0,1440
30,24,24,3248,139.24351481724702,True,,0.03673411120020064,ransac,4,False,True,E8|NC2_full_mismatch,1000000.0,1441
30,24,24,3280,112.83021510704046,True,,0.03396316992477798,ransac,5,False,True,E8|NC2_full_mismatch,1000000.0,1442
30,23,23,3280,56.19626262998929,True,,0.03856273216683834,ransac,5,False,True,E8|NC2_full_mismatch,1000000.0,1443
30,21,21,3280,28.023427238559076,True,,0.007937970691548914,ransac,4,False,True,E8|NC2_full_mismatch,1000000.0,1444
30,23,23,3248,97.62808346037447,True,,0.04337066189187262,ransac,4,False,True,E8|NC2_full_mismatch,1000000.0,1445
30,24,24,3280,21.83580074114372,True,,0.012476525681342974,ransac,4,False,True,E8|NC2_full_mismatch,1000000.0,1446
30,21,21,3280,20.69471407640808,True,,0.06212442886728624,ransac,4,False,True,E8|NC2_full_mismatch,1000000.0,1447
30,22,22,3312,61.84522405938512,True,,0.031598290050812564,ransac,5,False,True,E8|NC2_full_mismatch,1000000.0,1448
30,26,26,3264,59.86924078112702,True,,0.044814142303601846,ransac,5,False,True,E8|NC2_full_mismatch,1000000.0,1449
30,23,23,3264,39.16633884670174,True,,0.02403350346708464,ransac,5,False,True,E8|NC2_full_mismatch,1000000.0,1450
30,24,24,3264,127.29803736570366,True,,0.03188715658503549,ransac,7,False,True,E8|NC2_full_mismatch,1000000.0,1451
30,24,24,3248,80.191518156525,True,,0.024759351982238165,ransac,6,False,True,E8|NC2_full_mismatch,1000000.0,1452
30,22,22,3280,120.51258105692565,True,,0.022807330875528484,ransac,4,False,True,E8|NC2_full_mismatch,1000000.0,1453
30,23,23,3264,27.39205874178162,True,,0.023031604415827123,ransac,4,False,True,E8|NC2_full_mismatch,1000000.0,1454
30,23,23,3232,29.70893321751426,True,,0.021126232862337856,ransac,5,False,True,E8|NC2_full_mismatch,1000000.0,1455
30,21,21,3264,63.26402283850697,True,,0.03825631118113574,ransac,5,False,True,E8|NC2_full_mismatch,1000000.0,1456
30,22,22,3312,134.36416715518482,True,,0.015851146774907954,ransac,4,False,True,E8|NC2_full_mismatch,1000000.0,1457
30,24,24,3264,95.49315153545604,True,,0.02203541990773169,ransac,5,False,True,E8|NC2_full_mismatch,1000000.0,1458
30,24,24,3264,161.13556369044954,True,,0.021461572329843095,ransac,5,False,True,E8|NC2_full_mismatch,1000000.0,1459
30,21,21,3248,115.01522517943442,True,,0.03727569800702304,ransac,6,False,True,E8|NC2_full_mismatch,1000000.0,1460
30,23,23,3280,136.2383282485599,True,,0.03222520585337006,ransac,4,False,True,E8|NC2_full_mismatch,1000000.0,1461
30,23,23,3296,152.08035046863122,True,,0.024271556392110892,ransac,4,False,True,E8|NC2_full_mismatch,1000000.0,1462
30,24,24,3312,102.36867051649467,True,,0.04175760389318342,ransac,5,False,True,E8|NC2_full_mismatch,1000000.0,1463
30,21,21,3280,1.746516907994592,True,,0.028246123075524484,ransac,7,False,True,E8|NC2_full_mismatch,1000000.0,1464
30,24,24,3312,104.31715151724933,True,,0.04513349596270334,ransac,6,False,True,E8|NC2_full_mismatch,1000000.0,1465
30,24,24,3264,65.73651805751713,True,,0.02288355455800916,ransac,5,False,True,E8|NC2_full_mismatch,1000000.0,1466
30,23,23,3312,90.11296595813249,True,,0.021392757780997834,ransac,5,False,True,E8|NC2_full_mismatch,1000000.0,1467
30,22,22,3312,33.08778823541937,True,,0.04843157477150351,ransac,5,False,True,E8|NC2_full_mismatch,1000000.0,1468
30,23,23,3248,155.363024123547,True,,0.02915941707430239,ransac,5,False,True,E8|NC2_full_mismatch,1000000.0,1469
30,24,24,3312,126.53982754609136,True,,0.02029102617837452,ransac,5,False,True,E8|NC2_full_mismatch,1000000.0,1470
30,22,22,3296,107.47291896069413,True,,0.02083055975677935,ransac,4,False,True,E8|NC2_full_mismatch,1000000.0,1471
30,23,23,3248,104.73330144469438,True,,0.029225193577169396,ransac,5,False,True,E8|NC2_full_mismatch,1000000.0,1472
30,22,22,3248,6.273416352961807,True,,0.03189675806340151,ransac,6,False,True,E8|NC2_full_mismatch,1000000.0,1473
30,22,22,3264,9.470643109380642,True,,0.045755056888198746,ransac,5,False,True,E8|NC2_full_mismatch,1000000.0,1474
30,24,24,3296,53.59481311201048,True,,0.0283461101851138,ransac,6,False,True,E8|NC2_full_mismatch,1000000.0,1475
30,24,24,3248,121.61757280882084,True,,0.030944132873829435,ransac,6,False,True,E8|NC2_full_mismatch,1000000.0,1476
30,24,24,3264,107.92929589811128,True,,0.01753072342744107,ransac,4,False,True,E8|NC2_full_mismatch,1000000.0,1477
30,24,24,3312,69.59258800333875,True,,0.025663223220788234,ransac,5,False,True,E8|NC2_full_mismatch,1000000.0,1478
30,24,24,3232,98.49684063293314,True,,0.04541503641807999,ransac,4,False,True,E8|NC2_full_mismatch,1000000.0,1479
30,23,23,3216,19.00984163431713,True,,0.03355087474103844,ransac,5,False,True,E8|NC2_full_mismatch,1000000.0,1480
30,23,23,3264,124.37580626804318,True,,0.04003471896599761,ransac,4,False,True,E8|NC2_full_mismatch,1000000.0,1481
30,23,23,3296,153.95612421898443,True,,0.055799761604223404,ransac,6,False,True,E8|NC2_full_mismatch,1000000.0,1482
30,23,23,3232,41.02839638846433,True,,0.019743050020387464,ransac,5,False,True,E8|NC2_full_mismatch,1000000.0,1483
30,23,23,3248,76.76740635542808,True,,0.031128271104006497,ransac,4,False,True,E8|NC2_full_mismatch,1000000.0,1484
30,22,22,3280,16.02276852328818,True,,0.0332154571304084,ransac,4,False,True,E8|NC2_full_mismatch,1000000.0,1485
30,23,23,3280,8.261626070813653,True,,0.038852664312230965,ransac,5,False,True,E8|NC2_full_mismatch,1000000.0,1486
30,23,23,3328,97.53305375436571,True,,0.035454862226762925,ransac,6,False,True,E8|NC2_full_mismatch,1000000.0,1487
30,22,22,3296,143.52918617322158,True,,0.026861587675814855,ransac,4,False,True,E8|NC2_full_mismatch,1000000.0,1488
30,24,24,3232,68.34875326595974,True,,0.035940613373327164,ransac,5,False,True,E8|NC2_full_mismatch,1000000.0,1489
30,20,20,3296,114.73603880950735,True,,0.04626188990271662,ransac,5,False,True,E8|NC2_full_mismatch,1000000.0,1490
30,24,24,3264,93.6920914298109,True,,0.037720368400821096,ransac,4,False,True,E8|NC2_full_mismatch,1000000.0,1491
30,24,24,3264,73.09336550108975,True,,0.03987726576530116,ransac,5,False,True,E8|NC2_full_mismatch,1000000.0,1492
30,23,23,3280,47.42171123456091,True,,0.059618835198204684,ransac,4,False,True,E8|NC2_full_mismatch,1000000.0,1493
30,23,23,3248,123.37479503140595,True,,0.05428018798816464,ransac,5,False,True,E8|NC2_full_mismatch,1000000.0,1494
30,24,24,3280,91.98885475775921,True,,0.027878296807032396,ransac,5,False,True,E8|NC2_full_mismatch,1000000.0,1495
30,24,24,3264,82.85545522271303,True,,0.011535552289123742,ransac,4,False,True,E8|NC2_full_mismatch,1000000.0,1496
30,21,21,3296,88.99386682122652,True,,0.021071934435982233,ransac,4,False,True,E8|NC2_full_mismatch,1000000.0,1497
30,23,23,3280,88.35698837118032,True,,0.047299971863896055,ransac,6,False,True,E8|NC2_full_mismatch,1000000.0,1498
30,23,23,3312,24.971378782532344,True,,0.02623224628957561,ransac,5,False,True,E8|NC2_full_mismatch,1000000.0,1499
30,22,22,3312,98.9228017199197,True,,0.05672634832978556,ransac,5,False,True,E8|NC2_full_mismatch,1000000.0,1500
30,23,23,3232,42.85953064430518,True,,0.03208089288758689,ransac,4,False,True,E8|NC2_full_mismatch,1000000.0,1501
30,22,22,3296,96.28174263226505,True,,0.012675290630406726,ransac,5,False,True,E8|NC2_full_mismatch,1000000.0,1502
30,24,24,3264,83.69690336536242,True,,0.013397312379729277,ransac,4,False,True,E8|NC2_full_mismatch,1000000.0,1503
30,22,22,3280,82.46304662897202,True,,0.06442735770247394,ransac,6,False,True,E8|NC2_full_mismatch,1000000.0,1504
30,24,24,3296,85.77920461061133,True,,0.026673578714958936,ransac,6,False,True,E8|NC2_full_mismatch,1000000.0,1505
30,24,24,3312,88.71361624412849,True,,0.10842696239099606,ransac,4,False,True,E8|NC2_full_mismatch,1000000.0,1506
30,25,25,3296,139.9964700292021,True,,0.039714427520527985,ransac,4,False,True,E8|NC2_full_mismatch,1000000.0,1507
30,23,23,3264,9.422675953003878,True,,0.043518350437160576,ransac,5,False,True,E8|NC2_full_mismatch,1000000.0,1508
30,23,23,3296,80.25148614803393,True,,0.04815665748706009,ransac,6,False,True,E8|NC2_full_mismatch,1000000.0,1509
30,24,24,3248,135.02262150038135,True,,0.018697339755321153,ransac,6,False,True,E8|NC2_full_mismatch,1000000.0,1510
30,24,24,3216,139.8892029428444,True,,0.04133743210526399,ransac,5,False,True,E8|NC2_full_mismatch,1000000.0,1511
30,25,25,3248,113.88812126646042,True,,0.0026679013861772055,ransac,4,False,True,E8|NC2_full_mismatch,1000000.0,1512
30,23,23,3312,73.1190263429011,True,,0.056349041284024556,ransac,5,False,True,E8|NC2_full_mismatch,1000000.0,1513
30,25,25,3264,127.69797757157177,True,,0.03368263191839624,ransac,7,False,True,E8|NC2_full_mismatch,1000000.0,1514
30,22,22,3312,76.56668831691734,True,,0.025774428762050595,ransac,5,False,True,E8|NC2_full_mismatch,1000000.0,1515
30,23,23,3296,66.84366530974148,True,,0.03543045748151627,ransac,5,False,True,E8|NC2_full_mismatch,1000000.0,1516
30,22,22,3296,18.435359577179334,True,,0.02956747080234119,ransac,6,False,True,E8|NC2_full_mismatch,1000000.0,1517
30,25,25,3280,35.7236666334123,True,,0.019911049952179,ransac,5,False,True,E8|NC2_full_mismatch,1000000.0,1518
30,23,23,3248,46.74459394360575,True,,0.024209892527417665,ransac,5,False,True,E8|NC2_full_mismatch,1000000.0,1519
30,24,24,3264,16.61802318842515,True,,0.040019423656620166,ransac,6,False,True,E8|NC2_full_mismatch,1000000.0,1520
30,22,22,3264,62.797527744071814,True,,0.03570168817359455,ransac,6,False,True,E8|NC2_full_mismatch,1000000.0,1521
30,21,21,3280,138.06772568247908,True,,0.042937430110783485,ransac,6,False,True,E8|NC2_full_mismatch,1000000.0,1522
30,24,24,3264,45.37338767252841,True,,0.04259716430306862,ransac,5,False,True,E8|NC2_full_mismatch,1000000.0,1523
30,21,21,3328,99.81785379977612,True,,0.05956548271127495,ransac,5,False,True,E8|NC2_full_mismatch,1000000.0,1524
30,21,21,3248,65.78834969545922,True,,0.02073991655991312,ransac,4,False,True,E8|NC2_full_mismatch,1000000.0,1525
30,24,24,3296,80.35171637243222,True,,0.033249989167275486,ransac,6,False,True,E8|NC2_full_mismatch,1000000.0,1526
30,22,22,3232,86.68668248574191,True,,0.029484968656526684,ransac,5,False,True,E8|NC2_full_mismatch,1000000.0,1527
30,24,24,3296,123.5235498834149,True,,0.04879940926996741,ransac,6,False,True,E8|NC2_full_mismatch,1000000.0,1528
30,23,23,3264,117.2277941005499,True,,0.026027934131745895,ransac,5,False,True,E8|NC2_full_mismatch,1000000.0,1529
30,21,21,3248,120.8806397430351,True,,0.08651986757689918,ransac,4,False,True,E8|NC2_full_mismatch,1000000.0,1530
30,24,24,3296,31.077664593565107,True,,0.02837320849316417,ransac,4,False,True,E8|NC2_full_mismatch,1000000.0,1531
30,22,22,3264,80.79134437021288,True,,0.019123948910348392,ransac,4,False,True,E8|NC2_full_mismatch,1000000.0,1532
30,26,26,3296,108.24608849994081,True,,0.02268757221515451,ransac,4,False,True,E8|NC2_full_mismatch,1000000.0,1533
30,24,24,3296,72.68560640404615,True,,0.0336190970034854,ransac,6,False,True,E8|NC2_full_mismatch,1000000.0,1534
30,20,20,3296,67.73489614447804,True,,0.035326920953750195,ransac,5,False,True,E8|NC2_full_mismatch,1000000.0,1535
30,20,20,3264,32.05482829493754,True,,0.02281820041665023,ransac,4,False,True,E8|NC2_full_mismatch,1000000.0,1536
30,23,23,3296,16.884698686460144,True,,0.023005377045141762,ransac,5,False,True,E8|NC2_full_mismatch,1000000.0,1537
30,24,24,3232,114.1211526474738,True,,0.044920516469931275,ransac,5,False,True,E8|NC2_full_mismatch,1000000.0,1538
30,24,24,3296,77.88989034070246,True,,0.035794049668671,ransac,4,False,True,E8|NC2_full_mismatch,1000000.0,1539
30,24,24,3280,118.84774892739719,True,,0.02104764242715711,ransac,4,False,True,E8|NC2_full_mismatch,1000000.0,1540
30,24,24,3280,110.81106374043125,True,,0.04075791898476397,ransac,6,False,True,E8|NC2_full_mismatch,1000000.0,1541
30,23,23,3296,58.15319253848836,True,,0.02426798279071419,ransac,5,False,True,E8|NC2_full_mismatch,1000000.0,1542
30,23,23,3280,83.04248006360834,True,,0.01140790982086867,ransac,4,False,True,E8|NC2_full_mismatch,1000000.0,1543
30,24,24,3248,31.69056159806858,True,,0.03580774630216091,ransac,5,False,True,E8|NC2_full_mismatch,1000000.0,1544
30,26,26,3248,82.59075075399241,True,,0.025405912484094746,ransac,5,False,True,E8|NC2_full_mismatch,1000000.0,1545
30,24,24,3280,40.676918491334064,True,,0.04208065037767391,ransac,5,False,True,E8|NC2_full_mismatch,1000000.0,1546
30,24,24,3232,82.55585662907188,True,,0.02595563078199379,ransac,5,False,True,E8|NC2_full_mismatch,1000000.0,1547
30,22,22,3280,82.69615636203372,True,,0.0097808696513918,ransac,3,False,True,E8|NC2_full_mismatch,1000000.0,1548
30,25,25,3280,57.383895987892714,True,,0.03275939059328761,ransac,6,False,True,E8|NC2_full_mismatch,1000000.0,1549
30,23,23,3296,43.70167999118204,True,,0.021470256302892142,ransac,5,False,True,E8|NC2_full_mismatch,1000000.0,1550
30,23,23,3264,132.65275254281045,True,,0.002905757165220699,ransac,3,False,True,E8|NC2_full_mismatch,1000000.0,1551
30,20,20,3328,88.44618401137255,True,,0.03764572580576888,ransac,4,False,True,E8|NC2_full_mismatch,1000000.0,1552
30,23,23,3216,57.307072615432205,True,,0.03133783900263056,ransac,4,False,True,E8|NC2_full_mismatch,1000000.0,1553
30,24,24,3264,32.31803705931163,True,,0.01181217707423157,ransac,4,False,True,E8|NC2_full_mismatch,1000000.0,1554
30,26,26,3296,101.58785836770701,True,,0.03716810479256782,ransac,4,False,True,E8|NC2_full_mismatch,1000000.0,1555
30,24,24,3296,78.64014887887996,True,,0.03163246047747733,ransac,5,False,True,E8|NC2_full_mismatch,1000000.0,1556
30,24,24,3264,36.28878696494303,True,,0.004712686932097678,ransac,4,False,True,E8|NC2_full_mismatch,1000000.0,1557
30,23,23,3280,82.57000870800981,True,,0.04887354805355569,ransac,6,False,True,E8|NC2_full_mismatch,1000000.0,1558
30,25,25,3312,60.881839782333756,True,,0.019093393923755492,ransac,4,False,True,E8|NC2_full_mismatch,1000000.0,1559
30,23,23,3280,62.882709588281415,True,,0.03954750105542121,ransac,6,False,True,E8|NC2_full_mismatch,1000000.0,1560
30,22,22,3312,90.15764929230227,True,,0.05209013445839928,ransac,5,False,True,E8|NC2_full_mismatch,1000000.0,1561
30,25,25,3248,133.09361620379886,True,,0.04030130785338314,ransac,6,False,True,E8|NC2_full_mismatch,1000000.0,1562
30,23,23,3296,64.49829403012745,True,,0.015223175706158774,ransac,4,False,True,E8|NC2_full_mismatch,1000000.0,1563
30,25,25,3296,96.42724378709104,True,,0.06695635049586426,ransac,4,False,True,E8|NC2_full_mismatch,1000000.0,1564
30,21,21,3264,110.22758260131232,True,,0.03162473954084057,ransac,4,False,True,E8|NC2_full_mismatch,1000000.0,1565
30,24,24,3312,56.764581779505974,True,,0.05823045623568822,ransac,5,False,True,E8|NC2_full_mismatch,1000000.0,1566
30,23,23,3296,83.21190857407844,True,,0.013062481290308594,ransac,4,False,True,E8|NC2_full_mismatch,1000000.0,1567
30,25,25,3296,127.94902054272693,True,,0.01554659823392485,ransac,4,False,True,E8|NC2_full_mismatch,1000000.0,1568
30,24,24,3264,68.9723265877834,True,,0.037618630655104936,ransac,4,False,True,E8|NC2_full_mismatch,1000000.0,1569
30,23,23,3248,84.4085489273843,True,,0.04556866696974843,ransac,5,False,True,E8|NC2_full_mismatch,1000000.0,1570
30,24,24,3248,147.4979804302492,True,,0.012689979822549016,ransac,5,False,True,E8|NC2_full_mismatch,1000000.0,1571
30,25,25,3264,81.25217486185704,True,,0.04246941881910323,ransac,5,False,True,E8|NC2_full_mismatch,1000000.0,1572
30,24,24,3264,110.55639111171419,True,,0.01830085005786816,ransac,5,False,True,E8|NC2_full_mismatch,1000000.0,1573
30,24,24,3296,105.08700850770887,True,,0.04679677943452048,ransac,5,False,True,E8|NC2_full_mismatch,1000000.0,1574
30,25,25,3280,45.76374298709321,True,,0.04470858688003438,ransac,5,False,True,E8|NC2_full_mismatch,1000000.0,1575
30,24,24,3216,115.98649564804366,True,,0.015496107503921438,ransac,4,False,True,E8|NC2_full_mismatch,1000000.0,1576
30,24,24,3248,4.219949875618592,True,,0.05055382060416397,ransac,7,False,True,E8|NC2_full_mismatch,1000000.0,1577
30,25,25,3280,15.804156465776243,True,,0.025571526450045436,ransac,5,False,True,E8|NC2_full_mismatch,1000000.0,1578
30,21,21,3296,97.26360711304665,True,,0.033468583578847105,ransac,5,False,True,E8|NC2_full_mismatch,1000000.0,1579
30,24,24,3312,131.3838936046431,True,,0.020287642184543254,ransac,6,False,True,E8|NC2_full_mismatch,1000000.0,1580
30,24,24,3296,88.7373767935004,True,,0.039479756830022875,ransac,5,False,True,E8|NC2_full_mismatch,1000000.0,1581
30,21,21,3264,142.2998305099291,True,,0.04238779588804458,ransac,4,False,True,E8|NC2_full_mismatch,1000000.0,1582
30,23,23,3264,83.85520926849807,True,,0.056429575903943055,ransac,8,False,True,E8|NC2_full_mismatch,1000000.0,1583
30,23,23,3264,7.8169257289210545,True,,0.01694325616507464,ransac,4,False,True,E8|NC2_full_mismatch,1000000.0,1584
30,23,23,3280,146.5095490980866,True,,0.060246790059445034,ransac,5,False,True,E8|NC2_full_mismatch,1000000.0,1585
30,24,24,3264,16.913309653771194,True,,0.03897043358198222,ransac,5,False,True,E8|NC2_full_mismatch,1000000.0,1586
30,24,24,3296,113.0036852113557,True,,0.009157307095051796,ransac,4,False,True,E8|NC2_full_mismatch,1000000.0,1587
30,23,23,3312,62.88069922779104,True,,0.01603466227061589,ransac,5,False,True,E8|NC2_full_mismatch,1000000.0,1588
30,21,21,3280,3.11708437216405,True,,0.04443993085703388,ransac,5,False,True,E8|NC2_full_mismatch,1000000.0,1589
30,24,24,3280,100.00883881518419,True,,0.0302935061486228,ransac,6,False,True,E8|NC2_full_mismatch,1000000.0,1590
30,25,25,3264,70.01491698407527,True,,0.05358729282072296,ransac,5,False,True,E8|NC2_full_mismatch,1000000.0,1591
30,25,25,3264,26.864658586413103,True,,0.03948100850623998,ransac,4,False,True,E8|NC2_full_mismatch,1000000.0,1592
30,23,23,3232,157.18819880550421,True,,0.009754553945952772,ransac,4,False,True,E8|NC2_full_mismatch,1000000.0,1593
30,22,22,3280,157.5631754940601,True,,0.04610171309007268,ransac,4,False,True,E8|NC2_full_mismatch,1000000.0,1594
30,24,24,3328,132.90141149743351,True,,0.04232898772455259,ransac,5,False,True,E8|NC2_full_mismatch,1000000.0,1595
30,25,25,3296,51.42296107803159,True,,0.03212659244849164,ransac,5,False,True,E8|NC2_full_mismatch,1000000.0,1596
30,24,24,3264,86.60960576621285,True,,0.014770507779914227,ransac,5,False,True,E8|NC2_full_mismatch,1000000.0,1597
30,22,22,3296,37.64873166538076,True,,0.034529947705992665,ransac,5,False,True,E8|NC2_full_mismatch,1000000.0,1598
30,22,22,3312,41.4820807914535,True,,0.030629672102576246,ransac,4,False,True,E8|NC2_full_mismatch,1000000.0,1599
30,23,23,3232,101.62732970101555,True,,0.006698757963176266,ransac,4,False,True,E8|NC2_full_mismatch,1000000.0,1600
30,22,22,3232,72.32642053070528,True,,0.0203233775921113,ransac,5,False,True,E8|NC2_full_mismatch,1000000.0,1601
30,23,23,3328,74.09967094626414,True,,0.029930869675305616,ransac,5,False,True,E8|NC2_full_mismatch,1000000.0,1602
30,23,23,3280,66.88533753533189,True,,0.026407264882168956,ransac,5,False,True,E8|NC2_full_mismatch,1000000.0,1603
30,22,22,3264,87.78222469879033,True,,0.04037238317087498,ransac,5,False,True,E8|NC2_full_mismatch,1000000.0,1604
30,23,23,3312,9.964097863199385,True,,0.05018768401405917,ransac,4,False,True,E8|NC2_full_mismatch,1000000.0,1605
30,22,22,3248,60.99625850281886,True,,0.01093819088818454,ransac,4,False,True,E8|NC2_full_mismatch,1000000.0,1606
30,22,22,3296,30.208878331833862,True,,0.024599692480540114,ransac,5,False,True,E8|NC2_full_mismatch,1000000.0,1607
30,25,25,3280,87.48618808213672,True,,0.03882425397422318,ransac,4,False,True,E8|NC2_full_mismatch,1000000.0,1608
30,24,24,3280,141.83417078740467,True,,0.039970966486533366,ransac,7,False,True,E8|NC2_full_mismatch,1000000.0,1609
30,22,22,3280,21.95048544461362,True,,0.039700562072278865,ransac,4,False,True,E8|NC2_full_mismatch,1000000.0,1610
30,23,23,3248,128.04687927843753,True,,0.04330658846804716,ransac,5,False,True,E8|NC2_full_mismatch,1000000.0,1611
30,24,24,3264,118.64395371872048,True,,0.03474282018456853,ransac,5,False,True,E8|NC2_full_mismatch,1000000.0,1612
30,22,22,3280,148.50352498113432,True,,0.029726880717695102,ransac,5,False,True,E8|NC2_full_mismatch,1000000.0,1613
30,24,24,3312,92.020898164179,True,,0.020805689373374736,ransac,5,False,True,E8|NC2_full_mismatch,1000000.0,1614
30,22,22,3312,5.985724395316709,True,,0.041492669045932636,ransac,6,False,True,E8|NC2_full_mismatch,1000000.0,1615
30,22,22,3264,80.46621599559722,True,,0.025553140665437558,ransac,5,False,True,E8|NC2_full_mismatch,1000000.0,1616
30,24,24,3312,53.86525110163188,True,,0.053027099613642624,ransac,8,False,True,E8|NC2_full_mismatch,1000000.0,1617
30,25,25,3264,28.59338463317125,True,,0.031117092941837485,ransac,4,False,True,E8|NC2_full_mismatch,1000000.0,1618
30,22,22,3296,156.8629813670698,True,,0.04028706525924418,ransac,5,False,True,E8|NC2_full_mismatch,1000000.0,1619
30,22,22,3312,118.97652635391638,True,,0.04721053866272175,ransac,6,False,True,E8|NC2_full_mismatch,1000000.0,1620
30,24,24,3280,81.54688362520491,True,,0.03845952937344908,ransac,4,False,True,E8|NC2_full_mismatch,1000000.0,1621
30,24,24,3232,106.5367117825175,True,,0.008397350267918676,ransac,4,False,True,E8|NC2_full_mismatch,1000000.0,1622
30,25,25,3264,105.0870933130604,True,,0.021860680460354054,ransac,4,False,True,E8|NC2_full_mismatch,1000000.0,1623
30,21,21,3328,98.31261081903338,True,,0.037622015755040414,ransac,5,False,True,E8|NC2_full_mismatch,1000000.0,1624
30,24,24,3280,74.230771641022,True,,0.04525083986765811,ransac,4,False,True,E8|NC2_full_mismatch,1000000.0,1625
30,24,24,3280,82.02723223897726,True,,0.04395739133994045,ransac,5,False,True,E8|NC2_full_mismatch,1000000.0,1626
30,23,23,3280,151.08409322897919,True,,0.04355306102651663,ransac,3,False,True,E8|NC2_full_mismatch,1000000.0,1627
30,24,24,3280,83.50887658418912,True,,0.03565054589686099,ransac,4,False,True,E8|NC2_full_mismatch,1000000.0,1628
30,23,23,3248,112.6407768949836,True,,0.045948767186969726,ransac,5,False,True,E8|NC2_full_mismatch,1000000.0,1629
30,23,23,3264,36.263898139815275,True,,0.019554146116525756,ransac,4,False,True,E8|NC2_full_mismatch,1000000.0,1630
30,24,24,3248,38.5719419031301,True,,0.022611799538223877,ransac,5,False,True,E8|NC2_full_mismatch,1000000.0,1631
30,22,22,3296,67.43390534771792,True,,0.03875631845106832,ransac,5,False,True,E8|NC2_full_mismatch,1000000.0,1632
30,25,25,3296,120.49537698456757,True,,0.02940651335100428,ransac,6,False,True,E8|NC2_full_mismatch,1000000.0,1633
30,22,22,3280,117.76180602616229,True,,0.03476231154852235,ransac,6,False,True,E8|NC2_full_mismatch,1000000.0,1634
30,23,23,3216,100.97219571699365,True,,0.03848455985103176,ransac,4,False,True,E8|NC2_full_mismatch,1000000.0,1635
30,24,24,3264,40.83743074390351,True,,0.03794922408115772,ransac,4,False,True,E8|NC2_full_mismatch,1000000.0,1636
30,24,24,3264,63.021925561301366,True,,0.043670184922128534,ransac,5,False,True,E8|NC2_full_mismatch,1000000.0,1637
30,23,23,3264,97.34820087913349,True,,0.030323801295154794,ransac,5,False,True,E8|NC2_full_mismatch,1000000.0,1638
30,23,23,3248,125.87695389423419,True,,0.04065057201813552,ransac,4,False,True,E8|NC2_full_mismatch,1000000.0,1639
30,23,23,3264,48.902333758157695,True,,0.040352703054575036,ransac,5,False,True,E8|NC2_full_mismatch,1000000.0,1640
30,25,25,3232,9.284206310265951,True,,0.029897391945070025,ransac,6,False,True,E8|NC2_full_mismatch,1000000.0,1641
30,24,24,3280,120.0825193142715,True,,0.018778633148372116,ransac,4,False,True,E8|NC2_full_mismatch,1000000.0,1642
30,22,22,3296,131.96769110670846,True,,0.025866411459085893,ransac,6,False,True,E8|NC2_full_mismatch,1000000.0,1643
30,22,22,3280,102.29824118534712,True,,0.03570261619655587,ransac,5,False,True,E8|NC2_full_mismatch,1000000.0,1644
30,22,22,3280,124.89144120362317,True,,0.029679246932310242,ransac,5,False,True,E8|NC2_full_mismatch,1000000.0,1645
30,24,24,3280,43.10278842448445,True,,0.028654452302783778,ransac,5,False,True,E8|NC2_full_mismatch,1000000.0,1646
30,23,23,3296,58.5176259630419,True,,0.033000511813640616,ransac,4,False,True,E8|NC2_full_mismatch,1000000.0,1647
30,23,23,3296,112.39350447618514,True,,0.04984436768342222,ransac,4,False,True,E8|NC2_full_mismatch,1000000.0,1648
30,23,23,3280,45.225422555119934,True,,0.03822500647808391,ransac,5,False,True,E8|NC2_full_mismatch,1000000.0,1649
30,22,22,3264,45.21905483455548,True,,0.022917227221041288,ransac,4,False,True,E8|NC2_full_mismatch,1000000.0,1650
30,25,25,3280,26.63017557920975,True,,0.027818304282732104,ransac,5,False,True,E8|NC2_full_mismatch,1000000.0,1651
30,23,23,3232,144.4426981905289,True,,0.012326473537657971,ransac,4,False,True,E8|NC2_full_mismatch,1000000.0,1652
30,24,24,3264,108.64550204284348,True,,0.04898579499448323,ransac,7,False,True,E8|NC2_full_mismatch,1000000.0,1653
30,22,22,3296,91.28893286798039,True,,0.020377400474166772,ransac,5,False,True,E8|NC2_full_mismatch,1000000.0,1654
30,24,24,3296,38.21695465389618,True,,0.024283043333493327,ransac,5,False,True,E8|NC2_full_mismatch,1000000.0,1655
30,23,23,3296,85.71484365703252,True,,0.014311216498513966,ransac,4,False,True,E8|NC2_full_mismatch,1000000.0,1656
30,24,24,3296,92.18134647162485,True,,0.03177600173712913,ransac,5,False,True,E8|NC2_full_mismatch,1000000.0,1657
30,24,24,3296,95.45627795347177,True,,0.03166150262631174,ransac,5,False,True,E8|NC2_full_mismatch,1000000.0,1658
30,21,21,3280,138.03745633261684,True,,0.020780869803481525,ransac,5,False,True,E8|NC2_full_mismatch,1000000.0,1659
30,19,19,3296,36.36429324915313,True,,0.044183876330677045,ransac,4,False,True,E8|NC2_full_mismatch,1000000.0,1660
30,23,23,3280,130.23782468171274,True,,0.01661887169687533,ransac,4,False,True,E8|NC2_full_mismatch,1000000.0,1661
30,24,24,3264,102.06692054102675,True,,0.03780667858125855,ransac,5,False,True,E8|NC2_full_mismatch,1000000.0,1662
30,21,21,3280,42.833050054176134,True,,0.028462695069194598,ransac,4,False,True,E8|NC2_full_mismatch,1000000.0,1663
30,23,23,3312,76.31238710732025,True,,0.03470042399108591,ransac,4,False,True,E8|NC2_full_mismatch,1000000.0,1664
30,24,24,3312,129.76745142935644,True,,0.027767374898335622,ransac,5,False,True,E8|NC2_full_mismatch,1000000.0,1665
30,24,24,3232,101.28300405597219,True,,0.041405669842021126,ransac,5,False,True,E8|NC2_full_mismatch,1000000.0,1666
30,22,22,3280,37.13247425413309,True,,0.04247870976199943,ransac,6,False,True,E8|NC2_full_mismatch,1000000.0,1667
30,23,23,3280,17.95146504042967,True,,0.01588812514720033,ransac,5,False,True,E8|NC2_full_mismatch,1000000.0,1668
30,20,20,3296,103.08980975548643,True,,0.048173197198126676,ransac,6,False,True,E8|NC2_full_mismatch,1000000.0,1669
30,24,24,3248,124.86133191327725,True,,0.0275506615844898,ransac,4,False,True,E8|NC2_full_mismatch,1000000.0,1670
30,24,24,3296,55.66057341681058,True,,0.05055436234554677,ransac,5,False,True,E8|NC2_full_mismatch,1000000.0,1671
30,24,24,3248,142.98609341712245,True,,0.03546287879803389,ransac,5,False,True,E8|NC2_full_mismatch,1000000.0,1672
30,22,22,3264,27.33670575177937,True,,0.025357765259357148,ransac,5,False,True,E8|NC2_full_mismatch,1000000.0,1673
30,25,25,3248,114.7207939361954,True,,0.043944049788336395,ransac,5,False,True,E8|NC2_full_mismatch,1000000.0,1674
30,24,24,3248,70.29587868895564,True,,0.010012914984069844,ransac,6,False,True,E8|NC2_full_mismatch,1000000.0,1675
30,22,22,3232,140.62117782056856,True,,0.04371102422732432,ransac,5,False,True,E8|NC2_full_mismatch,1000000.0,1676
30,24,24,3248,80.48202879470544,True,,0.020423208973352935,ransac,4,False,True,E8|NC2_full_mismatch,1000000.0,1677
30,24,24,3312,40.70475496488441,True,,0.03248826116845703,ransac,5,False,True,E8|NC2_full_mismatch,1000000.0,1678
30,23,23,3248,56.10835537314226,True,,0.03840501042362686,ransac,4,False,True,E8|NC2_full_mismatch,1000000.0,1679
30,22,22,3280,99.72380666580975,True,,0.08224188509825331,ransac,4,False,True,E8|NC2_full_mismatch,1000000.0,1680
30,25,25,3264,117.53055509914537,True,,0.03609967121968865,ransac,4,False,True,E8|NC2_full_mismatch,1000000.0,1681
30,23,23,3280,88.92540326257591,True,,0.026823922366127514,ransac,6,False,True,E8|NC2_full_mismatch,1000000.0,1682
30,25,25,3280,151.93588477727835,True,,0.028013164699998518,ransac,5,False,True,E8|NC2_full_mismatch,1000000.0,1683
30,26,26,3312,68.52552620015084,True,,0.032529980732864915,ransac,5,False,True,E8|NC2_full_mismatch,1000000.0,1684
30,23,23,3312,129.52436075993722,True,,0.04201148361934684,ransac,8,False,True,E8|NC2_full_mismatch,1000000.0,1685
30,23,23,3264,75.04355479188824,True,,0.041941125813587075,ransac,4,False,True,E8|NC2_full_mismatch,1000000.0,1686
30,21,21,3264,88.01979065430659,True,,0.02719732677475445,ransac,4,False,True,E8|NC2_full_mismatch,1000000.0,1687
30,21,21,3296,81.11174237256289,True,,0.014751572402847517,ransac,5,False,True,E8|NC2_full_mismatch,1000000.0,1688
30,23,23,3280,103.24445954857367,True,,0.05023726239169833,ransac,5,False,True,E8|NC2_full_mismatch,1000000.0,1689
30,22,22,3280,100.9799053919451,True,,0.02827228616269752,ransac,4,False,True,E8|NC2_full_mismatch,1000000.0,1690
30,24,24,3280,159.23797974483398,True,,0.03272821051422116,ransac,5,False,True,E8|NC2_full_mismatch,1000000.0,1691
30,25,25,3296,101.5570336583421,True,,0.03454258797596747,ransac,6,False,True,E8|NC2_full_mismatch,1000000.0,1692
30,22,22,3312,64.44702533427927,True,,0.03317076953923607,ransac,6,False,True,E8|NC2_full_mismatch,1000000.0,1693
30,24,24,3264,139.6783009293837,True,,0.02885120766424568,ransac,4,False,True,E8|NC2_full_mismatch,1000000.0,1694
30,24,24,3296,85.10789239941911,True,,0.018304535712411817,ransac,6,False,True,E8|NC2_full_mismatch,1000000.0,1695
30,25,25,3312,53.1047523880125,True,,0.025645029502605114,ransac,5,False,True,E8|NC2_full_mismatch,1000000.0,1696
30,23,23,3280,23.707128582068485,True,,0.02437847471316334,ransac,5,False,True,E8|NC2_full_mismatch,1000000.0,1697
30,20,20,3264,10.223760685360542,True,,0.018357501949304033,ransac,4,False,True,E8|NC2_full_mismatch,1000000.0,1698
30,24,24,3312,81.9660860286755,True,,0.03447969673812128,ransac,5,False,True,E8|NC2_full_mismatch,1000000.0,1699
30,23,23,3248,89.75082751750277,True,,0.008240851696167664,ransac,5,False,True,E8|NC2_full_mismatch,1000000.0,1700
30,22,22,3312,72.92155616106226,True,,0.01413550686522482,ransac,5,False,True,E8|NC2_full_mismatch,1000000.0,1701
30,25,25,3312,122.60753907586742,True,,0.03162829819452924,ransac,4,False,True,E8|NC2_full_mismatch,1000000.0,1702
30,23,23,3280,77.9030279257628,True,,0.0006069835229883284,ransac,4,False,True,E8|NC2_full_mismatch,1000000.0,1703
30,23,23,3264,156.02447276378962,True,,0.025252825773368282,ransac,5,False,True,E8|NC2_full_mismatch,1000000.0,1704
30,20,20,3232,130.43745717667022,True,,0.04052048935923716,ransac,5,False,True,E8|NC2_full_mismatch,1000000.0,1705
30,20,20,3280,103.83549355790372,True,,0.01149003631970039,ransac,5,False,True,E8|NC2_full_mismatch,1000000.0,1706
30,21,21,3216,117.8210095041023,True,,0.01993414186571063,ransac,4,False,True,E8|NC2_full_mismatch,1000000.0,1707
30,25,25,3312,121.52328780255532,True,,0.029256376402474336,ransac,5,False,True,E8|NC2_full_mismatch,1000000.0,1708
30,22,22,3296,102.47781897386616,True,,0.048829226938468015,ransac,4,False,True,E8|NC2_full_mismatch,1000000.0,1709
30,22,22,3328,48.52113429015305,True,,0.24310464008826424,ransac,4,False,True,E8|NC2_full_mismatch,1000000.0,1710
30,23,23,3280,139.86222911430582,True,,0.024597853939339,ransac,5,False,True,E8|NC2_full_mismatch,1000000.0,1711
30,24,24,3248,19.05165996707303,True,,0.04734001266764394,ransac,5,False,True,E8|NC2_full_mismatch,1000000.0,1712
30,23,23,3280,31.917549938727802,True,,0.04172136686937398,ransac,5,False,True,E8|NC2_full_mismatch,1000000.0,1713
30,22,22,3232,30.129888808265697,True,,0.027782480932691166,ransac,4,False,True,E8|NC2_full_mismatch,1000000.0,1714
30,21,21,3296,102.96780335723454,True,,0.019377671549783346,ransac,4,False,True,E8|NC2_full_mismatch,1000000.0,1715
30,21,21,3264,100.61294438306818,True,,0.026382204146863163,ransac,4,False,True,E8|NC2_full_mismatch,1000000.0,1716
30,24,24,3296,143.87006746775054,True,,0.01830469423079654,ransac,5,False,True,E8|NC2_full_mismatch,1000000.0,1717
30,22,22,3280,71.08343353393005,True,,0.0242475460825844,ransac,4,False,True,E8|NC2_full_mismatch,1000000.0,1718
30,23,23,3296,89.99081880098473,True,,0.03437092358221801,ransac,4,False,True,E8|NC2_full_mismatch,1000000.0,1719
30,24,24,3328,159.86331963164093,True,,0.03173458664180945,ransac,5,False,True,E8|NC2_full_mismatch,1000000.0,1720
30,24,24,3280,129.7765731295798,True,,0.02300202599117723,ransac,4,False,True,E8|NC2_full_mismatch,1000000.0,1721
30,23,23,3200,29.817093268237553,True,,0.041556899170038616,ransac,4,False,True,E8|NC2_full_mismatch,1000000.0,1722
30,23,23,3296,103.38475665457278,True,,0.05129085896564135,ransac,5,False,True,E8|NC2_full_mismatch,1000000.0,1723
30,23,23,3296,15.044649863572399,True,,0.00940150010958001,ransac,5,False,True,E8|NC2_full_mismatch,1000000.0,1724
30,25,25,3296,59.880403803946585,True,,0.03360820734059955,ransac,6,False,True,E8|NC2_full_mismatch,1000000.0,1725
30,24,24,3280,68.78678535677172,True,,0.007744935307535902,ransac,5,False,True,E8|NC2_full_mismatch,1000000.0,1726
30,24,24,3296,88.2112723139682,True,,0.021198967978458823,ransac,4,False,True,E8|NC2_full_mismatch,1000000.0,1727
30,25,25,3248,136.4141027716654,True,,0.05050260938200086,ransac,5,False,True,E8|NC2_full_mismatch,1000000.0,1728
30,22,22,3280,120.74695168765307,True,,0.04300718454412136,ransac,4,False,True,E8|NC2_full_mismatch,1000000.0,1729
30,23,23,3312,122.19020842597857,True,,0.047866604733727294,ransac,4,False,True,E8|NC2_full_mismatch,1000000.0,1730
30,23,23,3232,68.71150355670046,True,,0.023921599224277335,ransac,4,False,True,E8|NC2_full_mismatch,1000000.0,1731
30,24,24,3312,102.79711868012377,True,,0.010602034183436112,ransac,4,False,True,E8|NC2_full_mismatch,1000000.0,1732
30,22,22,3312,40.47615457982413,True,,0.04721445359320932,ransac,4,False,True,E8|NC2_full_mismatch,1000000.0,1733
30,25,25,3312,98.6177575039156,True,,0.011410127081446796,ransac,6,False,True,E8|NC2_full_mismatch,1000000.0,1734
30,24,24,3280,45.656445074122125,True,,0.02520282429687481,ransac,5,False,True,E8|NC2_full_mismatch,1000000.0,1735
30,24,24,3264,83.14228973368122,True,,0.019013605940808635,ransac,5,False,True,E8|NC2_full_mismatch,1000000.0,1736
30,24,24,3264,143.24011712121575,True,,0.042954787330564514,ransac,6,False,True,E8|NC2_full_mismatch,1000000.0,1737
30,25,25,3296,59.26577121461254,True,,0.051070559318848234,ransac,5,False,True,E8|NC2_full_mismatch,1000000.0,1738
30,23,23,3280,72.56908351045061,True,,0.021329688470949723,ransac,5,False,True,E8|NC2_full_mismatch,1000000.0,1739
30,24,24,3328,28.58158592906388,True,,0.03912345435087591,ransac,7,False,True,E8|NC2_full_mismatch,1000000.0,1740
30,21,21,3312,109.25094339850128,True,,0.028292867726176153,ransac,4,False,True,E8|NC2_full_mismatch,1000000.0,1741
30,22,22,3328,91.23668368473388,True,,0.02571466923923211,ransac,5,False,True,E8|NC2_full_mismatch,1000000.0,1742
30,22,22,3264,129.16355326321298,True,,0.011653600753848421,ransac,4,False,True,E8|NC2_full_mismatch,1000000.0,1743
30,21,21,3280,18.270692560541818,True,,0.047216290253315835,ransac,5,False,True,E8|NC2_full_mismatch,1000000.0,1744
30,22,22,3280,54.623045122556356,True,,0.020366225582074078,ransac,5,False,True,E8|NC2_full_mismatch,1000000.0,1745
30,23,23,3264,99.67529060697147,True,,0.04544191016554697,ransac,5,False,True,E8|NC2_full_mismatch,1000000.0,1746
30,24,24,3296,58.290561146857996,True,,0.032631039324116685,ransac,4,False,True,E8|NC2_full_mismatch,1000000.0,1747
30,24,24,3296,94.25000644151807,True,,0.050657343032560996,ransac,5,False,True,E8|NC2_full_mismatch,1000000.0,1748
30,25,25,3312,28.47609923309172,True,,0.037885705663334636,ransac,8,False,True,E8|NC2_full_mismatch,1000000.0,1749
30,24,24,3312,116.57430079832982,True,,0.036379147117951656,ransac,5,False,True,E8|NC2_full_mismatch,1000000.0,1750
30,21,21,3232,127.7505136729334,True,,0.013235626358817197,ransac,4,False,True,E8|NC2_full_mismatch,1000000.0,1751
30,23,23,3280,122.38642014464564,True,,0.05373953031397137,ransac,6,False,True,E8|NC2_full_mismatch,1000000.0,1752
30,24,24,3296,150.00533515148916,True,,0.02652733532356179,ransac,4,False,True,E8|NC2_full_mismatch,1000000.0,1753
30,23,23,3312,119.66942727858525,True,,0.00475156403226149,ransac,4,False,True,E8|NC2_full_mismatch,1000000.0,1754
30,21,21,3296,65.46553912053142,True,,0.04364174018114969,ransac,5,False,True,E8|NC2_full_mismatch,1000000.0,1755
30,23,23,3296,136.56780663419377,True,,0.038265045557999186,ransac,5,False,True,E8|NC2_full_mismatch,1000000.0,1756
30,25,25,3312,47.27706735014109,True,,0.013162124731181724,ransac,5,False,True,E8|NC2_full_mismatch,1000000.0,1757
30,24,24,3264,100.09130041362067,True,,0.04355607535798841,ransac,6,False,True,E8|NC2_full_mismatch,1000000.0,1758
30,23,23,3280,100.89415597625417,True,,0.03909615486135031,ransac,4,False,True,E8|NC2_full_mismatch,1000000.0,1759
30,25,25,3264,20.857366288456927,True,,0.04796339246251272,ransac,5,False,True,E8|NC2_full_mismatch,1000000.0,1760
30,23,23,3280,91.50447670278291,True,,0.06254740489828162,ransac,5,False,True,E8|NC2_full_mismatch,1000000.0,1761
30,25,25,3248,71.19917671186165,True,,0.03585703554527349,ransac,5,False,True,E8|NC2_full_mismatch,1000000.0,1762
30,22,22,3280,21.698262705450745,True,,0.01169495168285014,ransac,5,False,True,E8|NC2_full_mismatch,1000000.0,1763
30,22,22,3296,88.12637472701059,True,,0.0447459245286828,ransac,6,False,True,E8|NC2_full_mismatch,1000000.0,1764
30,23,23,3296,53.930865835487275,True,,0.057697614569768185,ransac,7,False,True,E8|NC2_full_mismatch,1000000.0,1765
30,24,24,3264,61.615566327025135,True,,0.028378487700430166,ransac,5,False,True,E8|NC2_full_mismatch,1000000.0,1766
30,24,24,3280,91.0321611978004,True,,0.029093037697126567,ransac,5,False,True,E8|NC2_full_mismatch,1000000.0,1767
30,23,23,3280,21.872713667732665,True,,0.05904150532455501,ransac,6,False,True,E8|NC2_full_mismatch,1000000.0,1768
30,22,22,3312,127.08073547488958,True,,0.014896526655914746,ransac,5,False,True,E8|NC2_full_mismatch,1000000.0,1769
30,23,23,3312,87.97836577299032,True,,0.025292391965131018,ransac,5,False,True,E8|NC2_full_mismatch,1000000.0,1770
30,23,23,3216,47.5045444956529,True,,0.04544596456100152,ransac,6,False,True,E8|NC2_full_mismatch,1000000.0,1771
30,23,23,3248,88.33215224428056,True,,0.022008903288229742,ransac,5,False,True,E8|NC2_full_mismatch,1000000.0,1772
30,23,23,3296,109.42200270852766,True,,0.033859776051752444,ransac,4,False,True,E8|NC2_full_mismatch,1000000.0,1773
30,24,24,3216,59.24137392491184,True,,0.03975084295050836,ransac,5,False,True,E8|NC2_full_mismatch,1000000.0,1774
30,25,25,3328,51.7599610676477,True,,0.055874440451317016,ransac,5,False,True,E8|NC2_full_mismatch,1000000.0,1775
30,22,22,3312,49.980243284786354,True,,0.018839547726152095,ransac,4,False,True,E8|NC2_full_mismatch,1000000.0,1776
30,24,24,3312,94.44479904734732,True,,0.034984100520053796,ransac,4,False,True,E8|NC2_full_mismatch,1000000.0,1777
30,22,22,3264,22.152347961840057,True,,0.020515990876386822,ransac,4,False,True,E8|NC2_full_mismatch,1000000.0,1778
30,23,23,3280,38.30373287174029,True,,0.02285869787916028,ransac,5,False,True,E8|NC2_full_mismatch,1000000.0,1779
30,21,21,3264,159.39665772238948,True,,0.02522813020859647,ransac,5,False,True,E8|NC2_full_mismatch,1000000.0,1780
30,24,24,3296,143.4400156275566,True,,0.02324784232376891,ransac,5,False,True,E8|NC2_full_mismatch,1000000.0,1781
30,23,23,3296,37.85472168668178,True,,0.025503059074304273,ransac,4,False,True,E8|NC2_full_mismatch,1000000.0,1782
30,23,23,3296,125.4596588510311,True,,0.019138444222464277,ransac,5,False,True,E8|NC2_full_mismatch,1000000.0,1783
30,23,23,3296,128.87628464539122,True,,0.021917808523612088,ransac,6,False,True,E8|NC2_full_mismatch,1000000.0,1784
30,24,24,3296,116.42147740087611,True,,0.04942052798366124,ransac,5,False,True,E8|NC2_full_mismatch,1000000.0,1785
30,25,25,3296,129.8038346274314,True,,0.034456655441140197,ransac,8,False,True,E8|NC2_full_mismatch,1000000.0,1786
30,23,23,3280,43.013245555441436,True,,0.043250758005592395,ransac,5,False,True,E8|NC2_full_mismatch,1000000.0,1787
30,25,25,3280,122.22707242809167,True,,0.03513243890572943,ransac,6,False,True,E8|NC2_full_mismatch,1000000.0,1788
30,25,25,3264,129.9585699699759,True,,0.0189739436639181,ransac,4,False,True,E8|NC2_full_mismatch,1000000.0,1789
30,24,24,3264,119.27316900662257,True,,0.012491345970066892,ransac,4,False,True,E8|NC2_full_mismatch,1000000.0,1790
30,22,22,3280,118.57720747201597,True,,0.028712467072214615,ransac,5,False,True,E8|NC2_full_mismatch,1000000.0,1791
30,23,23,3264,70.6480927174047,True,,0.0014130269779684972,ransac,4,False,True,E8|NC2_full_mismatch,1000000.0,1792
30,24,24,3280,74.93114530427503,True,,0.06843913464761074,ransac,5,False,True,E8|NC2_full_mismatch,1000000.0,1793
30,24,24,3264,162.5175893237822,True,,0.026222878582655016,ransac,4,False,True,E8|NC2_full_mismatch,1000000.0,1794
30,22,22,3264,105.08213517932066,True,,0.03487079619235453,ransac,6,False,True,E8|NC2_full_mismatch,1000000.0,1795
30,21,21,3232,54.697131532614144,True,,0.04653951176730982,ransac,7,False,True,E8|NC2_full_mismatch,1000000.0,1796
30,24,24,3312,168.89678752762418,True,,0.01143395700831728,ransac,5,False,True,E8|NC2_full_mismatch,1000000.0,1797
30,24,24,3296,58.20141628553756,True,,0.01883613969623389,ransac,4,False,True,E8|NC2_full_mismatch,1000000.0,1798
30,22,22,3296,44.24649864181671,True,,0.023036297167836717,ransac,4,False,True,E8|NC2_full_mismatch,1000000.0,1799
30,24,24,3312,82.94929615896943,True,,0.01764964321749127,ransac,4,False,True,E8|NC2_full_mismatch,1000000.0,1800
30,24,24,3280,33.74931425984987,True,,0.05516480379527077,ransac,4,False,True,E8|NC2_full_mismatch,1000000.0,1801
30,24,24,3280,16.766051204171017,True,,0.00906471782359008,ransac,4,False,True,E8|NC2_full_mismatch,1000000.0,1802
30,23,23,3248,111.71028795108084,True,,0.03737203808728334,ransac,6,False,True,E8|NC2_full_mismatch,1000000.0,1803
30,24,24,3312,140.9708337043479,True,,0.01941719855424498,ransac,5,False,True,E8|NC2_full_mismatch,1000000.0,1804
30,24,24,3248,52.12387717530551,True,,0.031432855013229885,ransac,5,False,True,E8|NC2_full_mismatch,1000000.0,1805
30,26,26,3328,135.46304720722708,True,,0.015027853341679559,ransac,5,False,True,E8|NC2_full_mismatch,1000000.0,1806
30,23,23,3280,146.20512743960916,True,,0.026941158035938495,ransac,4,False,True,E8|NC2_full_mismatch,1000000.0,1807
30,23,23,3216,66.64133773208606,True,,0.05746283669289215,ransac,4,False,True,E8|NC2_full_mismatch,1000000.0,1808
30,21,21,3264,142.4387047229443,True,,0.039901426738150586,ransac,5,False,True,E8|NC2_full_mismatch,1000000.0,1809
30,22,22,3264,147.59347283696232,True,,0.03761730403019422,ransac,6,False,True,E8|NC2_full_mismatch,1000000.0,1810
30,23,23,3296,83.58758295990545,True,,0.016616518772780572,ransac,5,False,True,E8|NC2_full_mismatch,1000000.0,1811
30,22,22,3248,33.851895423592545,True,,0.016304668529028263,ransac,4,False,True,E8|NC2_full_mismatch,1000000.0,1812
30,22,22,3296,108.8299858816536,True,,0.03657778997141261,ransac,5,False,True,E8|NC2_full_mismatch,1000000.0,1813
30,21,21,3312,171.0023945397931,True,,0.04089521443052403,ransac,6,False,True,E8|NC2_full_mismatch,1000000.0,1814
30,24,24,3312,96.46727178683123,True,,0.03324040386948709,ransac,5,False,True,E8|NC2_full_mismatch,1000000.0,1815
30,19,19,3312,41.44821701313679,True,,0.030424963456532717,ransac,4,False,True,E8|NC2_full_mismatch,1000000.0,1816
30,21,21,3296,125.05336805116063,True,,0.033301206781843395,ransac,5,False,True,E8|NC2_full_mismatch,1000000.0,1817
30,25,25,3296,146.72231458577605,True,,0.015276530529091404,ransac,5,False,True,E8|NC2_full_mismatch,1000000.0,1818
30,24,24,3280,87.81824176976383,True,,0.04452047883477453,ransac,4,False,True,E8|NC2_full_mismatch,1000000.0,1819
30,24,24,3296,97.80721417112355,True,,0.02298483502222506,ransac,5,False,True,E8|NC2_full_mismatch,1000000.0,1820
30,22,22,3296,116.2708826732477,True,,0.01429123314466026,ransac,5,False,True,E8|NC2_full_mismatch,1000000.0,1821
30,24,24,3264,82.63289988790501,True,,0.0366168294796116,ransac,5,False,True,E8|NC2_full_mismatch,1000000.0,1822
30,23,23,3232,81.77161022248423,True,,0.011558948748020294,ransac,4,False,True,E8|NC2_full_mismatch,1000000.0,1823
30,21,21,3296,149.98795564335362,True,,0.008796750983868356,ransac,4,False,True,E8|NC2_full_mismatch,1000000.0,1824
30,25,25,3296,16.680878931721455,True,,0.0334709237499231,ransac,6,False,True,E8|NC2_full_mismatch,1000000.0,1825
30,24,24,3296,130.85405378154294,True,,0.04002448570094635,ransac,6,False,True,E8|NC2_full_mismatch,1000000.0,1826
30,22,22,3296,129.21567122077684,True,,0.019797180151422226,ransac,5,False,True,E8|NC2_full_mismatch,1000000.0,1827
30,22,22,3296,81.86371063237804,True,,0.056980811324004,ransac,6,False,True,E8|NC2_full_mismatch,1000000.0,1828
30,24,24,3312,85.37600697315601,True,,0.0202220596969146,ransac,6,False,True,E8|NC2_full_mismatch,1000000.0,1829
30,25,25,3280,95.98821771474502,True,,0.034637670558534554,ransac,4,False,True,E8|NC2_full_mismatch,1000000.0,1830
30,24,24,3328,85.6341206858423,True,,0.030687615282812702,ransac,6,False,True,E8|NC2_full_mismatch,1000000.0,1831
30,24,24,3312,53.96481245245619,True,,0.024535364246741093,ransac,4,False,True,E8|NC2_full_mismatch,1000000.0,1832
30,24,24,3248,143.52473100197543,True,,0.05072776069540006,ransac,6,False,True,E8|NC2_full_mismatch,1000000.0,1833
30,22,22,3248,107.75878736743445,True,,0.04307904703864359,ransac,6,False,True,E8|NC2_full_mismatch,1000000.0,1834
30,22,22,3296,165.12417576142502,True,,0.03692705348895523,ransac,4,False,True,E8|NC2_full_mismatch,1000000.0,1835
30,25,25,3280,32.00869356476001,True,,0.034802259810703,ransac,5,False,True,E8|NC2_full_mismatch,1000000.0,1836
30,24,24,3280,81.49021765637458,True,,0.022262376890821417,ransac,4,False,True,E8|NC2_full_mismatch,1000000.0,1837
30,22,22,3264,27.166015381894063,True,,0.01089949947516795,ransac,4,False,True,E8|NC2_full_mismatch,1000000.0,1838
30,23,23,3296,129.72223759626058,True,,0.02749093342344596,ransac,5,False,True,E8|NC2_full_mismatch,1000000.0,1839
30,23,23,3264,70.87717872088274,True,,0.052144752488317396,ransac,5,False,True,E8|NC2_full_mismatch,1000000.0,1840
30,23,23,3264,107.36024759390202,True,,0.014121441046079564,ransac,4,False,True,E8|NC2_full_mismatch,1000000.0,1841
30,25,25,3280,44.57642878994809,True,,0.03188842269527698,ransac,5,False,True,E8|NC2_full_mismatch,1000000.0,1842
30,23,23,3312,57.59638741687528,True,,0.03218983874330057,ransac,5,False,True,E8|NC2_full_mismatch,1000000.0,1843
30,18,18,3280,119.89433945142206,True,,0.06576548602653748,ransac,3,False,True,E8|NC2_full_mismatch,1000000.0,1844
30,25,25,3296,129.46037112596304,True,,0.013644984890562107,ransac,5,False,True,E8|NC2_full_mismatch,1000000.0,1845
30,23,23,3264,44.429908648206705,True,,0.032804844449954365,ransac,4,False,True,E8|NC2_full_mismatch,1000000.0,1846
30,23,23,3280,56.53713308950018,True,,0.0017397252729855351,ransac,4,False,True,E8|NC2_full_mismatch,1000000.0,1847
30,22,22,3264,110.1578160171437,True,,0.04142102905633095,ransac,5,False,True,E8|NC2_full_mismatch,1000000.0,1848
30,21,21,3280,111.75002091476138,True,,0.04585011169851083,ransac,5,False,True,E8|NC2_full_mismatch,1000000.0,1849
30,22,22,3312,143.67282217207705,True,,0.020425418939738458,ransac,5,False,True,E8|NC2_full_mismatch,1000000.0,1850
30,24,24,3296,135.0490814277072,True,,0.06432393377678483,ransac,4,False,True,E8|NC2_full_mismatch,1000000.0,1851
30,23,23,3280,115.31288394270231,True,,0.03296498940390103,ransac,4,False,True,E8|NC2_full_mismatch,1000000.0,1852
30,24,24,3264,120.09218459611627,True,,0.03295340157987582,ransac,5,False,True,E8|NC2_full_mismatch,1000000.0,1853
30,25,25,3280,65.01930567062048,True,,0.010427131833072052,ransac,5,False,True,E8|NC2_full_mismatch,1000000.0,1854
30,24,24,3248,43.50973851790737,True,,0.04323867312047514,ransac,5,False,True,E8|NC2_full_mismatch,1000000.0,1855
30,22,22,3280,128.12309212151513,True,,0.015159229023557786,ransac,6,False,True,E8|NC2_full_mismatch,1000000.0,1856
30,23,23,3248,11.321165261996693,True,,0.030161537758734477,ransac,4,False,True,E8|NC2_full_mismatch,1000000.0,1857
30,24,24,3296,65.12700809655544,True,,0.0437751717391519,ransac,5,False,True,E8|NC2_full_mismatch,1000000.0,1858
30,24,24,3312,106.90498825065806,True,,0.015811362077359805,ransac,6,False,True,E8|NC2_full_mismatch,1000000.0,1859
30,22,22,3312,121.90670851744208,True,,0.07676829196843889,ransac,5,False,True,E8|NC2_full_mismatch,1000000.0,1860
30,25,25,3280,89.16388146299003,True,,0.012821238978116642,ransac,4,False,True,E8|NC2_full_mismatch,1000000.0,1861
30,25,25,3264,44.07388735869421,True,,0.03037846999771836,ransac,5,False,True,E8|NC2_full_mismatch,1000000.0,1862
30,25,25,3280,118.07133559382046,True,,0.05918780527801448,ransac,5,False,True,E8|NC2_full_mismatch,1000000.0,1863
30,24,24,3264,52.18638335400992,True,,0.031462246703276325,ransac,5,False,True,E8|NC2_full_mismatch,1000000.0,1864
30,22,22,3248,42.76166410212966,True,,0.025121127707566734,ransac,4,False,True,E8|NC2_full_mismatch,1000000.0,1865
30,24,24,3248,123.68340672198069,True,,0.03623617323578933,ransac,5,False,True,E8|NC2_full_mismatch,1000000.0,1866
30,23,23,3264,53.199993000692444,True,,0.025121711038658602,ransac,5,False,True,E8|NC2_full_mismatch,1000000.0,1867
30,23,23,3216,61.615017022071996,True,,0.05408409267630871,ransac,5,False,True,E8|NC2_full_mismatch,1000000.0,1868
30,24,24,3296,142.3178661469675,True,,0.04030533751537867,ransac,6,False,True,E8|NC2_full_mismatch,1000000.0,1869
30,24,24,3280,125.58831612935225,True,,0.0369397010932756,ransac,6,False,True,E8|NC2_full_mismatch,1000000.0,1870
30,23,23,3280,95.8699001510154,True,,0.041478940003794706,ransac,6,False,True,E8|NC2_full_mismatch,1000000.0,1871
30,24,24,3264,90.099713585586,True,,0.04893021643582978,ransac,5,False,True,E8|NC2_full_mismatch,1000000.0,1872
30,23,23,3296,106.58465625322914,True,,0.015799068854909407,ransac,4,False,True,E8|NC2_full_mismatch,1000000.0,1873
30,23,23,3248,24.92026486934721,True,,0.0443800972980052,ransac,4,False,True,E8|NC2_full_mismatch,1000000.0,1874
30,22,22,3312,20.193629838797506,True,,0.04358432539068769,ransac,5,False,True,E8|NC2_full_mismatch,1000000.0,1875
30,23,23,3264,65.03718091342665,True,,0.03258943631241641,ransac,5,False,True,E8|NC2_full_mismatch,1000000.0,1876
30,23,23,3248,116.03718336166305,True,,0.03627959474288455,ransac,4,False,True,E8|NC2_full_mismatch,1000000.0,1877
30,24,24,3216,137.02320512049258,True,,0.04023254266900501,ransac,5,False,True,E8|NC2_full_mismatch,1000000.0,1878
30,24,24,3312,143.03466986871635,True,,0.02260107500022968,ransac,4,False,True,E8|NC2_full_mismatch,1000000.0,1879
30,25,25,3264,78.28119458317185,True,,0.03235519792207725,ransac,5,False,True,E8|NC2_full_mismatch,1000000.0,1880
30,21,21,3280,21.43435885568422,True,,0.0207075946942203,ransac,5,False,True,E8|NC2_full_mismatch,1000000.0,1881
30,21,21,3296,102.70539044912437,True,,0.03477851034888719,ransac,3,False,True,E8|NC2_full_mismatch,1000000.0,1882
30,23,23,3280,36.408465854681666,True,,0.010037084073917606,ransac,4,False,True,E8|NC2_full_mismatch,1000000.0,1883
30,22,22,3280,97.81196950648133,True,,0.020714544239732447,ransac,4,False,True,E8|NC2_full_mismatch,1000000.0,1884
30,26,26,3280,96.58449620159135,True,,0.03322278900528471,ransac,5,False,True,E8|NC2_full_mismatch,1000000.0,1885
30,23,23,3312,95.11871815199636,True,,0.036417962281292376,ransac,5,False,True,E8|NC2_full_mismatch,1000000.0,1886
30,23,23,3296,66.98674700327982,True,,0.038009804027953946,ransac,5,False,True,E8|NC2_full_mismatch,1000000.0,1887
30,24,24,3312,50.61456348024747,True,,0.024288446790382397,ransac,5,False,True,E8|NC2_full_mismatch,1000000.0,1888
30,21,21,3264,77.67378232958465,True,,0.036044939771249805,ransac,4,False,True,E8|NC2_full_mismatch,1000000.0,1889
30,24,24,3248,85.36175248779686,True,,0.04565497885662628,ransac,5,False,True,E8|NC2_full_mismatch,1000000.0,1890
30,24,24,3280,141.5896984677712,True,,0.05365203093186078,ransac,4,False,True,E8|NC2_full_mismatch,1000000.0,1891
30,24,24,3296,129.781640238697,True,,0.04361005776340066,ransac,4,False,True,E8|NC2_full_mismatch,1000000.0,1892
30,25,25,3280,114.95570909797861,True,,0.03874403577793531,ransac,4,False,True,E8|NC2_full_mismatch,1000000.0,1893
30,22,22,3280,37.338639303752394,True,,0.030870428563969723,ransac,5,False,True,E8|NC2_full_mismatch,1000000.0,1894
30,23,23,3280,64.71646055897486,True,,0.0039320291144809,ransac,3,False,True,E8|NC2_full_mismatch,1000000.0,1895
30,24,24,3296,138.8507261462957,True,,0.02990245518045742,ransac,5,False,True,E8|NC2_full_mismatch,1000000.0,1896
30,23,23,3280,152.94338463029865,True,,0.03090656245707056,ransac,5,False,True,E8|NC2_full_mismatch,1000000.0,1897
30,23,23,3264,107.25481280774818,True,,0.06209118973549969,ransac,5,False,True,E8|NC2_full_mismatch,1000000.0,1898
30,22,22,3296,71.01721916599405,True,,0.03912864592713182,ransac,5,False,True,E8|NC2_full_mismatch,1000000.0,1899
30,23,23,3280,42.70709840690267,True,,0.023656929341673506,ransac,5,False,True,E8|NC2_full_mismatch,1000000.0,1900
30,22,22,3232,118.46178286771875,True,,0.027565431208000184,ransac,4,False,True,E8|NC2_full_mismatch,1000000.0,1901
30,22,22,3296,85.8250267279894,True,,0.030279048808255434,ransac,4,False,True,E8|NC2_full_mismatch,1000000.0,1902
30,22,22,3232,58.953107164152364,True,,0.03133133797532593,ransac,6,False,True,E8|NC2_full_mismatch,1000000.0,1903
30,23,23,3216,63.98935707669644,True,,0.0493879747839714,ransac,4,False,True,E8|NC2_full_mismatch,1000000.0,1904
30,23,23,3296,36.542982942908864,True,,0.03475605304600794,ransac,5,False,True,E8|NC2_full_mismatch,1000000.0,1905
30,24,24,3280,39.609672394765575,True,,0.02144357020777428,ransac,5,False,True,E8|NC2_full_mismatch,1000000.0,1906
30,22,22,3280,100.39883893838152,True,,0.03934118786566508,ransac,4,False,True,E8|NC2_full_mismatch,1000000.0,1907
30,25,25,3280,41.969257477769126,True,,0.03769031845584732,ransac,6,False,True,E8|NC2_full_mismatch,1000000.0,1908
30,22,22,3312,112.25081831555978,True,,0.029766066212707065,ransac,5,False,True,E8|NC2_full_mismatch,1000000.0,1909
30,22,22,3264,52.45153867183549,True,,0.025633468605358936,ransac,5,False,True,E8|NC2_full_mismatch,1000000.0,1910
30,21,21,3312,125.38106061004667,True,,0.0252132841251049,ransac,4,False,True,E8|NC2_full_mismatch,1000000.0,1911
30,25,25,3296,133.69375199316832,True,,0.05151929554907461,ransac,6,False,True,E8|NC2_full_mismatch,1000000.0,1912
30,23,23,3280,46.45562036747356,True,,0.008328419357575414,ransac,4,False,True,E8|NC2_full_mismatch,1000000.0,1913
30,22,22,3328,41.68536494069948,True,,0.0071787397664089805,ransac,4,False,True,E8|NC2_full_mismatch,1000000.0,1914
30,23,23,3312,45.448283110515966,True,,0.01514089406518273,ransac,5,False,True,E8|NC2_full_mismatch,1000000.0,1915
30,23,23,3248,90.36091272287537,True,,0.024331647201976603,ransac,5,False,True,E8|NC2_full_mismatch,1000000.0,1916
30,24,24,3280,100.48743280055845,True,,0.046417125134810513,ransac,5,False,True,E8|NC2_full_mismatch,1000000.0,1917
30,24,24,3248,141.67919296805402,True,,0.01826159102853654,ransac,5,False,True,E8|NC2_full_mismatch,1000000.0,1918
30,22,22,3296,19.599804886814926,True,,0.021381837381481236,ransac,4,False,True,E8|NC2_full_mismatch,1000000.0,1919
30,24,24,3248,14.980292287151357,True,,0.06741935719076496,ransac,4,False,True,E8|NC2_full_mismatch,1000000.0,1920
30,22,22,3264,34.067939042162024,True,,0.018499069764294943,ransac,5,False,True,E8|NC2_full_mismatch,1000000.0,1921
30,21,21,3248,87.99617703646027,True,,0.03126315200146321,ransac,4,False,True,E8|NC2_full_mismatch,1000000.0,1922
30,22,22,3264,43.4468327957338,True,,0.03254772822758085,ransac,4,False,True,E8|NC2_full_mismatch,1000000.0,1923
30,24,24,3264,141.62987410393936,True,,0.08007724573605754,ransac,4,False,True,E8|NC2_full_mismatch,1000000.0,1924
30,22,22,3248,75.2790341945389,True,,0.03738032727894727,ransac,4,False,True,E8|NC2_full_mismatch,1000000.0,1925
30,24,24,3232,69.3372639603822,True,,0.044293209537171856,ransac,6,False,True,E8|NC2_full_mismatch,1000000.0,1926
30,23,23,3296,93.32886172421345,True,,0.037676134209977445,ransac,4,False,True,E8|NC2_full_mismatch,1000000.0,1927
30,25,25,3280,56.16370751021273,True,,0.01867483493618963,ransac,5,False,True,E8|NC2_full_mismatch,1000000.0,1928
30,23,23,3264,134.58031310523901,True,,0.0458018448919201,ransac,8,False,True,E8|NC2_full_mismatch,1000000.0,1929
30,25,25,3264,123.75378766767794,True,,0.04361764944833133,ransac,5,False,True,E8|NC2_full_mismatch,1000000.0,1930
30,23,23,3280,65.17286217197001,True,,0.024789739866827608,ransac,4,False,True,E8|NC2_full_mismatch,1000000.0,1931
30,23,23,3248,55.50084082205857,True,,0.0434341689886196,ransac,5,False,True,E8|NC2_full_mismatch,1000000.0,1932
30,20,20,3312,119.94462818126311,True,,0.03198094694041005,ransac,4,False,True,E8|NC2_full_mismatch,1000000.0,1933
30,24,24,3264,123.37370102672266,True,,0.030486051156486966,ransac,6,False,True,E8|NC2_full_mismatch,1000000.0,1934
30,23,23,3280,136.68263868320386,True,,0.0017021137763105082,ransac,4,False,True,E8|NC2_full_mismatch,1000000.0,1935
30,23,23,3296,70.48895674520925,True,,0.04015157974532623,ransac,6,False,True,E8|NC2_full_mismatch,1000000.0,1936
30,21,21,3328,87.79024644387437,True,,0.0304886665972476,ransac,5,False,True,E8|NC2_full_mismatch,1000000.0,1937
30,25,25,3280,10.255876133992928,True,,0.034108881821853794,ransac,5,False,True,E8|NC2_full_mismatch,1000000.0,1938
30,25,25,3280,131.81672797020246,True,,0.026716580487540362,ransac,5,False,True,E8|NC2_full_mismatch,1000000.0,1939
30,23,23,3312,46.86322014163784,True,,0.02405589808327219,ransac,5,False,True,E8|NC2_full_mismatch,1000000.0,1940
30,23,23,3280,107.1954956794704,True,,0.027221960882359005,ransac,4,False,True,E8|NC2_full_mismatch,1000000.0,1941
30,24,24,3280,63.80903066659021,True,,0.025956976937898425,ransac,5,False,True,E8|NC2_full_mismatch,1000000.0,1942
30,24,24,3232,32.88478465550929,True,,0.022060635742832617,ransac,5,False,True,E8|NC2_full_mismatch,1000000.0,1943
30,24,24,3264,47.71678044954183,True,,0.017582302341583412,ransac,4,False,True,E8|NC2_full_mismatch,1000000.0,1944
30,22,22,3296,131.8945312400641,True,,0.0533369363312076,ransac,5,False,True,E8|NC2_full_mismatch,1000000.0,1945
30,22,22,3296,74.16499028419577,True,,0.026402585200060842,ransac,5,False,True,E8|NC2_full_mismatch,1000000.0,1946
30,24,24,3312,87.77296782121567,True,,0.03546161832249608,ransac,5,False,True,E8|NC2_full_mismatch,1000000.0,1947
30,25,25,3280,102.65561258095867,True,,0.028464834840883375,ransac,4,False,True,E8|NC2_full_mismatch,1000000.0,1948
30,24,24,3248,97.12556443695627,True,,0.028945142123063625,ransac,4,False,True,E8|NC2_full_mismatch,1000000.0,1949
30,22,22,3248,160.73189085516015,True,,0.042605882069827135,ransac,5,False,True,E8|NC2_full_mismatch,1000000.0,1950
30,23,23,3248,18.117282269436515,True,,0.046047987673121356,ransac,7,False,True,E8|NC2_full_mismatch,1000000.0,1951
30,22,22,3312,21.009578493331478,True,,0.027917679197899156,ransac,5,False,True,E8|NC2_full_mismatch,1000000.0,1952
30,23,23,3232,54.32389273477172,True,,0.044755379252348654,ransac,8,False,True,E8|NC2_full_mismatch,1000000.0,1953
30,20,20,3296,132.50330407806007,True,,0.0240269159215177,ransac,4,False,True,E8|NC2_full_mismatch,1000000.0,1954
30,25,25,3296,133.97864860459234,True,,0.02052364035544427,ransac,4,False,True,E8|NC2_full_mismatch,1000000.0,1955
30,26,26,3296,106.44125166348229,True,,0.0035525390855862308,ransac,4,False,True,E8|NC2_full_mismatch,1000000.0,1956
30,25,25,3232,131.18304447734207,True,,0.017853241035516543,ransac,5,False,True,E8|NC2_full_mismatch,1000000.0,1957
30,22,22,3264,135.09856645237403,True,,0.028842977252908852,ransac,5,False,True,E8|NC2_full_mismatch,1000000.0,1958
30,24,24,3248,144.59052095895115,True,,0.02768786608197629,ransac,4,False,True,E8|NC2_full_mismatch,1000000.0,1959
30,23,23,3312,48.299200999666894,True,,0.06511451166877223,ransac,6,False,True,E8|NC2_full_mismatch,1000000.0,1960
30,25,25,3312,74.90124886030743,True,,0.0416130191726068,ransac,6,False,True,E8|NC2_full_mismatch,1000000.0,1961
30,22,22,3248,76.75390666557125,True,,0.048326981981803276,ransac,5,False,True,E8|NC2_full_mismatch,1000000.0,1962
30,22,22,3264,46.695016448013455,True,,0.04512232499597742,ransac,6,False,True,E8|NC2_full_mismatch,1000000.0,1963
30,24,24,3296,93.51883597696381,True,,0.013363676528467613,ransac,4,False,True,E8|NC2_full_mismatch,1000000.0,1964
30,25,25,3264,53.685427040120075,True,,0.024430230661987545,ransac,5,False,True,E8|NC2_full_mismatch,1000000.0,1965
30,25,25,3232,85.29772021874719,True,,0.028798428133687867,ransac,5,False,True,E8|NC2_full_mismatch,1000000.0,1966
30,23,23,3248,40.73998559726063,True,,0.03564869151509391,ransac,5,False,True,E8|NC2_full_mismatch,1000000.0,1967
30,24,24,3232,122.14482032621689,True,,0.03792640774105441,ransac,6,False,True,E8|NC2_full_mismatch,1000000.0,1968
30,23,23,3312,112.42735080315963,True,,0.018855400430384008,ransac,5,False,True,E8|NC2_full_mismatch,1000000.0,1969
30,23,23,3296,81.52324174692784,True,,0.03287384980719813,ransac,4,False,True,E8|NC2_full_mismatch,1000000.0,1970
30,23,23,3280,33.05179904454596,True,,0.03379966081278458,ransac,5,False,True,E8|NC2_full_mismatch,1000000.0,1971
30,24,24,3312,100.52092841933491,True,,0.01893314566395931,ransac,5,False,True,E8|NC2_full_mismatch,1000000.0,1972
30,21,21,3328,141.0761688368828,True,,0.018680078022817716,ransac,5,False,True,E8|NC2_full_mismatch,1000000.0,1973
30,24,24,3328,94.06383233840045,True,,0.03482304456261348,ransac,5,False,True,E8|NC2_full_mismatch,1000000.0,1974
30,22,22,3248,153.26175423247648,True,,0.004268190458488311,ransac,4,False,True,E8|NC2_full_mismatch,1000000.0,1975
30,23,23,3216,117.8695846008919,True,,0.032787485018894606,ransac,4,False,True,E8|NC2_full_mismatch,1000000.0,1976
30,25,25,3264,51.79889129545634,True,,0.040987508692783794,ransac,4,False,True,E8|NC2_full_mismatch,1000000.0,1977
30,25,25,3264,108.17075451231456,True,,0.045864289985184006,ransac,6,False,True,E8|NC2_full_mismatch,1000000.0,1978
30,25,25,3248,142.0254668007307,True,,0.02863450972481103,ransac,6,False,True,E8|NC2_full_mismatch,1000000.0,1979
30,24,24,3312,77.05163054065508,True,,0.019203422161855895,ransac,5,False,True,E8|NC2_full_mismatch,1000000.0,1980
30,23,23,3264,63.908165049867904,True,,0.04748072236912287,ransac,5,False,True,E8|NC2_full_mismatch,1000000.0,1981
30,24,24,3264,153.5308477876836,True,,0.039149760644476145,ransac,4,False,True,E8|NC2_full_mismatch,1000000.0,1982
30,24,24,3280,57.93340532771754,True,,0.03146805022655163,ransac,5,False,True,E8|NC2_full_mismatch,1000000.0,1983
30,21,21,3280,37.27967113676124,True,,0.03844086698043286,ransac,5,False,True,E8|NC2_full_mismatch,1000000.0,1984
30,20,20,3312,22.417282574997653,True,,0.030536134481244422,ransac,5,False,True,E8|NC2_full_mismatch,1000000.0,1985
30,24,24,3328,76.75080265467282,True,,0.040895974352025834,ransac,5,False,True,E8|NC2_full_mismatch,1000000.0,1986
30,21,21,3280,55.83280430918589,True,,0.03598284150850933,ransac,5,False,True,E8|NC2_full_mismatch,1000000.0,1987
30,23,23,3296,126.19632619072507,True,,0.036876170779150695,ransac,5,False,True,E8|NC2_full_mismatch,1000000.0,1988
30,26,26,3296,48.78751616819887,True,,0.02851217378105083,ransac,4,False,True,E8|NC2_full_mismatch,1000000.0,1989
30,21,21,3248,30.96592965190565,True,,0.030462314657009878,ransac,5,False,True,E8|NC2_full_mismatch,1000000.0,1990
30,22,22,3264,147.43180090763494,True,,0.050345449646161056,ransac,4,False,True,E8|NC2_full_mismatch,1000000.0,1991
30,24,24,3280,131.1051631697386,True,,0.05319228913013447,ransac,5,False,True,E8|NC2_full_mismatch,1000000.0,1992
30,22,22,3296,156.85189469295253,True,,0.03455925109161502,ransac,5,False,True,E8|NC2_full_mismatch,1000000.0,1993
30,22,22,3312,60.111074411524974,True,,0.031931219735735476,ransac,6,False,True,E8|NC2_full_mismatch,1000000.0,1994
30,24,24,3280,71.4435988442488,True,,0.03692224772999132,ransac,4,False,True,E8|NC2_full_mismatch,1000000.0,1995
30,23,23,3296,77.3506353862045,True,,0.016482030498074625,ransac,4,False,True,E8|NC2_full_mismatch,1000000.0,1996
30,21,21,3264,132.3161842900718,True,,0.03944777886189873,ransac,4,False,True,E8|NC2_full_mismatch,1000000.0,1997
30,22,22,3312,91.76728051532314,True,,0.007896576258489742,ransac,4,False,True,E8|NC2_full_mismatch,1000000.0,1998
30,22,22,3296,107.06181483401394,True,,0.059162630260652264,ransac,5,False,True,E8|NC2_full_mismatch,1000000.0,1999
