n,n_usable,n_bad,bits,err_deg,success,failure_reason,residual,estimator,n_sources_used,mirror_wrong,chirality_used,scenario,t_years,rep
30,18,1,2288,4.708022890265336,True,,0.03043849032133969,ransac,17,True,False,E9|chir|False,10000000.0,0
30,19,0,2288,0.16705707589840296,True,,0.05592452280669092,ransac,19,False,False,E9|chir|False,10000000.0,1
30,19,3,2288,25.157573213781866,True,,0.03138946510737924,ransac,16,True,False,E9|chir|False,10000000.0,2
30,19,0,2288,49.08958790991541,True,,0.04643560837802774,ransac,18,True,False,E9|chir|False,10000000.0,3
30,19,0,2288,45.84099971930586,True,,0.038588200102748396,ransac,19,True,False,E9|chir|False,10000000.0,4
30,18,1,2288,0.16475150150430842,True,,0.03915120231966212,ransac,17,False,False,E9|chir|False,10000000.0,5
30,18,2,2288,51.16725320027811,True,,0.05012134655525453,ransac,18,True,False,E9|chir|False,10000000.0,6
30,17,0,2288,136.530946870144,True,,0.03300064410543726,ransac,17,True,False,E9|chir|False,10000000.0,7
30,19,0,2288,75.2459420729052,True,,0.04439169122184657,ransac,18,True,False,E9|chir|False,10000000.0,8
30,16,1,2288,141.65920997043892,True,,0.057727761577580645,ransac,15,True,False,E9|chir|False,10000000.0,9
30,17,1,2288,28.94718049919278,True,,0.04417567519528941,ransac,16,True,False,E9|chir|False,10000000.0,10
30,15,1,2288,40.933946958499774,True,,0.044414618376677685,ransac,14,True,False,E9|chir|False,10000000.0,11
30,18,1,2288,0.4844246074548132,True,,0.06604730902708321,ransac,17,False,False,E9|chir|False,10000000.0,12
30,19,0,2288,0.4892840917638949,True,,0.05408670512484183,ransac,19,False,False,E9|chir|False,10000000.0,13
30,18,2,2288,6.122393557671399,True,,0.06239362287338488,ransac,18,True,False,E9|chir|False,10000000.0,14
30,16,0,2288,0.24493417422243555,True,,0.03631736428718866,ransac,16,False,False,E9|chir|False,10000000.0,15
30,19,1,2288,85.23574753349864,True,,0.060138702306601635,ransac,19,True,False,E9|chir|False,10000000.0,16
30,18,2,2288,0.5068793587451239,True,,0.03167576624275066,ransac,16,False,False,E9|chir|False,10000000.0,17
30,17,1,2288,28.045872843169246,True,,0.035743083723844715,ransac,16,True,False,E9|chir|False,10000000.0,18
30,17,0,2288,0.4136216680032221,True,,0.048560600406757845,ransac,17,False,False,E9|chir|False,10000000.0,19
30,20,0,2288,0.669572247674234,True,,0.052265675299511,ransac,19,False,False,E9|chir|False,10000000.0,20
30,19,1,2288,71.54664205787068,True,,0.04488176710484342,ransac,18,True,False,E9|chir|False,10000000.0,21
30,18,3,2288,0.2250107092063779,True,,0.0542623811810891,ransac,15,False,False,E9|chir|False,10000000.0,22
30,19,0,2288,141.07771116553496,True,,0.036237537574113216,ransac,19,True,False,E9|chir|False,10000000.0,23
30,18,1,2288,0.3110016532375713,True,,0.04175653068627928,ransac,16,False,False,E9|chir|False,10000000.0,24
30,14,0,2288,1.0810133972223697,True,,0.06028778760502045,ransac,13,False,False,E9|chir|False,10000000.0,25
30,20,2,2288,37.47909662199726,True,,0.04773893517170822,ransac,18,True,False,E9|chir|False,10000000.0,26
30,18,0,2288,0.13435392729140308,True,,0.04049247838240333,ransac,18,False,False,E9|chir|False,10000000.0,27
30,18,2,2288,0.5971441391821677,True,,0.05172195856796972,ransac,17,False,False,E9|chir|False,10000000.0,28
30,18,1,2288,38.13393207036082,True,,0.043198561023689366,ransac,17,True,False,E9|chir|False,10000000.0,29
30,17,0,2288,148.22244860376222,True,,0.02620702975926529,ransac,17,True,False,E9|chir|False,10000000.0,30
30,17,0,2288,32.61820234269978,True,,0.03390927618357069,ransac,17,True,False,E9|chir|False,10000000.0,31
30,15,0,2288,0.45196009618365024,True,,0.02280273229519146,ransac,15,False,False,E9|chir|False,10000000.0,32
30,19,1,2288,57.008290299636926,True,,0.03521150292029464,ransac,18,True,False,E9|chir|False,10000000.0,33
30,17,0,2288,69.0974977611876,True,,0.05590093662589678,ransac,17,True,False,E9|chir|False,10000000.0,34
30,16,0,2288,52.16017044425705,True,,0.0568122890770729,ransac,15,True,False,E9|chir|False,10000000.0,35
30,15,2,2288,1.4872503015116256,True,,0.05096330737085266,ransac,13,False,False,E9|chir|False,10000000.0,36
30,12,3,2288,28.229099491685993,True,,0.04829814632319566,ransac,12,True,False,E9|chir|False,10000000.0,37
30,16,0,2288,30.578616248283538,True,,0.04476740957871927,ransac,16,True,False,E9|chir|False,10000000.0,38
30,17,0,2288,0.30224315440429234,True,,0.05400699053575857,ransac,17,False,False,E9|chir|False,10000000.0,39
30,18,2,2288,56.40718241468886,True,,0.053228027355574054,ransac,15,True,False,E9|chir|False,10000000.0,40
30,16,2,2288,93.07447641816296,True,,0.03195274573891794,ransac,14,True,False,E9|chir|False,10000000.0,41
30,15,2,2288,0.2853772403734141,True,,0.0373946315206805,ransac,13,False,False,E9|chir|False,10000000.0,42
30,18,1,2288,90.8496347231079,True,,0.03703288352079146,ransac,17,True,False,E9|chir|False,10000000.0,43
30,17,1,2288,0.20344500306868746,True,,0.045067749704535046,ransac,15,False,False,E9|chir|False,10000000.0,44
30,16,1,2288,0.23390699609038157,True,,0.04691008960601257,ransac,15,False,False,E9|chir|False,10000000.0,45
30,19,0,2288,0.42787735507778224,True,,0.04890357910584034,ransac,19,False,False,E9|chir|False,10000000.0,46
30,18,1,2288,86.22493565943626,True,,0.044415279130804876,ransac,17,True,False,E9|chir|False,10000000.0,47
30,20,1,2288,0.3191997998534284,True,,0.03844191687309895,ransac,19,False,False,E9|chir|False,10000000.0,48
30,18,1,2288,19.62457536216003,True,,0.0453438442011058,ransac,17,True,False,E9|chir|False,10000000.0,49
30,18,0,2288,0.27496892945894913,True,,0.04412118940509039,ransac,17,False,False,E9|chir|False,10000000.0,50
30,16,0,2288,75.30628393534877,True,,0.025199545632079177,ransac,16,True,False,E9|chir|False,10000000.0,51
30,18,2,2288,85.33731242148889,True,,0.05099881640827934,ransac,18,True,False,E9|chir|False,10000000.0,52
30,20,1,2288,0.2763775943121341,True,,0.06068217574727273,ransac,19,False,False,E9|chir|False,10000000.0,53
30,17,0,2288,20.36163670937174,True,,0.03710730246973333,ransac,17,True,False,E9|chir|False,10000000.0,54
30,15,0,2288,9.287250436888888,True,,0.03262163470744249,ransac,15,True,False,E9|chir|False,10000000.0,55
30,19,1,2288,56.93686610170256,True,,0.05794321928278772,ransac,17,True,False,E9|chir|False,10000000.0,56
30,19,2,2288,86.19058018848222,True,,0.053021708382177846,ransac,17,True,False,E9|chir|False,10000000.0,57
30,20,1,2288,0.45560779856407374,True,,0.06653421327070332,ransac,19,False,False,E9|chir|False,10000000.0,58
30,18,3,2288,0.6427432513750119,True,,0.04465731152029078,ransac,15,False,False,E9|chir|False,10000000.0,59
30,18,0,2288,42.061984894846674,True,,0.05087288840746317,ransac,18,True,False,E9|chir|False,10000000.0,60
30,19,0,2288,0.7575818545536981,True,,0.03584356954274177,ransac,17,False,False,E9|chir|False,10000000.0,61
30,16,1,2288,39.879787261521194,True,,0.035935972306624715,ransac,15,True,False,E9|chir|False,10000000.0,62
30,18,1,2288,0.7983570606677957,True,,0.04818744009456973,ransac,17,False,False,E9|chir|False,10000000.0,63
30,15,2,2288,0.46333051414418125,True,,0.03841599482020513,ransac,13,False,False,E9|chir|False,10000000.0,64
30,16,0,2288,49.72085899056483,True,,0.025934600072670195,ransac,16,True,False,E9|chir|False,10000000.0,65
30,17,1,2288,59.390913645082485,True,,0.05028593646291868,ransac,16,True,False,E9|chir|False,10000000.0,66
30,18,2,2288,22.43946246530642,True,,0.04612699511743633,ransac,16,True,False,E9|chir|False,10000000.0,67
30,18,0,2288,0.7678243869482432,True,,0.04198350369897744,ransac,17,False,False,E9|chir|False,10000000.0,68
30,16,0,2288,0.41465379936868646,True,,0.053379305189811925,ransac,15,False,False,E9|chir|False,10000000.0,69
30,16,3,2288,55.69533083095687,True,,0.03626099984649768,ransac,13,True,False,E9|chir|False,10000000.0,70
30,16,0,2288,0.5166153346646151,True,,0.047186435775890934,ransac,16,False,False,E9|chir|False,10000000.0,71
30,18,0,2288,0.7826984843218889,True,,0.04735526446837352,ransac,17,False,False,E9|chir|False,10000000.0,72
30,18,0,2288,87.06532120857439,True,,0.05494288927521307,ransac,17,True,False,E9|chir|False,10000000.0,73
30,17,2,2288,4.117322957869089,True,,0.047584795210681145,ransac,17,True,False,E9|chir|False,10000000.0,74
30,19,2,2288,0.5092104518854621,True,,0.049558207213433465,ransac,19,False,False,E9|chir|False,10000000.0,75
30,16,1,2288,0.10022244438901279,True,,0.033829186638629924,ransac,15,False,False,E9|chir|False,10000000.0,76
30,16,1,2288,49.6529131966769,True,,0.05154945026262234,ransac,15,True,False,E9|chir|False,10000000.0,77
30,19,1,2288,0.4935513110360359,True,,0.04783651319911447,ransac,18,False,False,E9|chir|False,10000000.0,78
30,17,2,2288,97.38780680930603,True,,0.04838810533809505,ransac,17,True,False,E9|chir|False,10000000.0,79
30,14,1,2288,0.3893760929512116,True,,0.030379686187433252,ransac,13,False,False,E9|chir|False,10000000.0,80
30,17,1,2288,0.5372617578492028,True,,0.05497795127591053,ransac,17,False,False,E9|chir|False,10000000.0,81
30,19,3,2288,54.40350226274033,True,,0.043083263994273126,ransac,16,True,False,E9|chir|False,10000000.0,82
30,18,1,2288,80.67495817390846,True,,0.04406599749448622,ransac,17,True,False,E9|chir|False,10000000.0,83
30,14,3,2288,13.778873391165947,True,,0.04292507714735806,ransac,11,True,False,E9|chir|False,10000000.0,84
30,16,2,2288,109.47089759804989,True,,0.06777263589466524,ransac,16,True,False,E9|chir|False,10000000.0,85
30,19,0,2288,148.70180540425056,True,,0.03819222451121946,ransac,19,True,False,E9|chir|False,10000000.0,86
30,18,1,2288,95.23088450793381,True,,0.05063531017246074,ransac,17,True,False,E9|chir|False,10000000.0,87
30,15,2,2288,43.44130540994281,True,,0.04111129759187116,ransac,15,True,False,E9|chir|False,10000000.0,88
30,17,1,2288,0.2938132111034937,True,,0.035567785546959295,ransac,16,False,False,E9|chir|False,10000000.0,89
30,15,0,2288,85.60889438690164,True,,0.050254130513939614,ransac,15,True,False,E9|chir|False,10000000.0,90
30,18,0,2288,59.47096200548404,True,,0.04364278710896209,ransac,18,True,False,E9|chir|False,10000000.0,91
30,17,0,2288,0.38581631242039555,True,,0.03278371304771047,ransac,17,False,False,E9|chir|False,10000000.0,92
30,18,0,2288,0.4960132736003937,True,,0.054005140158357355,ransac,17,False,False,E9|chir|False,10000000.0,93
30,17,1,2288,0.16106651096579136,True,,0.03975380063465788,ransac,15,False,False,E9|chir|False,10000000.0,94
30,19,1,2288,1.0297126103433794,True,,0.049897976196221605,ransac,17,False,False,E9|chir|False,10000000.0,95
30,16,2,2288,93.81141721673104,True,,0.021623595365858762,ransac,14,True,False,E9|chir|False,10000000.0,96
30,18,0,2288,0.36155202178759926,True,,0.057006216563894624,ransac,18,False,False,E9|chir|False,10000000.0,97
30,16,1,2288,29.981438776441504,True,,0.03460963399848288,ransac,15,True,False,E9|chir|False,10000000.0,98
30,14,1,2288,0.1947039401414342,True,,0.030269461982818748,ransac,13,False,False,E9|chir|False,10000000.0,99
30,20,1,2288,96.68036629798388,True,,0.035014551427751554,ransac,19,True,False,E9|chir|False,10000000.0,100
30,18,0,2288,0.4638685591320136,True,,0.057066957031565065,ransac,17,False,False,E9|chir|False,10000000.0,101
30,19,0,2288,20.478821946047596,True,,0.056736647906608415,ransac,19,True,False,E9|chir|False,10000000.0,102
30,16,0,2288,20.829127556787956,True,,0.06777172240191581,ransac,16,True,False,E9|chir|False,10000000.0,103
30,18,0,2288,126.59580897916139,True,,0.052295855240742255,ransac,18,True,False,E9|chir|False,10000000.0,104
30,22,2,2288,68.23836668737691,True,,0.06133888397583475,ransac,18,True,False,E9|chir|False,10000000.0,105
30,15,1,2288,0.318565198705107,True,,0.059047802755591766,ransac,14,False,False,E9|chir|False,10000000.0,106
30,17,1,2288,0.4127656679853032,True,,0.04405049297971462,ransac,16,False,False,E9|chir|False,10000000.0,107
30,18,0,2288,0.3933447502233701,True,,0.0511948392658652,ransac,18,False,False,E9|chir|False,10000000.0,108
30,18,2,2288,0.4867464963513175,True,,0.04922945958400166,ransac,16,False,False,E9|chir|False,10000000.0,109
30,17,1,2288,117.30549398481128,True,,0.050256463904794685,ransac,16,True,False,E9|chir|False,10000000.0,110
30,18,0,2288,66.54067988941682,True,,0.04365815771996722,ransac,18,True,False,E9|chir|False,10000000.0,111
30,19,1,2288,0.5383197652982962,True,,0.04996039216269058,ransac,18,False,False,E9|chir|False,10000000.0,112
30,15,0,2288,72.76656928464128,True,,0.044808740988500385,ransac,15,True,False,E9|chir|False,10000000.0,113
30,17,0,2288,0.6698468556722279,True,,0.06710770791402988,ransac,17,False,False,E9|chir|False,10000000.0,114
30,19,3,2288,0.3477752463523927,True,,0.0416060591689463,ransac,16,False,False,E9|chir|False,10000000.0,115
30,19,1,2288,39.074803940547284,True,,0.060861749469276784,ransac,19,True,False,E9|chir|False,10000000.0,116
30,18,0,2288,75.5837299192869,True,,0.04645170750203463,ransac,18,True,False,E9|chir|False,10000000.0,117
30,18,1,2288,23.706938668892583,True,,0.04465567379490149,ransac,17,True,False,E9|chir|False,10000000.0,118
30,20,3,2288,21.57067454249958,True,,0.045553286088047575,ransac,18,True,False,E9|chir|False,10000000.0,119
30,17,2,2288,73.82906925982927,True,,0.03870134891297673,ransac,16,True,False,E9|chir|False,10000000.0,120
30,20,0,2288,35.19569227148499,True,,0.033955877373310954,ransac,19,True,False,E9|chir|False,10000000.0,121
30,15,0,2288,31.29468783305327,True,,0.035815583565533125,ransac,15,True,False,E9|chir|False,10000000.0,122
30,19,1,2288,46.3645807799651,True,,0.05495206969980105,ransac,18,True,False,E9|chir|False,10000000.0,123
30,15,0,2288,0.7565324334948015,True,,0.041014898036039735,ransac,15,False,False,E9|chir|False,10000000.0,124
30,16,2,2288,30.395404165359334,True,,0.03411727548261989,ransac,13,True,False,E9|chir|False,10000000.0,125
30,18,1,2288,86.2173535457293,True,,0.031292384085507385,ransac,17,True,False,E9|chir|False,10000000.0,126
30,14,1,2288,0.31290099054492415,True,,0.0329772789088641,ransac,13,False,False,E9|chir|False,10000000.0,127
30,17,1,2288,103.9032090006576,True,,0.04603508497906741,ransac,16,True,False,E9|chir|False,10000000.0,128
30,19,1,2288,0.2202566783262958,True,,0.03968985809977386,ransac,18,False,False,E9|chir|False,10000000.0,129
30,16,1,2288,0.43067385526438384,True,,0.04600977938583539,ransac,15,False,False,E9|chir|False,10000000.0,130
30,18,3,2288,32.22800863564004,True,,0.04341705740747442,ransac,16,True,False,E9|chir|False,10000000.0,131
30,19,2,2288,57.11418032916511,True,,0.05325624560180719,ransac,17,True,False,E9|chir|False,10000000.0,132
30,16,0,2288,19.200948064947497,True,,0.031726480605416614,ransac,16,True,False,E9|chir|False,10000000.0,133
30,19,1,2288,0.5063219315440122,True,,0.05925192188074689,ransac,18,False,False,E9|chir|False,10000000.0,134
30,19,1,2288,0.36226249464497284,True,,0.05577969536715901,ransac,19,False,False,E9|chir|False,10000000.0,135
30,17,0,2288,160.26444755791925,True,,0.0396625754411145,ransac,16,True,False,E9|chir|False,10000000.0,136
30,18,0,2288,0.6327076205496865,True,,0.04178007562667466,ransac,18,False,False,E9|chir|False,10000000.0,137
30,18,2,2288,2.976028331709657,True,,0.04659074759670546,ransac,16,True,False,E9|chir|False,10000000.0,138
30,16,0,2288,15.673537772416994,True,,0.04079882857671736,ransac,16,True,False,E9|chir|False,10000000.0,139
30,19,2,2288,0.49628057261491204,True,,0.06898408827557294,ransac,17,False,False,E9|chir|False,10000000.0,140
30,19,0,2288,32.55663383945264,True,,0.05637360748052549,ransac,19,True,False,E9|chir|False,10000000.0,141
30,19,1,2288,0.23064643993265957,True,,0.049647998644416304,ransac,18,False,False,E9|chir|False,10000000.0,142
30,16,2,2288,0.2591138896127655,True,,0.03505374157530066,ransac,16,False,False,E9|chir|False,10000000.0,143
30,19,1,2288,59.12829347722185,True,,0.055117813267085,ransac,17,True,False,E9|chir|False,10000000.0,144
30,17,1,2288,64.73368411394871,True,,0.04680450724577985,ransac,15,True,False,E9|chir|False,10000000.0,145
30,13,1,2288,0.11114050868728777,True,,0.0360454749080953,ransac,12,False,False,E9|chir|False,10000000.0,146
30,18,1,2288,0.619843954117322,True,,0.054522134503868336,ransac,17,False,False,E9|chir|False,10000000.0,147
30,18,2,2288,12.370156955848564,True,,0.04992021019488418,ransac,18,True,False,E9|chir|False,10000000.0,148
30,16,0,2288,61.778648377057564,True,,0.03610431993989141,ransac,16,True,False,E9|chir|False,10000000.0,149
30,21,1,2288,0.12966315328304068,True,,0.05098632825060077,ransac,19,False,False,E9|chir|False,10000000.0,150
30,16,1,2288,45.00521985761411,True,,0.023482683907794025,ransac,15,True,False,E9|chir|False,10000000.0,151
30,16,1,2288,0.2830114170934255,True,,0.038317740897242596,ransac,15,False,False,E9|chir|False,10000000.0,152
30,18,1,2288,55.93429821346254,True,,0.027403127962596086,ransac,17,True,False,E9|chir|False,10000000.0,153
30,17,3,2288,0.18973477396943852,True,,0.0495691184061414,ransac,15,False,False,E9|chir|False,10000000.0,154
30,16,2,2288,144.5510304373995,True,,0.03615175099167541,ransac,14,True,False,E9|chir|False,10000000.0,155
30,18,2,2288,30.258233883490533,True,,0.029992789123170136,ransac,16,True,False,E9|chir|False,10000000.0,156
30,14,2,2288,0.9491309914239666,True,,0.05621070313041428,ransac,14,False,False,E9|chir|False,10000000.0,157
30,21,0,2288,113.35256433879414,True,,0.047685675651020436,ransac,20,True,False,E9|chir|False,10000000.0,158
30,15,0,2288,0.48389027051264427,True,,0.05624088490221154,ransac,15,False,False,E9|chir|False,10000000.0,159
30,16,2,2288,64.91415450793433,True,,0.043840458025726635,ransac,16,True,False,E9|chir|False,10000000.0,160
30,17,0,2288,0.4667164160345634,True,,0.02968462820592669,ransac,17,False,False,E9|chir|False,10000000.0,161
30,15,0,2288,24.967056076937386,True,,0.056026627086620456,ransac,15,True,False,E9|chir|False,10000000.0,162
30,17,1,2288,92.79853006462253,True,,0.03910403839571895,ransac,16,True,False,E9|chir|False,10000000.0,163
30,19,0,2288,0.5289320498822258,True,,0.04960462317212994,ransac,19,False,False,E9|chir|False,10000000.0,164
30,17,1,2288,67.03899024450212,True,,0.041866470123937446,ransac,15,True,False,E9|chir|False,10000000.0,165
30,19,0,2288,0.7778936177151466,True,,0.036344975576058286,ransac,19,False,False,E9|chir|False,10000000.0,166
30,19,0,2288,0.2992066311142684,True,,0.055147960738842094,ransac,19,False,False,E9|chir|False,10000000.0,167
30,16,1,2288,0.38807999192125475,True,,0.048834945018279056,ransac,15,False,False,E9|chir|False,10000000.0,168
30,19,1,2288,0.2783649805444334,True,,0.0507166954089755,ransac,18,False,False,E9|chir|False,10000000.0,169
30,17,1,2288,0.858519226018948,True,,0.03303986423078326,ransac,16,False,False,E9|chir|False,10000000.0,170
30,19,0,2288,0.3101152066424558,True,,0.043868439140550365,ransac,19,False,False,E9|chir|False,10000000.0,171
30,18,1,2288,27.977993761431073,True,,0.03631487277003594,ransac,16,True,False,E9|chir|False,10000000.0,172
30,19,1,2288,27.761740695903544,True,,0.05740908740111599,ransac,18,True,False,E9|chir|False,10000000.0,173
30,16,2,2288,9.25388921186928,True,,0.04861149756180855,ransac,14,True,False,E9|chir|False,10000000.0,174
30,17,0,2288,0.3144443591000647,True,,0.044759864929376864,ransac,17,False,False,E9|chir|False,10000000.0,175
30,19,0,2288,0.5554898495315599,True,,0.040300740894437845,ransac,19,False,False,E9|chir|False,10000000.0,176
30,18,1,2288,0.23654498966401213,True,,0.059521248940315005,ransac,17,False,False,E9|chir|False,10000000.0,177
30,17,1,2288,48.791270427817395,True,,0.0517247509727958,ransac,16,True,False,E9|chir|False,10000000.0,178
30,18,1,2288,45.71485364712054,True,,0.057738998739084973,ransac,17,True,False,E9|chir|False,10000000.0,179
30,16,0,2288,111.12835402998465,True,,0.05807182473804176,ransac,16,True,False,E9|chir|False,10000000.0,180
30,19,1,2288,16.864554213495705,True,,0.0512668308198568,ransac,18,True,False,E9|chir|False,10000000.0,181
30,15,0,2288,0.4940690037935651,True,,0.038077575228856304,ransac,15,False,False,E9|chir|False,10000000.0,182
30,17,1,2288,0.5368158775949288,True,,0.04608875568420069,ransac,16,False,False,E9|chir|False,10000000.0,183
30,16,1,2288,0.225735282803153,True,,0.04123246439848143,ransac,15,False,False,E9|chir|False,10000000.0,184
30,20,2,2288,0.11004256247362958,True,,0.049697950132111965,ransac,18,False,False,E9|chir|False,10000000.0,185
30,19,0,2288,0.9361972530953419,True,,0.04331230497711659,ransac,19,False,False,E9|chir|False,10000000.0,186
30,18,1,2288,0.5183506497485438,True,,0.04103753018571547,ransac,18,False,False,E9|chir|False,10000000.0,187
30,17,1,2288,29.95838673054596,True,,0.04108633889500114,ransac,16,True,False,E9|chir|False,10000000.0,188
30,19,0,2288,0.7220712516629977,True,,0.029868927914825684,ransac,19,False,False,E9|chir|False,10000000.0,189
30,16,0,2288,88.84585904749711,True,,0.038129589845956394,ransac,16,True,False,E9|chir|False,10000000.0,190
30,17,1,2288,0.2957316805516545,True,,0.05240365200106084,ransac,16,False,False,E9|chir|False,10000000.0,191
30,18,1,2288,45.08878599080335,True,,0.06825917459793615,ransac,17,True,False,E9|chir|False,10000000.0,192
30,17,0,2288,0.7225545447834878,True,,0.051944342941069824,ransac,17,False,False,E9|chir|False,10000000.0,193
30,20,1,2288,57.977964752491374,True,,0.04732349399936152,ransac,18,True,False,E9|chir|False,10000000.0,194
30,18,1,2288,119.84852987001942,True,,0.03436988968665962,ransac,17,True,False,E9|chir|False,10000000.0,195
30,14,1,2288,79.65909214711903,True,,0.04602090394890404,ransac,13,True,False,E9|chir|False,10000000.0,196
30,17,3,2288,0.5075183590150584,True,,0.034916337445495965,ransac,14,False,False,E9|chir|False,10000000.0,197
30,16,1,2288,38.30744565305345,True,,0.03729836123383064,ransac,15,True,False,E9|chir|False,10000000.0,198
30,18,0,2288,86.65370815545191,True,,0.05693751938448827,ransac,18,True,False,E9|chir|False,10000000.0,199
30,20,0,2288,0.15810938188433651,True,,0.04018477267083174,ransac,20,False,False,E9|chir|False,10000000.0,200
30,20,1,2288,128.66417576096862,True,,0.058346123770298096,ransac,19,True,False,E9|chir|False,10000000.0,201
30,17,0,2288,68.36193034213385,True,,0.049225119412744496,ransac,17,True,False,E9|chir|False,10000000.0,202
30,20,1,2288,40.0609113593798,True,,0.07557280490146003,ransac,19,True,False,E9|chir|False,10000000.0,203
30,20,0,2288,61.683704982259854,True,,0.06183093623132778,ransac,20,True,False,E9|chir|False,10000000.0,204
30,17,1,2288,128.904030434295,True,,0.03793953280189639,ransac,16,True,False,E9|chir|False,10000000.0,205
30,14,1,2288,95.29101519202185,True,,0.03647447461472251,ransac,13,True,False,E9|chir|False,10000000.0,206
30,19,0,2288,0.13099490037592285,True,,0.031044850806148258,ransac,19,False,False,E9|chir|False,10000000.0,207
30,17,1,2288,0.39314152938480523,True,,0.035278918109380934,ransac,16,False,False,E9|chir|False,10000000.0,208
30,16,2,2288,4.6210013547578095,True,,0.03791683831746641,ransac,16,True,False,E9|chir|False,10000000.0,209
30,18,2,2288,0.8021163877867223,True,,0.04549042092612841,ransac,16,False,False,E9|chir|False,10000000.0,210
30,17,1,2288,0.26336161361459753,True,,0.03672356502559872,ransac,15,False,False,E9|chir|False,10000000.0,211
30,20,0,2288,0.4006368227058753,True,,0.06003629629311142,ransac,19,False,False,E9|chir|False,10000000.0,212
30,19,1,2288,20.94677443238936,True,,0.04759767296930301,ransac,18,True,False,E9|chir|False,10000000.0,213
30,18,1,2288,0.3773537430955783,True,,0.060603129203256285,ransac,17,False,False,E9|chir|False,10000000.0,214
30,17,1,2288,0.13663331981763882,True,,0.047896074251638054,ransac,16,False,False,E9|chir|False,10000000.0,215
30,18,2,2288,12.720320500352244,True,,0.04488145687674586,ransac,16,True,False,E9|chir|False,10000000.0,216
30,20,2,2288,0.2811450104666396,True,,0.060055752532383384,ransac,16,False,False,E9|chir|False,10000000.0,217
30,19,2,2288,123.14703235643732,True,,0.050748790241890086,ransac,17,True,False,E9|chir|False,10000000.0,218
30,18,0,2288,17.84251539969836,True,,0.049811377308149406,ransac,17,True,False,E9|chir|False,10000000.0,219
30,14,0,2288,56.58562106327686,True,,0.035641682555662635,ransac,14,True,False,E9|chir|False,10000000.0,220
30,18,0,2288,0.7043201074011877,True,,0.05296838891494367,ransac,18,False,False,E9|chir|False,10000000.0,221
30,15,2,2288,34.9303278722262,True,,0.05604467844828108,ransac,13,True,False,E9|chir|False,10000000.0,222
30,16,0,2288,15.865162945370203,True,,0.0343009698476413,ransac,16,True,False,E9|chir|False,10000000.0,223
30,16,1,2288,93.52243341629955,True,,0.021121840584813728,ransac,15,True,False,E9|chir|False,10000000.0,224
30,19,3,2288,0.3232138604960523,True,,0.03582417503424474,ransac,16,False,False,E9|chir|False,10000000.0,225
30,15,0,2288,0.3076353990441317,True,,0.04006719545652496,ransac,13,False,False,E9|chir|False,10000000.0,226
30,18,1,2288,151.338199028787,True,,0.05452183946075296,ransac,17,True,False,E9|chir|False,10000000.0,227
30,14,0,2288,17.85397079306527,True,,0.04462382902101054,ransac,14,True,False,E9|chir|False,10000000.0,228
30,18,0,2288,0.319854894023252,True,,0.0328418432101042,ransac,18,False,False,E9|chir|False,10000000.0,229
30,19,0,2288,0.866422760228297,True,,0.06100173705385873,ransac,19,False,False,E9|chir|False,10000000.0,230
30,16,0,2288,0.33217569520118617,True,,0.039700373251362414,ransac,16,False,False,E9|chir|False,10000000.0,231
30,21,0,2288,0.6466242532524261,True,,0.04884379374016861,ransac,20,False,False,E9|chir|False,10000000.0,232
30,18,0,2288,0.36480098791794263,True,,0.03939047757883432,ransac,18,False,False,E9|chir|False,10000000.0,233
30,16,1,2288,60.810989741580435,True,,0.03046081252087506,ransac,15,True,False,E9|chir|False,10000000.0,234
30,16,1,2288,0.7527401268587115,True,,0.034283786015771665,ransac,15,False,False,E9|chir|False,10000000.0,235
30,16,1,2288,0.4697349138058215,True,,0.04586639430909906,ransac,15,False,False,E9|chir|False,10000000.0,236
30,17,1,2288,1.1855015753577292,True,,0.03802784890588928,ransac,16,False,False,E9|chir|False,10000000.0,237
30,15,0,2288,12.112462124432883,True,,0.03948223394552412,ransac,15,True,False,E9|chir|False,10000000.0,238
30,16,0,2288,121.64116520308927,True,,0.04888585232788493,ransac,16,True,False,E9|chir|False,10000000.0,239
30,17,2,2288,0.2041582761821799,True,,0.03958337212174216,ransac,17,False,False,E9|chir|False,10000000.0,240
30,19,1,2288,0.7389733900714148,True,,0.052018485678114866,ransac,17,False,False,E9|chir|False,10000000.0,241
30,20,2,2288,155.79304924721174,True,,0.05001409992614126,ransac,20,True,False,E9|chir|False,10000000.0,242
30,18,0,2288,71.29124165070141,True,,0.050338261654794346,ransac,18,True,False,E9|chir|False,10000000.0,243
30,18,0,2288,0.2885508212012178,True,,0.04483119702878167,ransac,17,False,False,E9|chir|False,10000000.0,244
30,16,1,2288,2.4157500170965958,True,,0.055719855477095154,ransac,15,True,False,E9|chir|False,10000000.0,245
30,20,2,2288,0.27533445293365244,True,,0.05645779076607787,ransac,20,False,False,E9|chir|False,10000000.0,246
30,16,1,2288,0.9717467104128484,True,,0.05597410890147385,ransac,15,False,False,E9|chir|False,10000000.0,247
30,18,1,2288,0.47064918616734525,True,,0.04998596206272166,ransac,15,False,False,E9|chir|False,10000000.0,248
30,19,2,2288,6.86986555048976,True,,0.058084296411790665,ransac,17,True,False,E9|chir|False,10000000.0,249
30,19,2,2288,72.87677020519814,True,,0.056477867196415336,ransac,19,True,False,E9|chir|False,10000000.0,250
30,19,0,2288,0.6010531153046035,True,,0.06076521375109267,ransac,18,False,False,E9|chir|False,10000000.0,251
30,18,2,2288,0.29792109299195235,True,,0.05115378835584862,ransac,16,False,False,E9|chir|False,10000000.0,252
30,17,1,2288,126.31287745817471,True,,0.044138533881133236,ransac,15,True,False,E9|chir|False,10000000.0,253
30,19,0,2288,0.48917350956781863,True,,0.03936058388598296,ransac,18,False,False,E9|chir|False,10000000.0,254
30,18,0,2288,0.48959507367472194,True,,0.032610237334979156,ransac,18,False,False,E9|chir|False,10000000.0,255
30,18,1,2288,15.997336919989886,True,,0.04910783548498117,ransac,17,True,False,E9|chir|False,10000000.0,256
30,17,1,2288,26.3691370125102,True,,0.05518427679919228,ransac,16,True,False,E9|chir|False,10000000.0,257
30,15,0,2288,0.2073506295406386,True,,0.04241300201722556,ransac,15,False,False,E9|chir|False,10000000.0,258
30,19,0,2288,12.172625577711324,True,,0.050743900184086935,ransac,19,True,False,E9|chir|False,10000000.0,259
30,17,0,2288,82.05092681149692,True,,0.05982124369095809,ransac,17,True,False,E9|chir|False,10000000.0,260
30,17,0,2288,0.14785453204256543,True,,0.04420058581255395,ransac,17,False,False,E9|chir|False,10000000.0,261
30,18,1,2288,129.7988120062807,True,,0.04308759069420023,ransac,17,True,False,E9|chir|False,10000000.0,262
30,16,1,2288,69.66815434505033,True,,0.03568328593845896,ransac,15,True,False,E9|chir|False,10000000.0,263
30,16,0,2288,55.06961976609305,True,,0.03994230889041591,ransac,15,True,False,E9|chir|False,10000000.0,264
30,18,0,2288,28.644779785155833,True,,0.03947056752700714,ransac,18,True,False,E9|chir|False,10000000.0,265
30,17,2,2288,28.96511480608711,True,,0.049731119724094844,ransac,17,True,False,E9|chir|False,10000000.0,266
30,18,1,2288,155.01569036235276,True,,0.050947573220304306,ransac,17,True,False,E9|chir|False,10000000.0,267
30,17,1,2288,0.3078378938507271,True,,0.05151846373931876,ransac,15,False,False,E9|chir|False,10000000.0,268
30,17,1,2288,0.522204102361275,True,,0.05446770329325655,ransac,16,False,False,E9|chir|False,10000000.0,269
30,15,3,2288,0.47682799857945773,True,,0.04788242782669866,ransac,13,False,False,E9|chir|False,10000000.0,270
30,17,3,2288,71.569904167749,True,,0.02955277313518538,ransac,14,True,False,E9|chir|False,10000000.0,271
30,19,0,2288,0.02470953465671758,True,,0.03935317831689869,ransac,18,False,False,E9|chir|False,10000000.0,272
30,17,1,2288,10.595171019139006,True,,0.033048299290255885,ransac,16,True,False,E9|chir|False,10000000.0,273
30,18,3,2288,0.13875136999355775,True,,0.03463082769438635,ransac,16,False,False,E9|chir|False,10000000.0,274
30,16,1,2288,3.907446681480333,True,,0.04575963466105533,ransac,15,True,False,E9|chir|False,10000000.0,275
30,17,1,2288,55.28169942936485,True,,0.03914964463781787,ransac,16,True,False,E9|chir|False,10000000.0,276
30,18,1,2288,17.558140747012605,True,,0.029984651432909803,ransac,16,True,False,E9|chir|False,10000000.0,277
30,17,1,2288,0.4921281143896834,True,,0.045391615417423974,ransac,17,False,False,E9|chir|False,10000000.0,278
30,17,2,2288,0.5784264811716568,True,,0.04779272489718075,ransac,17,False,False,E9|chir|False,10000000.0,279
30,17,2,2288,0.5566439163151807,True,,0.034624545743718455,ransac,15,False,False,E9|chir|False,10000000.0,280
30,19,2,2288,46.98254058956898,True,,0.050763288451746734,ransac,18,True,False,E9|chir|False,10000000.0,281
30,20,0,2288,0.6029047763743466,True,,0.031198661103398362,ransac,20,False,False,E9|chir|False,10000000.0,282
30,14,3,2288,1.2379399060114593,True,,0.052179514690815984,ransac,12,False,False,E9|chir|False,10000000.0,283
30,19,1,2288,0.8461930870492779,True,,0.04843796365332856,ransac,16,False,False,E9|chir|False,10000000.0,284
30,17,1,2288,0.3222010877776964,True,,0.04576118137817769,ransac,16,False,False,E9|chir|False,10000000.0,285
30,17,2,2288,0.2350153085685679,True,,0.0447271140231992,ransac,15,False,False,E9|chir|False,10000000.0,286
30,19,1,2288,0.08580584056457,True,,0.052023838739354684,ransac,18,False,False,E9|chir|False,10000000.0,287
30,17,0,2288,152.1471249778865,True,,0.04807458200793143,ransac,17,True,False,E9|chir|False,10000000.0,288
30,15,0,2288,42.90611825286636,True,,0.04243845115524353,ransac,15,True,False,E9|chir|False,10000000.0,289
30,17,0,2288,30.49323980528263,True,,0.023508070157724912,ransac,17,True,False,E9|chir|False,10000000.0,290
30,18,0,2288,0.884173300319465,True,,0.04687486348489117,ransac,18,False,False,E9|chir|False,10000000.0,291
30,19,1,2288,35.93446849293461,True,,0.06897975679854142,ransac,18,True,False,E9|chir|False,10000000.0,292
30,18,0,2288,12.571979423802834,True,,0.03610136222204791,ransac,18,True,False,E9|chir|False,10000000.0,293
30,14,2,2288,0.6710171399859489,True,,0.05150568803040269,ransac,12,False,False,E9|chir|False,10000000.0,294
30,19,0,2288,0.8155858219777276,True,,0.05096775151853174,ransac,19,False,False,E9|chir|False,10000000.0,295
30,15,2,2288,1.2431932102921264,True,,0.049393760568519324,ransac,15,False,False,E9|chir|False,10000000.0,296
30,19,2,2288,0.19549924445706085,True,,0.05382387607664332,ransac,19,False,False,E9|chir|False,10000000.0,297
30,18,1,2288,0.23429570722019954,True,,0.042776169476411226,ransac,17,False,False,E9|chir|False,10000000.0,298
30,17,1,2288,0.6412148460561315,True,,0.05191174462258115,ransac,16,False,False,E9|chir|False,10000000.0,299
30,18,1,2288,0.13444275993374172,True,,0.041531230809413955,ransac,16,False,False,E9|chir|False,10000000.0,300
30,15,1,2288,51.541529528339275,True,,0.05254112453321541,ransac,14,True,False,E9|chir|False,10000000.0,301
30,17,2,2288,0.5588691527066909,True,,0.04313621072924662,ransac,17,False,False,E9|chir|False,10000000.0,302
30,16,0,2288,0.07421552252875387,True,,0.05284359029112971,ransac,16,False,False,E9|chir|False,10000000.0,303
30,17,1,2288,0.5171073005586444,True,,0.03619132123198041,ransac,16,False,False,E9|chir|False,10000000.0,304
30,21,2,2288,0.2723151231285028,True,,0.050829101423664876,ransac,20,False,False,E9|chir|False,10000000.0,305
30,17,0,2288,73.7507956535816,True,,0.049060713335547505,ransac,17,True,False,E9|chir|False,10000000.0,306
30,17,1,2288,0.6962739306835027,True,,0.04603976368232468,ransac,16,False,False,E9|chir|False,10000000.0,307
30,18,0,2288,9.78778115823612,True,,0.04822555690194582,ransac,18,True,False,E9|chir|False,10000000.0,308
30,14,0,2288,69.71947060860329,True,,0.0497116240835455,ransac,14,True,False,E9|chir|False,10000000.0,309
30,17,1,2288,152.19709706889276,True,,0.04429131469319689,ransac,16,True,False,E9|chir|False,10000000.0,310
30,16,1,2288,6.442815369132227,True,,0.05027429931762625,ransac,15,True,False,E9|chir|False,10000000.0,311
30,17,0,2288,14.664438108969879,True,,0.034113085516139376,ransac,17,True,False,E9|chir|False,10000000.0,312
30,16,0,2288,49.34196121524656,True,,0.04976536177715784,ransac,16,True,False,E9|chir|False,10000000.0,313
30,18,2,2288,147.78895825728196,True,,0.024509962377340915,ransac,18,True,False,E9|chir|False,10000000.0,314
30,18,2,2288,28.518639395000957,True,,0.04585888786008045,ransac,18,True,False,E9|chir|False,10000000.0,315
30,16,1,2288,57.12119151691282,True,,0.05864232671638065,ransac,15,True,False,E9|chir|False,10000000.0,316
30,14,2,2288,0.4064638718376085,True,,0.031150353458655782,ransac,12,False,False,E9|chir|False,10000000.0,317
30,18,0,2288,47.64443144984407,True,,0.03936143576860555,ransac,18,True,False,E9|chir|False,10000000.0,318
30,19,2,2288,0.7298322596905193,True,,0.04740288062870218,ransac,19,True,False,E9|chir|False,10000000.0,319
30,18,1,2288,108.55458938454504,True,,0.04881713138494516,ransac,17,True,False,E9|chir|False,10000000.0,320
30,16,2,2288,0.4079425570874255,True,,0.046429401725611955,ransac,14,False,False,E9|chir|False,10000000.0,321
30,18,0,2288,67.56475556140448,True,,0.04527258247008275,ransac,18,True,False,E9|chir|False,10000000.0,322
30,19,0,2288,0.5997465154136863,True,,0.047676355187618806,ransac,18,False,False,E9|chir|False,10000000.0,323
30,16,1,2288,122.04743995456275,True,,0.04818842850183274,ransac,15,True,False,E9|chir|False,10000000.0,324
30,18,0,2288,0.5512885856145142,True,,0.049874203653828136,ransac,18,False,False,E9|chir|False,10000000.0,325
30,16,1,2288,51.36342969689263,True,,0.047523733416557856,ransac,16,True,False,E9|chir|False,10000000.0,326
30,18,0,2288,0.6026265699173773,True,,0.04490817198537741,ransac,18,False,False,E9|chir|False,10000000.0,327
30,18,1,2288,0.3436474895063311,True,,0.04638728721617826,ransac,17,False,False,E9|chir|False,10000000.0,328
30,15,0,2288,143.20432286362976,True,,0.05939065712516654,ransac,15,True,False,E9|chir|False,10000000.0,329
30,16,0,2288,0.4373592269789968,True,,0.0513939554818771,ransac,16,True,False,E9|chir|False,10000000.0,330
30,17,1,2288,0.729036803089557,True,,0.031833249476338504,ransac,15,False,False,E9|chir|False,10000000.0,331
30,19,0,2288,0.5030644385253886,True,,0.04037928278901715,ransac,19,False,False,E9|chir|False,10000000.0,332
30,18,0,2288,0.5537593707847616,True,,0.04850546110011164,ransac,18,False,False,E9|chir|False,10000000.0,333
30,18,2,2288,0.9058553276292162,True,,0.06403585051417787,ransac,18,False,False,E9|chir|False,10000000.0,334
30,17,0,2288,0.5827397463018403,True,,0.056406786420226944,ransac,17,False,False,E9|chir|False,10000000.0,335
30,19,2,2288,0.6855923001107581,True,,0.04122790068027791,ransac,19,False,False,E9|chir|False,10000000.0,336
30,17,0,2288,0.2865195894239114,True,,0.030362374450378836,ransac,17,False,False,E9|chir|False,10000000.0,337
30,16,2,2288,39.00810455910424,True,,0.025466280174199003,ransac,14,True,False,E9|chir|False,10000000.0,338
30,18,1,2288,124.0684416478809,True,,0.06217712217438617,ransac,18,True,False,E9|chir|False,10000000.0,339
30,18,1,2288,47.693990454187485,True,,0.04942736455123379,ransac,16,True,False,E9|chir|False,10000000.0,340
30,20,3,2288,81.96349489126176,True,,0.05813171196221034,ransac,18,True,False,E9|chir|False,10000000.0,341
30,16,1,2288,0.450845162445239,True,,0.040073600660290504,ransac,15,False,False,E9|chir|False,10000000.0,342
30,17,0,2288,93.16566772676543,True,,0.047755730646269805,ransac,17,True,False,E9|chir|False,10000000.0,343
30,17,1,2288,0.6966051595536542,True,,0.05463277836628555,ransac,16,False,False,E9|chir|False,10000000.0,344
30,18,1,2288,0.1614070576530693,True,,0.046242137531425,ransac,17,False,False,E9|chir|False,10000000.0,345
30,19,0,2288,0.14784856771776345,True,,0.039874139690964726,ransac,19,False,False,E9|chir|False,10000000.0,346
30,18,0,2288,103.64236641042761,True,,0.0393901281990445,ransac,18,True,False,E9|chir|False,10000000.0,347
30,17,1,2288,100.4144923917405,True,,0.04938515120775278,ransac,16,True,False,E9|chir|False,10000000.0,348
30,18,0,2288,18.34466845624725,True,,0.05953303486153681,ransac,18,True,False,E9|chir|False,10000000.0,349
30,18,1,2288,0.09992131564798697,True,,0.028986233555998067,ransac,17,False,False,E9|chir|False,10000000.0,350
30,19,0,2288,37.80452215948218,True,,0.030950145379171144,ransac,19,True,False,E9|chir|False,10000000.0,351
30,16,1,2288,0.3649676905181127,True,,0.02384660947723211,ransac,15,False,False,E9|chir|False,10000000.0,352
30,18,0,2288,0.255158563017632,True,,0.03708025908575586,ransac,18,False,False,E9|chir|False,10000000.0,353
30,17,1,2288,108.59092165242124,True,,0.0678110993248041,ransac,16,True,False,E9|chir|False,10000000.0,354
30,17,2,2288,32.98406935315371,True,,0.04165928676844272,ransac,17,True,False,E9|chir|False,10000000.0,355
30,16,0,2288,0.5205174943385185,True,,0.030746027424743902,ransac,16,False,False,E9|chir|False,10000000.0,356
30,18,0,2288,0.5074774115854185,True,,0.04398434373309151,ransac,18,False,False,E9|chir|False,10000000.0,357
30,16,3,2288,96.0669393286565,True,,0.030655307699207733,ransac,14,True,False,E9|chir|False,10000000.0,358
30,17,2,2288,62.96035311721022,True,,0.05549477100545219,ransac,15,True,False,E9|chir|False,10000000.0,359
30,20,0,2288,0.46106047540511846,True,,0.03922322702208607,ransac,20,False,False,E9|chir|False,10000000.0,360
30,16,0,2288,0.07982303162688502,True,,0.04379034353406013,ransac,16,False,False,E9|chir|False,10000000.0,361
30,18,0,2288,47.580136268197876,True,,0.024261904142282565,ransac,17,True,False,E9|chir|False,10000000.0,362
30,17,1,2288,8.383824008038477,True,,0.04153329643144908,ransac,16,True,False,E9|chir|False,10000000.0,363
30,17,0,2288,134.5722728663693,True,,0.051988578954393606,ransac,17,True,False,E9|chir|False,10000000.0,364
30,19,0,2288,104.12001750106373,True,,0.05705582943826713,ransac,19,True,False,E9|chir|False,10000000.0,365
30,17,0,2288,0.4463394731226759,True,,0.04703506303511302,ransac,16,False,False,E9|chir|False,10000000.0,366
30,17,0,2288,0.1917891281141588,True,,0.05286826852938078,ransac,16,False,False,E9|chir|False,10000000.0,367
30,16,1,2288,0.27084369045918216,True,,0.026695499037976498,ransac,15,False,False,E9|chir|False,10000000.0,368
30,19,2,2288,0.8492008634593334,True,,0.055516885802985194,ransac,17,False,False,E9|chir|False,10000000.0,369
30,17,1,2288,0.13977215135819945,True,,0.04877824944058692,ransac,16,False,False,E9|chir|False,10000000.0,370
30,18,0,2288,0.15940737959493617,True,,0.03950097895485951,ransac,17,False,False,E9|chir|False,10000000.0,371
30,18,1,2288,20.316484758862273,True,,0.04104822157040145,ransac,17,True,False,E9|chir|False,10000000.0,372
30,15,0,2288,0.62415562904035,True,,0.052915212400168415,ransac,15,False,False,E9|chir|False,10000000.0,373
30,18,1,2288,149.19724825800182,True,,0.047111581971354816,ransac,18,True,False,E9|chir|False,10000000.0,374
30,17,0,2288,16.790710068598244,True,,0.054408872155799703,ransac,17,True,False,E9|chir|False,10000000.0,375
30,16,1,2288,0.37991594595468736,True,,0.04431663504991788,ransac,15,False,False,E9|chir|False,10000000.0,376
30,17,0,2288,0.5190088875559369,True,,0.044875761140655855,ransac,17,False,False,E9|chir|False,10000000.0,377
30,19,0,2288,0.4372653268596361,True,,0.06057462494413655,ransac,19,False,False,E9|chir|False,10000000.0,378
30,18,1,2288,22.8092738132215,True,,0.03628923656849364,ransac,17,True,False,E9|chir|False,10000000.0,379
30,18,0,2288,0.5247558691813361,True,,0.03568958347808707,ransac,18,False,False,E9|chir|False,10000000.0,380
30,16,1,2288,44.20432101677411,True,,0.041069697633704584,ransac,15,True,False,E9|chir|False,10000000.0,381
30,16,2,2288,49.24323198405598,True,,0.04976703087951359,ransac,16,True,False,E9|chir|False,10000000.0,382
30,20,3,2288,0.8951986809359672,True,,0.06365941702469546,ransac,17,False,False,E9|chir|False,10000000.0,383
30,19,1,2288,0.1741017136769168,True,,0.045137794865427565,ransac,18,False,False,E9|chir|False,10000000.0,384
30,19,2,2288,0.5732362528724647,True,,0.04823210965529568,ransac,16,False,False,E9|chir|False,10000000.0,385
30,14,0,2288,0.6586569192162236,True,,0.05647661197329955,ransac,14,False,False,E9|chir|False,10000000.0,386
30,18,0,2288,0.43638056096108885,True,,0.05612571071250816,ransac,18,False,False,E9|chir|False,10000000.0,387
30,17,1,2288,40.81348565852637,True,,0.04862402236086386,ransac,16,True,False,E9|chir|False,10000000.0,388
30,18,1,2288,0.3900001726399891,True,,0.06826112012176344,ransac,17,False,False,E9|chir|False,10000000.0,389
30,17,1,2288,0.3243688692848803,True,,0.04723530469192373,ransac,16,False,False,E9|chir|False,10000000.0,390
30,16,0,2288,0.280140047485362,True,,0.044414801464852396,ransac,16,False,False,E9|chir|False,10000000.0,391
30,16,1,2288,50.2054501691532,True,,0.03671862780680293,ransac,15,True,False,E9|chir|False,10000000.0,392
30,19,0,2288,0.33469087895725075,True,,0.06592671377975365,ransac,19,False,False,E9|chir|False,10000000.0,393
30,16,2,2288,49.9587052069073,True,,0.03906767507676723,ransac,14,True,False,E9|chir|False,10000000.0,394
30,18,1,2288,126.94964537750941,True,,0.05213471646665185,ransac,17,True,False,E9|chir|False,10000000.0,395
30,17,1,2288,49.044366927516116,True,,0.05681915027589222,ransac,16,True,False,E9|chir|False,10000000.0,396
30,17,1,2288,98.969055303528,True,,0.06107975657251739,ransac,16,True,False,E9|chir|False,10000000.0,397
30,16,0,2288,29.861692463028444,True,,0.05415999519198769,ransac,16,True,False,E9|chir|False,10000000.0,398
30,20,0,2288,0.3951921251972845,True,,0.030348462096642062,ransac,19,False,False,E9|chir|False,10000000.0,399
30,16,1,2288,0.5226118935394011,True,,0.055355873566251386,ransac,14,False,False,E9|chir|False,10000000.0,400
30,16,1,2288,0.6632035378405319,True,,0.04612649947296485,ransac,15,False,False,E9|chir|False,10000000.0,401
30,20,0,2288,0.18665545526425978,True,,0.03434984358176297,ransac,20,False,False,E9|chir|False,10000000.0,402
30,17,0,2288,0.27177253319225864,True,,0.04749859623534753,ransac,17,False,False,E9|chir|False,10000000.0,403
30,17,2,2288,53.13801004323242,True,,0.03352980930028619,ransac,15,True,False,E9|chir|False,10000000.0,404
30,19,0,2288,119.75224606012623,True,,0.035537292676328346,ransac,19,True,False,E9|chir|False,10000000.0,405
30,16,1,2288,0.19570515277019487,True,,0.032556042829860556,ransac,15,False,False,E9|chir|False,10000000.0,406
30,17,2,2288,0.9208775568992512,True,,0.03460540259674653,ransac,15,False,False,E9|chir|False,10000000.0,407
30,17,3,2288,0.2940307721991447,True,,0.04008291312992316,ransac,14,False,False,E9|chir|False,10000000.0,408
30,16,0,2288,33.45980506105488,True,,0.05685519886784682,ransac,16,True,False,E9|chir|False,10000000.0,409
30,17,1,2288,0.9950174302041553,True,,0.050398088318484864,ransac,16,False,False,E9|chir|False,10000000.0,410
30,18,0,2288,56.96273525902045,True,,0.04153705691711218,ransac,18,True,False,E9|chir|False,10000000.0,411
30,19,2,2288,30.142928520270175,True,,0.046481670049285044,ransac,18,True,False,E9|chir|False,10000000.0,412
30,17,1,2288,72.93870875378269,True,,0.047799792604511664,ransac,16,True,False,E9|chir|False,10000000.0,413
30,17,0,2288,57.3386192315202,True,,0.05617123788475988,ransac,17,True,False,E9|chir|False,10000000.0,414
30,20,1,2288,0.1927011368980348,True,,0.0643894532804522,ransac,19,False,False,E9|chir|False,10000000.0,415
30,18,1,2288,0.6010033435257183,True,,0.02967152621142717,ransac,17,False,False,E9|chir|False,10000000.0,416
30,18,0,2288,0.3011753380519114,True,,0.029361433930089168,ransac,18,False,False,E9|chir|False,10000000.0,417
30,18,1,2288,0.5022496168044912,True,,0.0320722343209122,ransac,15,False,False,E9|chir|False,10000000.0,418
30,18,1,2288,32.30789353001643,True,,0.04800337727976708,ransac,18,True,False,E9|chir|False,10000000.0,419
30,19,1,2288,26.916020769703984,True,,0.046076276873111145,ransac,18,True,False,E9|chir|False,10000000.0,420
30,18,1,2288,0.0496848963830711,True,,0.045594125425831515,ransac,17,False,False,E9|chir|False,10000000.0,421
30,16,1,2288,78.24162599086053,True,,0.03779912336315529,ransac,15,True,False,E9|chir|False,10000000.0,422
30,18,2,2288,0.5755439752337616,True,,0.03813314863186237,ransac,16,False,False,E9|chir|False,10000000.0,423
30,16,0,2288,12.472239891703259,True,,0.055597232464513494,ransac,16,True,False,E9|chir|False,10000000.0,424
30,20,2,2288,93.55641717331591,True,,0.0383588416407279,ransac,19,True,False,E9|chir|False,10000000.0,425
30,18,0,2288,0.8800546688488333,True,,0.050453288691763666,ransac,18,False,False,E9|chir|False,10000000.0,426
30,18,0,2288,0.115843539960634,True,,0.04378568589445524,ransac,18,False,False,E9|chir|False,10000000.0,427
30,18,0,2288,0.2536637073173889,True,,0.04699631675813061,ransac,18,False,False,E9|chir|False,10000000.0,428
30,19,1,2288,0.17998614920299963,True,,0.030194652002778544,ransac,18,False,False,E9|chir|False,10000000.0,429
30,20,1,2288,70.71317218638433,True,,0.04866536613688748,ransac,18,True,False,E9|chir|False,10000000.0,430
30,19,0,2288,51.60447176758543,True,,0.06348758004284201,ransac,19,True,False,E9|chir|False,10000000.0,431
30,16,0,2288,51.33640099578721,True,,0.029726642813749173,ransac,16,True,False,E9|chir|False,10000000.0,432
30,16,2,2288,98.8084327012931,True,,0.04251497628642978,ransac,14,True,False,E9|chir|False,10000000.0,433
30,15,2,2288,32.81752524456735,True,,0.03742355746700169,ransac,13,True,False,E9|chir|False,10000000.0,434
30,16,1,2288,0.0685581111241939,True,,0.039575206136698654,ransac,15,False,False,E9|chir|False,10000000.0,435
30,20,1,2288,0.22034630944580205,True,,0.04966093399846348,ransac,19,False,False,E9|chir|False,10000000.0,436
30,19,0,2288,0.7412185943290985,True,,0.06340140083002241,ransac,19,False,False,E9|chir|False,10000000.0,437
30,17,0,2288,14.643568269682051,True,,0.041178485039558566,ransac,17,True,False,E9|chir|False,10000000.0,438
30,14,1,2288,79.44440744702038,True,,0.04508593922608335,ransac,13,True,False,E9|chir|False,10000000.0,439
30,17,0,2288,69.11493758277422,True,,0.04507179204156523,ransac,17,True,False,E9|chir|False,10000000.0,440
30,18,1,2288,0.5844480882799826,True,,0.03856466279376332,ransac,17,False,False,E9|chir|False,10000000.0,441
30,17,3,2288,0.7720985259533748,True,,0.04736484383455258,ransac,15,False,False,E9|chir|False,10000000.0,442
30,17,0,2288,21.09007184458068,True,,0.06315499771671687,ransac,17,True,False,E9|chir|False,10000000.0,443
30,19,2,2288,0.11911881047317976,True,,0.04548030332008771,ransac,16,False,False,E9|chir|False,10000000.0,444
30,14,0,2288,44.959410755619444,True,,0.01407043334575776,ransac,14,True,False,E9|chir|False,10000000.0,445
30,19,0,2288,119.55541731796592,True,,0.04408012770957612,ransac,18,True,False,E9|chir|False,10000000.0,446
30,17,0,2288,67.34380973277845,True,,0.06113227477937885,ransac,17,True,False,E9|chir|False,10000000.0,447
30,19,2,2288,20.343669070387186,True,,0.05461318557074614,ransac,19,True,False,E9|chir|False,10000000.0,448
30,18,1,2288,0.2042199954230402,True,,0.04646254396224891,ransac,17,False,False,E9|chir|False,10000000.0,449
30,15,0,2288,82.10264587928219,True,,0.059132459457983344,ransac,14,True,False,E9|chir|False,10000000.0,450
30,14,0,2288,77.390159856245,True,,0.02637316150926628,ransac,14,True,False,E9|chir|False,10000000.0,451
30,14,1,2288,1.2366137150468495,True,,0.03246138063058254,ransac,13,False,False,E9|chir|False,10000000.0,452
30,17,1,2288,0.06700760788259899,True,,0.0593698004413582,ransac,16,False,False,E9|chir|False,10000000.0,453
30,16,0,2288,32.604908205708426,True,,0.046543932919862106,ransac,14,True,False,E9|chir|False,10000000.0,454
30,18,1,2288,1.1726452595481096,True,,0.06699293731735949,ransac,14,True,False,E9|chir|False,10000000.0,455
30,16,0,2288,11.019455431916327,True,,0.04098040053377719,ransac,15,True,False,E9|chir|False,10000000.0,456
30,16,0,2288,0.24793856282418633,True,,0.05227238973397283,ransac,16,False,False,E9|chir|False,10000000.0,457
30,18,0,2288,94.39891266919759,True,,0.06719021042723718,ransac,17,True,False,E9|chir|False,10000000.0,458
30,19,1,2288,57.31030504755049,True,,0.03656723306898416,ransac,17,True,False,E9|chir|False,10000000.0,459
30,16,2,2288,0.03933448020591491,True,,0.03500737033699282,ransac,16,False,False,E9|chir|False,10000000.0,460
30,18,2,2288,76.83791299877473,True,,0.04838561153900669,ransac,18,True,False,E9|chir|False,10000000.0,461
30,18,2,2288,9.482511335806109,True,,0.06542603249656509,ransac,18,True,False,E9|chir|False,10000000.0,462
30,20,0,2288,0.20144087981536912,True,,0.05748530044216491,ransac,19,False,False,E9|chir|False,10000000.0,463
30,18,0,2288,73.39167545150293,True,,0.0582117842900467,ransac,18,True,False,E9|chir|False,10000000.0,464
30,20,3,2288,0.3181971060597784,True,,0.03054693859591736,ransac,18,False,False,E9|chir|False,10000000.0,465
30,14,0,2288,71.82477687030921,True,,0.024329564433941388,ransac,14,True,False,E9|chir|False,10000000.0,466
30,18,1,2288,0.285966521440055,True,,0.030407314446425172,ransac,17,False,False,E9|chir|False,10000000.0,467
30,18,1,2288,24.63103753071808,True,,0.03439029341143521,ransac,17,True,False,E9|chir|False,10000000.0,468
30,18,1,2288,15.42682088579168,True,,0.05732575270371511,ransac,17,True,False,E9|chir|False,10000000.0,469
30,15,3,2288,79.30473108543657,True,,0.047415594966529834,ransac,15,True,False,E9|chir|False,10000000.0,470
30,18,1,2288,113.77367828273583,True,,0.0403058425044746,ransac,16,True,False,E9|chir|False,10000000.0,471
30,18,1,2288,0.4349059144999554,True,,0.029554106391493692,ransac,17,False,False,E9|chir|False,10000000.0,472
30,21,1,2288,84.72798072196508,True,,0.0561682440225498,ransac,20,True,False,E9|chir|False,10000000.0,473
30,18,1,2288,130.3769595681981,True,,0.0423195625282251,ransac,17,True,False,E9|chir|False,10000000.0,474
30,15,3,2288,104.5558734543438,True,,0.05063063962127439,ransac,13,True,False,E9|chir|False,10000000.0,475
30,17,0,2288,20.11117243469448,True,,0.057304107835543065,ransac,17,True,False,E9|chir|False,10000000.0,476
30,16,2,2288,59.70307384274752,True,,0.050632128953800426,ransac,14,True,False,E9|chir|False,10000000.0,477
30,17,1,2288,55.23242984167359,True,,0.03650118409753764,ransac,16,True,False,E9|chir|False,10000000.0,478
30,19,1,2288,29.10749486706089,True,,0.049304326545173326,ransac,18,True,False,E9|chir|False,10000000.0,479
30,18,0,2288,3.7543947907570345,True,,0.06511480081971713,ransac,18,True,False,E9|chir|False,10000000.0,480
30,18,2,2288,99.70400965346295,True,,0.04471413803685106,ransac,18,True,False,E9|chir|False,10000000.0,481
30,16,3,2288,58.15726329994152,True,,0.03557597794424683,ransac,16,True,False,E9|chir|False,10000000.0,482
30,18,2,2288,103.9966233878023,True,,0.04565822024186613,ransac,17,True,False,E9|chir|False,10000000.0,483
30,19,0,2288,45.72589359391267,True,,0.03870579192131389,ransac,19,True,False,E9|chir|False,10000000.0,484
30,17,0,2288,0.25047697912619,True,,0.043072437332339404,ransac,17,False,False,E9|chir|False,10000000.0,485
30,16,1,2288,0.6297644253546735,True,,0.04598031671898902,ransac,15,False,False,E9|chir|False,10000000.0,486
30,18,0,2288,119.6764594506126,True,,0.028488004707357455,ransac,18,True,False,E9|chir|False,10000000.0,487
30,15,1,2288,64.20585400550365,True,,0.054580576034700554,ransac,14,True,False,E9|chir|False,10000000.0,488
30,18,1,2288,0.39372431953098586,True,,0.039673301509360805,ransac,17,False,False,E9|chir|False,10000000.0,489
30,17,2,2288,105.97788899839092,True,,0.0334248192404186,ransac,17,True,False,E9|chir|False,10000000.0,490
30,18,0,2288,0.2175742936598499,True,,0.03643425010816867,ransac,18,False,False,E9|chir|False,10000000.0,491
30,19,0,2288,0.6519436505275248,True,,0.051846238407325204,ransac,19,False,False,E9|chir|False,10000000.0,492
30,17,0,2288,131.94376902631137,True,,0.05105576798226606,ransac,17,True,False,E9|chir|False,10000000.0,493
30,20,2,2288,7.9176969120648675,True,,0.06679565794396825,ransac,19,True,False,E9|chir|False,10000000.0,494
30,17,0,2288,138.3835822776618,True,,0.053052421598221836,ransac,17,True,False,E9|chir|False,10000000.0,495
30,17,0,2288,0.1442849230622285,True,,0.0395131395767489,ransac,17,False,False,E9|chir|False,10000000.0,496
30,15,2,2288,0.2581384771810045,True,,0.029661193107881612,ransac,15,False,False,E9|chir|False,10000000.0,497
30,21,0,2288,19.458381640347127,True,,0.03146903623591172,ransac,20,True,False,E9|chir|False,10000000.0,498
30,15,0,2288,0.6320973561737291,True,,0.03567931350939961,ransac,15,False,False,E9|chir|False,10000000.0,499
30,18,0,2288,0.1552469915258339,True,,0.03418846499045838,ransac,18,False,False,E9|chir|False,10000000.0,500
30,17,1,2288,0.7763410007197166,True,,0.0619620711431338,ransac,17,False,False,E9|chir|False,10000000.0,501
30,19,2,2288,0.083240835957465,True,,0.046433837959604,ransac,19,False,False,E9|chir|False,10000000.0,502
30,20,1,2288,0.9543967800693329,True,,0.06706063759007354,ransac,19,False,False,E9|chir|False,10000000.0,503
30,17,3,2288,0.14015056476825027,True,,0.03826342945824534,ransac,15,False,False,E9|chir|False,10000000.0,504
30,17,1,2288,66.0159951524327,True,,0.044877963881328684,ransac,16,True,False,E9|chir|False,10000000.0,505
30,17,0,2288,0.7399383987660597,True,,0.037650923505967694,ransac,17,False,False,E9|chir|False,10000000.0,506
30,17,0,2288,0.4491255921670575,True,,0.053042766789099,ransac,17,False,False,E9|chir|False,10000000.0,507
30,14,0,2288,117.95282708465659,True,,0.03643686540492763,ransac,14,True,False,E9|chir|False,10000000.0,508
30,17,0,2288,0.38450607373582774,True,,0.04236893303333193,ransac,17,False,False,E9|chir|False,10000000.0,509
30,17,0,2288,52.237332168444894,True,,0.030893572541608183,ransac,17,True,False,E9|chir|False,10000000.0,510
30,18,1,2288,0.2913476059697984,True,,0.03229316194735724,ransac,17,False,False,E9|chir|False,10000000.0,511
30,19,2,2288,0.4998715282272948,True,,0.023774382712877903,ransac,18,False,False,E9|chir|False,10000000.0,512
30,21,0,2288,1.4252194335428547,True,,0.05932085832850066,ransac,20,False,False,E9|chir|False,10000000.0,513
30,19,2,2288,38.47328569006152,True,,0.02860760830337424,ransac,17,True,False,E9|chir|False,10000000.0,514
30,18,0,2288,0.42029019147431274,True,,0.03603582838600697,ransac,18,False,False,E9|chir|False,10000000.0,515
30,17,1,2288,0.5994893438511179,True,,0.06848089413348023,ransac,17,False,False,E9|chir|False,10000000.0,516
30,19,1,2288,0.09123481997186685,True,,0.05307836842359953,ransac,18,False,False,E9|chir|False,10000000.0,517
30,18,4,2288,69.74714853611631,True,,0.05202402675672644,ransac,15,True,False,E9|chir|False,10000000.0,518
30,17,0,2288,0.16135860631244264,True,,0.04602592343119311,ransac,17,False,False,E9|chir|False,10000000.0,519
30,17,0,2288,171.82844411538693,True,,0.06418318051353278,ransac,17,True,False,E9|chir|False,10000000.0,520
30,14,0,2288,0.335343036358157,True,,0.07101861133909942,ransac,14,False,False,E9|chir|False,10000000.0,521
30,19,2,2288,116.58568828182065,True,,0.057887580650549636,ransac,17,True,False,E9|chir|False,10000000.0,522
30,16,0,2288,96.20207086888557,True,,0.03870488048743232,ransac,16,True,False,E9|chir|False,10000000.0,523
30,19,0,2288,0.40079026122231515,True,,0.03888168582764731,ransac,18,False,False,E9|chir|False,10000000.0,524
30,17,3,2288,70.2501470167973,True,,0.032528038441622074,ransac,15,True,False,E9|chir|False,10000000.0,525
30,18,0,2288,0.5616087936701404,True,,0.04086443626681862,ransac,18,False,False,E9|chir|False,10000000.0,526
30,19,0,2288,0.23737894466998055,True,,0.044564433288387495,ransac,19,False,False,E9|chir|False,10000000.0,527
30,17,1,2288,0.6721267012386242,True,,0.05674687243208857,ransac,16,False,False,E9|chir|False,10000000.0,528
30,16,1,2288,142.6194368840524,True,,0.05520977227414737,ransac,15,True,False,E9|chir|False,10000000.0,529
30,18,0,2288,22.49203664393033,True,,0.052900551051115824,ransac,18,True,False,E9|chir|False,10000000.0,530
30,19,0,2288,48.81549439344046,True,,0.05500868463438176,ransac,19,True,False,E9|chir|False,10000000.0,531
30,18,1,2288,0.17088952862233897,True,,0.04345642372019754,ransac,17,False,False,E9|chir|False,10000000.0,532
30,14,0,2288,1.2741583000352066,True,,0.05106664046245954,ransac,14,False,False,E9|chir|False,10000000.0,533
30,19,0,2288,0.5275355797286743,True,,0.05912100113855131,ransac,18,False,False,E9|chir|False,10000000.0,534
30,19,1,2288,39.63002076243975,True,,0.04320277395725487,ransac,17,True,False,E9|chir|False,10000000.0,535
30,16,1,2288,0.4352854229320841,True,,0.04809442917115745,ransac,15,False,False,E9|chir|False,10000000.0,536
30,20,0,2288,0.6749692669270206,True,,0.04923624971188511,ransac,20,False,False,E9|chir|False,10000000.0,537
30,17,0,2288,73.27100324755358,True,,0.04321476301338795,ransac,17,True,False,E9|chir|False,10000000.0,538
30,18,1,2288,33.76384374343489,True,,0.05183436930154969,ransac,17,True,False,E9|chir|False,10000000.0,539
30,19,3,2288,77.21716129359896,True,,0.04605061839376244,ransac,19,True,False,E9|chir|False,10000000.0,540
30,16,1,2288,152.3421579622406,True,,0.041277955161880174,ransac,15,True,False,E9|chir|False,10000000.0,541
30,18,0,2288,20.687709801286314,True,,0.050096906674752334,ransac,18,True,False,E9|chir|False,10000000.0,542
30,17,0,2288,0.26703692577454213,True,,0.03378467021134419,ransac,17,False,False,E9|chir|False,10000000.0,543
30,18,0,2288,0.7711382597682038,True,,0.05285344098822148,ransac,17,False,False,E9|chir|False,10000000.0,544
30,18,1,2288,0.28757692547821917,True,,0.056186872855135614,ransac,16,False,False,E9|chir|False,10000000.0,545
30,18,1,2288,0.9264841451789686,True,,0.047509526779403316,ransac,17,False,False,E9|chir|False,10000000.0,546
30,19,2,2288,0.2984321076805126,True,,0.05113479868198739,ransac,19,False,False,E9|chir|False,10000000.0,547
30,18,1,2288,72.08575154268561,True,,0.0331503229752399,ransac,17,True,False,E9|chir|False,10000000.0,548
30,15,0,2288,0.8561421232148273,True,,0.04448633095942661,ransac,15,False,False,E9|chir|False,10000000.0,549
30,16,0,2288,81.91792209516184,True,,0.04780612380457426,ransac,16,True,False,E9|chir|False,10000000.0,550
30,17,1,2288,0.2958235497646854,True,,0.04706583192434059,ransac,15,False,False,E9|chir|False,10000000.0,551
30,18,0,2288,130.35690457384638,True,,0.040565170371307996,ransac,18,True,False,E9|chir|False,10000000.0,552
30,18,0,2288,0.3063181189918497,True,,0.045775023803822326,ransac,18,False,False,E9|chir|False,10000000.0,553
30,17,1,2288,0.8837983234360938,True,,0.05073907754407034,ransac,16,False,False,E9|chir|False,10000000.0,554
30,17,0,2288,111.63692636200103,True,,0.041953885692506826,ransac,17,True,False,E9|chir|False,10000000.0,555
30,20,2,2288,0.3638267904285615,True,,0.045504220629778686,ransac,17,False,False,E9|chir|False,10000000.0,556
30,19,3,2288,35.868701294180504,True,,0.031248341866274267,ransac,16,True,False,E9|chir|False,10000000.0,557
30,17,0,2288,0.22074185057033022,True,,0.0620673766747667,ransac,17,False,False,E9|chir|False,10000000.0,558
30,18,1,2288,6.387743491217072,True,,0.03755432689555712,ransac,16,True,False,E9|chir|False,10000000.0,559
30,19,3,2288,65.21570007210161,True,,0.04105254088751102,ransac,17,True,False,E9|chir|False,10000000.0,560
30,19,1,2288,98.66231989180011,True,,0.057019043430348686,ransac,17,True,False,E9|chir|False,10000000.0,561
30,17,1,2288,0.19064600547793578,True,,0.055373172961938645,ransac,16,False,False,E9|chir|False,10000000.0,562
30,18,1,2288,131.75392614017002,True,,0.05597237869926187,ransac,17,True,False,E9|chir|False,10000000.0,563
30,18,0,2288,2.9928154548972064,True,,0.03949908020721955,ransac,18,True,False,E9|chir|False,10000000.0,564
30,19,0,2288,111.42060562117942,True,,0.03632523969902947,ransac,19,True,False,E9|chir|False,10000000.0,565
30,15,2,2288,49.02416674063042,True,,0.03424681003563215,ransac,15,True,False,E9|chir|False,10000000.0,566
30,17,1,2288,0.20862417939463504,True,,0.045885200136049076,ransac,16,False,False,E9|chir|False,10000000.0,567
30,18,0,2288,3.8880549437750327,True,,0.037256496764740465,ransac,17,True,False,E9|chir|False,10000000.0,568
30,14,0,2288,0.6858269652937552,True,,0.0496267194654425,ransac,14,False,False,E9|chir|False,10000000.0,569
30,17,0,2288,22.690638256093465,True,,0.05265645425550957,ransac,17,True,False,E9|chir|False,10000000.0,570
30,12,0,2288,0.42446319779126734,True,,0.05678956254541044,ransac,12,False,False,E9|chir|False,10000000.0,571
30,16,0,2288,0.3235377457153705,True,,0.0373001834495088,ransac,16,False,False,E9|chir|False,10000000.0,572
30,15,1,2288,0.23396827867296321,True,,0.030771991921558457,ransac,14,False,False,E9|chir|False,10000000.0,573
30,17,3,2288,84.55540809941196,True,,0.053613135882699066,ransac,17,True,False,E9|chir|False,10000000.0,574
30,15,0,2288,0.32500228856900976,True,,0.03155395815509143,ransac,15,False,False,E9|chir|False,10000000.0,575
30,15,2,2288,140.53180186979526,True,,0.058601463455965286,ransac,15,True,False,E9|chir|False,10000000.0,576
30,19,0,2288,0.1743654913267366,True,,0.036856394218120384,ransac,19,False,False,E9|chir|False,10000000.0,577
30,14,1,2288,0.7984004126534872,True,,0.031033556698387164,ransac,13,False,False,E9|chir|False,10000000.0,578
30,16,1,2288,0.4947778575823058,True,,0.04857062594122279,ransac,15,False,False,E9|chir|False,10000000.0,579
30,18,1,2288,33.133544609872516,True,,0.03809863600570264,ransac,17,True,False,E9|chir|False,10000000.0,580
30,13,1,2288,0.3244914560450317,True,,0.027538707500517758,ransac,12,False,False,E9|chir|False,10000000.0,581
30,16,1,2288,0.10920941300079538,True,,0.02975012539179993,ransac,15,False,False,E9|chir|False,10000000.0,582
30,19,0,2288,0.6177745698871095,True,,0.05333710357442445,ransac,19,False,False,E9|chir|False,10000000.0,583
30,19,1,2288,118.69743387925871,True,,0.048296332405037355,ransac,17,True,False,E9|chir|False,10000000.0,584
30,18,1,2288,51.69700305509292,True,,0.055751292984225875,ransac,17,True,False,E9|chir|False,10000000.0,585
30,16,0,2288,40.146534588890454,True,,0.03487290812030443,ransac,16,True,False,E9|chir|False,10000000.0,586
30,18,0,2288,0.41610652663709047,True,,0.06255058491117337,ransac,18,False,False,E9|chir|False,10000000.0,587
30,17,2,2288,166.1905250472795,True,,0.04180205406800516,ransac,16,True,False,E9|chir|False,10000000.0,588
30,15,1,2288,0.2182967590421075,True,,0.03318246801061679,ransac,14,False,False,E9|chir|False,10000000.0,589
30,17,2,2288,0.9883055050519839,True,,0.034423161787959705,ransac,17,False,False,E9|chir|False,10000000.0,590
30,17,0,2288,0.31303512667820654,True,,0.026291210262310346,ransac,17,False,False,E9|chir|False,10000000.0,591
30,17,1,2288,84.94290999331064,True,,0.05748400263683957,ransac,16,True,False,E9|chir|False,10000000.0,592
30,20,1,2288,0.36652846794304084,True,,0.04412235958170113,ransac,19,False,False,E9|chir|False,10000000.0,593
30,18,1,2288,0.09297559084570096,True,,0.025990977149675014,ransac,17,False,False,E9|chir|False,10000000.0,594
30,20,1,2288,18.9053482883127,True,,0.04275848263913428,ransac,18,True,False,E9|chir|False,10000000.0,595
30,20,1,2288,59.43977985784463,True,,0.06779662225616206,ransac,19,True,False,E9|chir|False,10000000.0,596
30,16,2,2288,0.24907227399371987,True,,0.04844310000863073,ransac,16,False,False,E9|chir|False,10000000.0,597
30,19,0,2288,0.4117358242189374,True,,0.0643256904090914,ransac,19,False,False,E9|chir|False,10000000.0,598
30,20,0,2288,0.106410280892072,True,,0.04324070397491322,ransac,20,False,False,E9|chir|False,10000000.0,599
30,19,1,2288,67.35263926094476,True,,0.0635877207980361,ransac,17,True,False,E9|chir|False,10000000.0,600
30,17,1,2288,0.6953720522546282,True,,0.04179956543637631,ransac,15,False,False,E9|chir|False,10000000.0,601
30,18,1,2288,1.121190708325597,True,,0.0638479786208465,ransac,17,False,False,E9|chir|False,10000000.0,602
30,16,2,2288,0.17633665536204787,True,,0.025378579558859946,ransac,16,False,False,E9|chir|False,10000000.0,603
30,18,0,2288,0.7703519720347081,True,,0.0604824091798722,ransac,18,False,False,E9|chir|False,10000000.0,604
30,19,0,2288,0.3454340145888233,True,,0.043738509638032816,ransac,17,False,False,E9|chir|False,10000000.0,605
30,17,1,2288,1.2433635451698157,True,,0.04879713590451893,ransac,16,True,False,E9|chir|False,10000000.0,606
30,17,0,2288,0.5148507723299965,True,,0.03773524206301047,ransac,17,False,False,E9|chir|False,10000000.0,607
30,18,0,2288,20.34379024226247,True,,0.050877740081068955,ransac,18,True,False,E9|chir|False,10000000.0,608
30,17,1,2288,48.831675640785704,True,,0.023673600595259338,ransac,16,True,False,E9|chir|False,10000000.0,609
30,16,3,2288,29.857167256001798,True,,0.03154520481463522,ransac,13,True,False,E9|chir|False,10000000.0,610
30,14,0,2288,105.31665837804033,True,,0.043666731014913696,ransac,14,True,False,E9|chir|False,10000000.0,611
30,18,0,2288,0.3454981631380424,True,,0.04773563083217539,ransac,18,False,False,E9|chir|False,10000000.0,612
30,15,0,2288,129.74297374507432,True,,0.041117741149213766,ransac,15,True,False,E9|chir|False,10000000.0,613
30,17,1,2288,123.3723575785522,True,,0.04855770159998308,ransac,16,True,False,E9|chir|False,10000000.0,614
30,19,3,2288,0.3205068632697293,True,,0.05565761801983088,ransac,19,False,False,E9|chir|False,10000000.0,615
30,14,0,2288,136.42517025017622,True,,0.05722617974118663,ransac,14,True,False,E9|chir|False,10000000.0,616
30,16,0,2288,0.694992847449179,True,,0.049946356190102584,ransac,16,False,False,E9|chir|False,10000000.0,617
30,17,0,2288,32.862705989694234,True,,0.03051479171083966,ransac,16,True,False,E9|chir|False,10000000.0,618
30,17,1,2288,163.74198230924358,True,,0.035696569581444,ransac,16,True,False,E9|chir|False,10000000.0,619
30,17,0,2288,16.2235715920635,True,,0.036263795424563046,ransac,17,True,False,E9|chir|False,10000000.0,620
30,17,3,2288,0.2791901642566214,True,,0.03239983192592987,ransac,14,False,False,E9|chir|False,10000000.0,621
30,17,1,2288,0.7813221961315175,True,,0.03680118122893351,ransac,16,False,False,E9|chir|False,10000000.0,622
30,20,1,2288,0.48588656588746415,True,,0.03473770303472284,ransac,18,False,False,E9|chir|False,10000000.0,623
30,19,1,2288,0.7815821540745909,True,,0.040927117660832305,ransac,18,False,False,E9|chir|False,10000000.0,624
30,16,0,2288,21.69310478486462,True,,0.053899810014515076,ransac,16,True,False,E9|chir|False,10000000.0,625
30,18,0,2288,0.14053036479894185,True,,0.03267059436211345,ransac,18,False,False,E9|chir|False,10000000.0,626
30,19,1,2288,21.406725594420525,True,,0.049267395130796664,ransac,18,True,False,E9|chir|False,10000000.0,627
30,18,2,2288,0.5709303311211813,True,,0.035822800875505094,ransac,16,False,False,E9|chir|False,10000000.0,628
30,18,0,2288,0.32206003788794824,True,,0.06033542454309508,ransac,16,False,False,E9|chir|False,10000000.0,629
30,20,1,2288,0.8841195167292834,True,,0.056008447488883756,ransac,18,False,False,E9|chir|False,10000000.0,630
30,16,1,2288,0.27014403498610584,True,,0.030222360691133016,ransac,15,False,False,E9|chir|False,10000000.0,631
30,16,0,2288,64.1679459150288,True,,0.03411425359980998,ransac,16,True,False,E9|chir|False,10000000.0,632
30,15,0,2288,24.464732759193947,True,,0.0357438931744523,ransac,15,True,False,E9|chir|False,10000000.0,633
30,18,0,2288,141.30346165532924,True,,0.053622097260706006,ransac,18,True,False,E9|chir|False,10000000.0,634
30,18,0,2288,95.84392408202426,True,,0.054471583870345494,ransac,17,True,False,E9|chir|False,10000000.0,635
30,17,1,2288,0.35146085510634356,True,,0.056722890215758354,ransac,16,False,False,E9|chir|False,10000000.0,636
30,16,0,2288,5.675048789139238,True,,0.0764340569130802,ransac,16,True,False,E9|chir|False,10000000.0,637
30,17,0,2288,0.615833696918886,True,,0.043037167674231554,ransac,17,False,False,E9|chir|False,10000000.0,638
30,19,3,2288,12.5373949760107,True,,0.058573845258682415,ransac,16,True,False,E9|chir|False,10000000.0,639
30,12,0,2288,0.5406657482335088,True,,0.0439197480501272,ransac,12,False,False,E9|chir|False,10000000.0,640
30,19,2,2288,35.40498701807986,True,,0.058876581547509244,ransac,19,True,False,E9|chir|False,10000000.0,641
30,18,2,2288,71.28453675431501,True,,0.06358153219408938,ransac,18,True,False,E9|chir|False,10000000.0,642
30,16,2,2288,4.271171873154609,True,,0.030748723442252764,ransac,14,True,False,E9|chir|False,10000000.0,643
30,17,0,2288,22.120449580188076,True,,0.033427257148528365,ransac,17,True,False,E9|chir|False,10000000.0,644
30,18,3,2288,0.8476370768856989,True,,0.051323593343481806,ransac,16,False,False,E9|chir|False,10000000.0,645
30,19,0,2288,0.3948509760302554,True,,0.0494824303980901,ransac,17,False,False,E9|chir|False,10000000.0,646
30,17,2,2288,0.25726638127018603,True,,0.04409789416149134,ransac,17,False,False,E9|chir|False,10000000.0,647
30,17,0,2288,0.28232173023415746,True,,0.04364951305783514,ransac,17,False,False,E9|chir|False,10000000.0,648
30,16,1,2288,1.1133416773140328,True,,0.034981331187165045,ransac,15,False,False,E9|chir|False,10000000.0,649
30,15,0,2288,0.2244337099671279,True,,0.04219098788465907,ransac,15,False,False,E9|chir|False,10000000.0,650
30,19,1,2288,26.751611266696518,True,,0.03223894662278805,ransac,18,True,False,E9|chir|False,10000000.0,651
30,17,0,2288,56.90914960785043,True,,0.03506934350939825,ransac,17,True,False,E9|chir|False,10000000.0,652
30,16,2,2288,134.61204580870333,True,,0.04279041833386615,ransac,16,True,False,E9|chir|False,10000000.0,653
30,19,0,2288,0.20241421928182426,True,,0.041161988261516666,ransac,19,False,False,E9|chir|False,10000000.0,654
30,18,2,2288,21.722787582916396,True,,0.06499664303321295,ransac,18,True,False,E9|chir|False,10000000.0,655
30,18,1,2288,0.4185807703267088,True,,0.041308244637932326,ransac,17,False,False,E9|chir|False,10000000.0,656
30,19,0,2288,76.54216008917416,True,,0.03236508854886559,ransac,19,True,False,E9|chir|False,10000000.0,657
30,15,1,2288,0.3148654475127799,True,,0.051557381173248665,ransac,14,False,False,E9|chir|False,10000000.0,658
30,19,1,2288,15.95938089459251,True,,0.05883482238932861,ransac,19,True,False,E9|chir|False,10000000.0,659
30,17,0,2288,77.42361578069938,True,,0.03996895133324858,ransac,17,True,False,E9|chir|False,10000000.0,660
30,18,0,2288,95.37090992530851,True,,0.043246771968917415,ransac,16,True,False,E9|chir|False,10000000.0,661
30,18,1,2288,0.28456485871657183,True,,0.04339370758066784,ransac,17,False,False,E9|chir|False,10000000.0,662
30,15,0,2288,134.25284847359586,True,,0.04652000358905776,ransac,15,True,False,E9|chir|False,10000000.0,663
30,18,0,2288,71.6278856389201,True,,0.034203952834942285,ransac,18,True,False,E9|chir|False,10000000.0,664
30,16,2,2288,1.3503072888793266,True,,0.04698020494304547,ransac,14,False,False,E9|chir|False,10000000.0,665
30,16,1,2288,0.9908574018157651,True,,0.04933309105332175,ransac,15,False,False,E9|chir|False,10000000.0,666
30,18,1,2288,30.510764464228014,True,,0.04920780427375566,ransac,17,True,False,E9|chir|False,10000000.0,667
30,17,0,2288,19.451773318599248,True,,0.047849429957109314,ransac,17,True,False,E9|chir|False,10000000.0,668
30,19,0,2288,132.9068297081876,True,,0.04996005837380627,ransac,17,True,False,E9|chir|False,10000000.0,669
30,16,0,2288,0.07638330847561772,True,,0.03928137050201909,ransac,16,False,False,E9|chir|False,10000000.0,670
30,15,3,2288,68.38146726681363,True,,0.036821103829492385,ransac,12,True,False,E9|chir|False,10000000.0,671
30,17,3,2288,0.46295318392128393,True,,0.0454406226199935,ransac,14,False,False,E9|chir|False,10000000.0,672
30,18,2,2288,90.96303933827032,True,,0.03269147068262028,ransac,16,True,False,E9|chir|False,10000000.0,673
30,19,1,2288,0.8792629542851677,True,,0.04901402059673135,ransac,17,True,False,E9|chir|False,10000000.0,674
30,17,1,2288,0.19435755096354188,True,,0.03740878064487508,ransac,16,False,False,E9|chir|False,10000000.0,675
30,19,2,2288,99.64166705247035,True,,0.03821389916654924,ransac,19,True,False,E9|chir|False,10000000.0,676
30,16,0,2288,1.8421195420952943,True,,0.03544610529912579,ransac,16,True,False,E9|chir|False,10000000.0,677
30,20,1,2288,0.5492866355488423,True,,0.03209974664285236,ransac,19,False,False,E9|chir|False,10000000.0,678
30,17,0,2288,58.72827330049779,True,,0.036309853009555464,ransac,17,True,False,E9|chir|False,10000000.0,679
30,18,1,2288,22.14181933695151,True,,0.04234986518209315,ransac,17,True,False,E9|chir|False,10000000.0,680
30,18,1,2288,0.27336104017529994,True,,0.03324179649304857,ransac,16,False,False,E9|chir|False,10000000.0,681
30,16,0,2288,0.5620805353792716,True,,0.05176395860098122,ransac,15,False,False,E9|chir|False,10000000.0,682
30,18,0,2288,12.305034127812032,True,,0.03863549319688539,ransac,18,True,False,E9|chir|False,10000000.0,683
30,19,1,2288,0.3685219374194945,True,,0.04759969746398797,ransac,18,False,False,E9|chir|False,10000000.0,684
30,16,2,2288,118.47557391462269,True,,0.050431042755310566,ransac,14,True,False,E9|chir|False,10000000.0,685
30,19,0,2288,47.64454303007727,True,,0.05098292043637708,ransac,19,True,False,E9|chir|False,10000000.0,686
30,17,1,2288,0.7504347632914569,True,,0.05349954167837322,ransac,16,False,False,E9|chir|False,10000000.0,687
30,20,0,2288,89.61314798875658,True,,0.05437216422637732,ransac,19,True,False,E9|chir|False,10000000.0,688
30,19,3,2288,0.2708207199331962,True,,0.04557456861999247,ransac,16,False,False,E9|chir|False,10000000.0,689
30,18,1,2288,56.216045875968824,True,,0.03246600056952387,ransac,16,True,False,E9|chir|False,10000000.0,690
30,15,1,2288,0.2165039375023985,True,,0.040892223919719785,ransac,14,False,False,E9|chir|False,10000000.0,691
30,16,3,2288,52.27622975433895,True,,0.025759554592989738,ransac,13,True,False,E9|chir|False,10000000.0,692
30,17,0,2288,0.7012164252172772,True,,0.04525888919446092,ransac,17,False,False,E9|chir|False,10000000.0,693
30,19,1,2288,7.0826584742439405,True,,0.049979863342312435,ransac,18,True,False,E9|chir|False,10000000.0,694
30,18,1,2288,0.3495993356397027,True,,0.05221660841253518,ransac,17,False,False,E9|chir|False,10000000.0,695
30,16,1,2288,80.3749427138135,True,,0.03895289431515495,ransac,15,True,False,E9|chir|False,10000000.0,696
30,18,0,2288,0.7032369999827024,True,,0.05488075273881246,ransac,15,False,False,E9|chir|False,10000000.0,697
30,15,0,2288,71.10076055243344,True,,0.023829455196236794,ransac,15,True,False,E9|chir|False,10000000.0,698
30,19,2,2288,157.19900608439184,True,,0.031267112181898815,ransac,16,True,False,E9|chir|False,10000000.0,699
30,16,0,2288,57.72320680312078,True,,0.041954138887293574,ransac,16,True,False,E9|chir|False,10000000.0,700
30,14,0,2288,34.12177431590827,True,,0.02786280858290039,ransac,14,True,False,E9|chir|False,10000000.0,701
30,16,0,2288,0.5262489289650422,True,,0.05430538039224351,ransac,16,False,False,E9|chir|False,10000000.0,702
30,18,0,2288,87.07652367361601,True,,0.040045788945440884,ransac,18,True,False,E9|chir|False,10000000.0,703
30,17,1,2288,0.38104650396765594,True,,0.03713549915239187,ransac,15,False,False,E9|chir|False,10000000.0,704
30,16,0,2288,99.99635927586212,True,,0.054112945067397875,ransac,15,True,False,E9|chir|False,10000000.0,705
30,14,1,2288,0.5904538758042422,True,,0.02950817832334392,ransac,13,False,False,E9|chir|False,10000000.0,706
30,12,0,2288,148.62263596853904,True,,0.0451822858130673,ransac,12,True,False,E9|chir|False,10000000.0,707
30,17,3,2288,57.628763447988874,True,,0.03795779665403982,ransac,14,True,False,E9|chir|False,10000000.0,708
30,13,2,2288,85.72565910847597,True,,0.050872920810573125,ransac,13,True,False,E9|chir|False,10000000.0,709
30,17,2,2288,0.2772171746032737,True,,0.02898896379637334,ransac,15,False,False,E9|chir|False,10000000.0,710
30,20,2,2288,0.3390165628507236,True,,0.047281326026244075,ransac,20,False,False,E9|chir|False,10000000.0,711
30,14,1,2288,0.48828834259238085,True,,0.0409449413786785,ransac,13,False,False,E9|chir|False,10000000.0,712
30,19,1,2288,0.363473874988191,True,,0.044494427749905335,ransac,18,False,False,E9|chir|False,10000000.0,713
30,20,0,2288,79.69515464085866,True,,0.039926716844414525,ransac,19,True,False,E9|chir|False,10000000.0,714
30,16,3,2288,0.8975145526220855,True,,0.03810137804493023,ransac,16,False,False,E9|chir|False,10000000.0,715
30,19,0,2288,0.43622425305861945,True,,0.03936195426879822,ransac,19,False,False,E9|chir|False,10000000.0,716
30,18,2,2288,0.438480325399577,True,,0.06260837808732442,ransac,18,False,False,E9|chir|False,10000000.0,717
30,18,1,2288,0.1802250777015898,True,,0.04523536465764471,ransac,17,False,False,E9|chir|False,10000000.0,718
30,16,0,2288,58.498232076213974,True,,0.04579732705991309,ransac,16,True,False,E9|chir|False,10000000.0,719
30,16,1,2288,17.20913081168469,True,,0.04334676080416808,ransac,15,True,False,E9|chir|False,10000000.0,720
30,18,3,2288,0.5050180000087564,True,,0.04114132968581872,ransac,16,False,False,E9|chir|False,10000000.0,721
30,19,1,2288,159.19967519403176,True,,0.04439818055245653,ransac,18,True,False,E9|chir|False,10000000.0,722
30,19,1,2288,0.5389009105752336,True,,0.04716358216961256,ransac,18,False,False,E9|chir|False,10000000.0,723
30,15,1,2288,0.654638178800719,True,,0.02176508254074312,ransac,14,False,False,E9|chir|False,10000000.0,724
30,19,2,2288,48.21063263458963,True,,0.042883870950770564,ransac,19,True,False,E9|chir|False,10000000.0,725
30,17,2,2288,26.078974784666077,True,,0.04349921783740078,ransac,14,True,False,E9|chir|False,10000000.0,726
30,17,0,2288,78.63233848478839,True,,0.061491699395793485,ransac,17,True,False,E9|chir|False,10000000.0,727
30,15,0,2288,55.584467503511455,True,,0.04364864536526897,ransac,15,True,False,E9|chir|False,10000000.0,728
30,17,0,2288,0.3933910051226963,True,,0.05766901478816657,ransac,17,False,False,E9|chir|False,10000000.0,729
30,18,1,2288,114.90965147112989,True,,0.043105827426447765,ransac,17,True,False,E9|chir|False,10000000.0,730
30,17,0,2288,28.64722177871703,True,,0.03670469019896399,ransac,17,True,False,E9|chir|False,10000000.0,731
30,19,0,2288,33.24725961561401,True,,0.040577250896395405,ransac,19,True,False,E9|chir|False,10000000.0,732
30,14,0,2288,0.4520118274551989,True,,0.02433381662340516,ransac,13,False,False,E9|chir|False,10000000.0,733
30,17,2,2288,125.71251600649458,True,,0.031369392426637055,ransac,15,True,False,E9|chir|False,10000000.0,734
30,17,1,2288,0.3941636303447507,True,,0.0362331419846997,ransac,16,False,False,E9|chir|False,10000000.0,735
30,17,1,2288,3.922864757601785,True,,0.034913395020059045,ransac,15,True,False,E9|chir|False,10000000.0,736
30,16,0,2288,0.977691675797061,True,,0.051601797431600406,ransac,15,False,False,E9|chir|False,10000000.0,737
30,20,4,2288,11.937203548833102,True,,0.05075389994665319,ransac,18,True,False,E9|chir|False,10000000.0,738
30,16,0,2288,101.25234898774231,True,,0.046836071173965974,ransac,15,True,False,E9|chir|False,10000000.0,739
30,17,0,2288,0.7083365990652155,True,,0.04582705591917004,ransac,17,False,False,E9|chir|False,10000000.0,740
30,19,2,2288,60.15091268584613,True,,0.0496081271764476,ransac,19,True,False,E9|chir|False,10000000.0,741
30,16,0,2288,77.93735333579981,True,,0.04209721940533796,ransac,16,True,False,E9|chir|False,10000000.0,742
30,19,1,2288,0.9382818683294515,True,,0.045016596067485044,ransac,18,False,False,E9|chir|False,10000000.0,743
30,20,0,2288,0.23848712628906768,True,,0.0650436475923428,ransac,19,False,False,E9|chir|False,10000000.0,744
30,17,0,2288,0.5065848683640343,True,,0.04968436272673148,ransac,17,False,False,E9|chir|False,10000000.0,745
30,16,0,2288,0.11362013337390045,True,,0.04229151228266955,ransac,16,False,False,E9|chir|False,10000000.0,746
30,18,1,2288,0.2668575056801385,True,,0.06043595259346087,ransac,17,False,False,E9|chir|False,10000000.0,747
30,16,2,2288,109.21710762929426,True,,0.03424924058483331,ransac,16,True,False,E9|chir|False,10000000.0,748
30,16,2,2288,73.42123063403072,True,,0.026257083863064797,ransac,14,True,False,E9|chir|False,10000000.0,749
30,16,0,2288,157.99378647449117,True,,0.0394085553467459,ransac,16,True,False,E9|chir|False,10000000.0,750
30,19,1,2288,169.92568402210375,True,,0.05835243558902802,ransac,18,True,False,E9|chir|False,10000000.0,751
30,19,1,2288,0.21544263497125005,True,,0.047768845579441034,ransac,19,False,False,E9|chir|False,10000000.0,752
30,18,1,2288,0.5487824004376013,True,,0.05512106235255339,ransac,17,False,False,E9|chir|False,10000000.0,753
30,17,2,2288,0.3738251075800531,True,,0.043840736114470556,ransac,15,False,False,E9|chir|False,10000000.0,754
30,16,4,2288,44.935733077739826,True,,0.02031253186874917,ransac,12,True,False,E9|chir|False,10000000.0,755
30,20,1,2288,79.32678806298026,True,,0.04755695592396095,ransac,17,True,False,E9|chir|False,10000000.0,756
30,20,1,2288,125.90498164525901,True,,0.04334674988287936,ransac,19,True,False,E9|chir|False,10000000.0,757
30,17,2,2288,76.23836452943364,True,,0.04594531850966181,ransac,17,True,False,E9|chir|False,10000000.0,758
30,17,2,2288,0.932749841575254,True,,0.05424722126876955,ransac,15,False,False,E9|chir|False,10000000.0,759
30,16,2,2288,60.46113123120864,True,,0.032656267293080146,ransac,13,True,False,E9|chir|False,10000000.0,760
30,15,0,2288,110.3708554723519,True,,0.03342154618309952,ransac,15,True,False,E9|chir|False,10000000.0,761
30,18,1,2288,22.222065114545533,True,,0.047928052806469085,ransac,17,True,False,E9|chir|False,10000000.0,762
30,18,1,2288,0.3997317818549206,True,,0.04050422463971841,ransac,17,False,False,E9|chir|False,10000000.0,763
30,18,0,2288,81.62841354785114,True,,0.05038755732879075,ransac,18,True,False,E9|chir|False,10000000.0,764
30,17,1,2288,0.5038031397581287,True,,0.03199777266902941,ransac,16,False,False,E9|chir|False,10000000.0,765
30,20,2,2288,0.1880929704694437,True,,0.03207007804575543,ransac,20,False,False,E9|chir|False,10000000.0,766
30,18,2,2288,20.611017861349822,True,,0.05105645470134984,ransac,18,True,False,E9|chir|False,10000000.0,767
30,16,0,2288,51.16412278443064,True,,0.053302783702324434,ransac,16,True,False,E9|chir|False,10000000.0,768
30,17,2,2288,0.268467417192362,True,,0.02900803901512391,ransac,15,False,False,E9|chir|False,10000000.0,769
30,17,0,2288,0.8586922530458784,True,,0.036268523934935744,ransac,17,False,False,E9|chir|False,10000000.0,770
30,19,0,2288,0.48967349272622396,True,,0.04387816471857767,ransac,19,False,False,E9|chir|False,10000000.0,771
30,17,0,2288,62.491010119865344,True,,0.04282521540869635,ransac,17,True,False,E9|chir|False,10000000.0,772
30,16,1,2288,0.35876304851121116,True,,0.03797734136792844,ransac,15,False,False,E9|chir|False,10000000.0,773
30,15,0,2288,61.50167534744449,True,,0.02602878472555928,ransac,15,True,False,E9|chir|False,10000000.0,774
30,17,0,2288,14.926695749809289,True,,0.05204017246884618,ransac,17,True,False,E9|chir|False,10000000.0,775
30,17,0,2288,82.63622611847887,True,,0.059166341949784894,ransac,16,True,False,E9|chir|False,10000000.0,776
30,18,0,2288,2.0165540313705357,True,,0.04138817470809273,ransac,18,True,False,E9|chir|False,10000000.0,777
30,19,0,2288,0.08561514983962638,True,,0.049007470061523936,ransac,19,False,False,E9|chir|False,10000000.0,778
30,16,0,2288,119.92381128547486,True,,0.03343270872240375,ransac,16,True,False,E9|chir|False,10000000.0,779
30,17,0,2288,19.162284642479708,True,,0.056374452481402174,ransac,17,True,False,E9|chir|False,10000000.0,780
30,19,2,2288,138.99965852192207,True,,0.04576756015471749,ransac,18,True,False,E9|chir|False,10000000.0,781
30,18,1,2288,11.65498050092584,True,,0.03434832283175755,ransac,16,True,False,E9|chir|False,10000000.0,782
30,17,0,2288,25.28422189080016,True,,0.05490542402042021,ransac,17,True,False,E9|chir|False,10000000.0,783
30,18,1,2288,89.52610169926741,True,,0.05859647846097436,ransac,17,True,False,E9|chir|False,10000000.0,784
30,18,1,2288,0.41612498548691756,True,,0.02688694529733062,ransac,17,False,False,E9|chir|False,10000000.0,785
30,16,3,2288,96.43590676844524,True,,0.04641252705558038,ransac,16,True,False,E9|chir|False,10000000.0,786
30,19,1,2288,66.98202879348018,True,,0.05353589967213606,ransac,18,True,False,E9|chir|False,10000000.0,787
30,18,0,2288,0.48502602498514613,True,,0.03357246840497237,ransac,18,False,False,E9|chir|False,10000000.0,788
30,19,2,2288,0.2485313128982357,True,,0.039107930116588724,ransac,17,False,False,E9|chir|False,10000000.0,789
30,14,2,2288,0.32140879924867344,True,,0.038591736657257285,ransac,14,False,False,E9|chir|False,10000000.0,790
30,21,1,2288,0.36471680351292846,True,,0.0579352227580556,ransac,19,False,False,E9|chir|False,10000000.0,791
30,17,1,2288,0.2871132055624389,True,,0.041809180934471994,ransac,16,False,False,E9|chir|False,10000000.0,792
30,19,0,2288,0.24547992219050335,True,,0.050401495627012606,ransac,19,False,False,E9|chir|False,10000000.0,793
30,18,1,2288,126.530117296523,True,,0.05474742911802538,ransac,16,True,False,E9|chir|False,10000000.0,794
30,16,0,2288,19.493307184886397,True,,0.032131228032604334,ransac,16,True,False,E9|chir|False,10000000.0,795
30,16,1,2288,32.47646098359072,True,,0.03335797583295074,ransac,15,True,False,E9|chir|False,10000000.0,796
30,17,0,2288,98.66935716652927,True,,0.03625586111210413,ransac,16,True,False,E9|chir|False,10000000.0,797
30,17,2,2288,18.451965103315352,True,,0.046624824669379804,ransac,15,True,False,E9|chir|False,10000000.0,798
30,16,0,2288,0.4653919986528257,True,,0.044062226930365676,ransac,16,False,False,E9|chir|False,10000000.0,799
30,18,0,2288,0.40612040435235913,True,,0.05098098026932292,ransac,18,False,False,E9|chir|False,10000000.0,800
30,17,3,2288,104.28681515150642,True,,0.052527388278417846,ransac,15,True,False,E9|chir|False,10000000.0,801
30,20,1,2288,87.70717836054969,True,,0.04856090153507251,ransac,18,True,False,E9|chir|False,10000000.0,802
30,19,0,2288,0.6724677949479257,True,,0.041996791488616625,ransac,19,False,False,E9|chir|False,10000000.0,803
30,20,1,2288,46.29190031599669,True,,0.03182901324984058,ransac,19,True,False,E9|chir|False,10000000.0,804
30,18,1,2288,8.787335268941751,True,,0.0578469329064852,ransac,17,True,False,E9|chir|False,10000000.0,805
30,20,0,2288,0.13182241145401158,True,,0.035853628078022434,ransac,19,False,False,E9|chir|False,10000000.0,806
30,17,2,2288,63.11428128104485,True,,0.03967508767397736,ransac,15,True,False,E9|chir|False,10000000.0,807
30,20,0,2288,92.86932144598083,True,,0.051740426281827276,ransac,20,True,False,E9|chir|False,10000000.0,808
30,20,0,2288,137.16200899120685,True,,0.06379263764383993,ransac,20,True,False,E9|chir|False,10000000.0,809
30,19,1,2288,0.5968043764115486,True,,0.03507699158101505,ransac,18,False,False,E9|chir|False,10000000.0,810
30,19,1,2288,0.2016079421569143,True,,0.05473175287976469,ransac,17,False,False,E9|chir|False,10000000.0,811
30,18,0,2288,0.13743844020965293,True,,0.036673195782161425,ransac,18,False,False,E9|chir|False,10000000.0,812
30,16,0,2288,138.54711663393317,True,,0.034453160972207186,ransac,16,True,False,E9|chir|False,10000000.0,813
30,15,1,2288,37.57078947353022,True,,0.04284014295710692,ransac,15,True,False,E9|chir|False,10000000.0,814
30,19,1,2288,112.70334728544421,True,,0.06039994043766123,ransac,18,True,False,E9|chir|False,10000000.0,815
30,19,1,2288,27.346582442442376,True,,0.035756215855402465,ransac,18,True,False,E9|chir|False,10000000.0,816
30,17,0,2288,0.19760673717642654,True,,0.04916624905402086,ransac,17,False,False,E9|chir|False,10000000.0,817
30,16,0,2288,0.9794821222674754,True,,0.04874830208898484,ransac,15,False,False,E9|chir|False,10000000.0,818
30,18,1,2288,0.6085589106130324,True,,0.06130791936562801,ransac,17,False,False,E9|chir|False,10000000.0,819
30,16,2,2288,0.6517877404395962,True,,0.053803683594918966,ransac,16,False,False,E9|chir|False,10000000.0,820
30,18,0,2288,0.21483652942348982,True,,0.045608120798087896,ransac,18,False,False,E9|chir|False,10000000.0,821
30,18,0,2288,1.050345204428209,True,,0.051383777411035655,ransac,18,False,False,E9|chir|False,10000000.0,822
30,18,1,2288,0.6241697812535949,True,,0.02955787702161926,ransac,17,False,False,E9|chir|False,10000000.0,823
30,19,1,2288,0.09103303796113918,True,,0.05291265968816784,ransac,18,False,False,E9|chir|False,10000000.0,824
30,19,1,2288,0.2374223269058161,True,,0.03332801578068452,ransac,18,False,False,E9|chir|False,10000000.0,825
30,15,3,2288,78.81723231372052,True,,0.029910928547370878,ransac,12,True,False,E9|chir|False,10000000.0,826
30,17,0,2288,159.46729949171663,True,,0.04613162197551765,ransac,16,True,False,E9|chir|False,10000000.0,827
30,15,0,2288,53.24725562383386,True,,0.041753156552127274,ransac,15,True,False,E9|chir|False,10000000.0,828
30,18,0,2288,0.5891475171713636,True,,0.03144437116368872,ransac,18,False,False,E9|chir|False,10000000.0,829
30,19,2,2288,0.36336133986685143,True,,0.049909836446485764,ransac,17,False,False,E9|chir|False,10000000.0,830
30,19,0,2288,0.3008726256920929,True,,0.053016920584102636,ransac,19,False,False,E9|chir|False,10000000.0,831
30,16,0,2288,0.4103742554707609,True,,0.042513469422140876,ransac,16,False,False,E9|chir|False,10000000.0,832
30,18,0,2288,101.29654121886438,True,,0.04411896519220969,ransac,17,True,False,E9|chir|False,10000000.0,833
30,16,2,2288,0.16541142500660755,True,,0.03470804833385974,ransac,14,False,False,E9|chir|False,10000000.0,834
30,18,1,2288,0.2027687079980664,True,,0.054266653212490176,ransac,16,False,False,E9|chir|False,10000000.0,835
30,16,2,2288,92.04025152468407,True,,0.043186088051438816,ransac,14,True,False,E9|chir|False,10000000.0,836
30,20,2,2288,0.4433338167351242,True,,0.06139842577383434,ransac,19,False,False,E9|chir|False,10000000.0,837
30,17,1,2288,0.14899320064928318,True,,0.04612550105333983,ransac,16,False,False,E9|chir|False,10000000.0,838
30,14,1,2288,0.7306544515010813,True,,0.037386192459464396,ransac,13,False,False,E9|chir|False,10000000.0,839
30,19,0,2288,0.2303295104505822,True,,0.034227507563927305,ransac,19,False,False,E9|chir|False,10000000.0,840
30,20,2,2288,72.22366276224815,True,,0.06428178508882021,ransac,17,True,False,E9|chir|False,10000000.0,841
30,17,0,2288,130.6191865893282,True,,0.05102279571219557,ransac,16,True,False,E9|chir|False,10000000.0,842
30,15,1,2288,42.54788969000604,True,,0.04371494632751814,ransac,14,True,False,E9|chir|False,10000000.0,843
30,19,0,2288,0.26492988923218386,True,,0.06553025393125904,ransac,18,False,False,E9|chir|False,10000000.0,844
30,18,2,2288,66.08606467448017,True,,0.06490367856919592,ransac,18,True,False,E9|chir|False,10000000.0,845
30,19,2,2288,0.5198397935533555,True,,0.04713492648030522,ransac,16,False,False,E9|chir|False,10000000.0,846
30,19,1,2288,8.333007788703846,True,,0.03926518664827686,ransac,18,True,False,E9|chir|False,10000000.0,847
30,17,0,2288,0.5587365944189416,True,,0.05786392116321213,ransac,17,False,False,E9|chir|False,10000000.0,848
30,18,0,2288,0.5543483380567026,True,,0.06022903918974394,ransac,18,False,False,E9|chir|False,10000000.0,849
30,19,0,2288,0.3862356105826314,True,,0.030703369850632607,ransac,19,False,False,E9|chir|False,10000000.0,850
30,14,1,2288,0.3183877677956174,True,,0.0339343134906458,ransac,13,False,False,E9|chir|False,10000000.0,851
30,17,0,2288,87.51082651006676,True,,0.04032362254157334,ransac,17,True,False,E9|chir|False,10000000.0,852
30,18,0,2288,0.26971942435478025,True,,0.055191225316913284,ransac,18,False,False,E9|chir|False,10000000.0,853
30,19,1,2288,0.8038055041931385,True,,0.041785217130394695,ransac,17,False,False,E9|chir|False,10000000.0,854
30,17,0,2288,0.649196657164434,True,,0.05076847474931622,ransac,17,False,False,E9|chir|False,10000000.0,855
30,20,0,2288,39.93800067125901,True,,0.05054367526928886,ransac,19,True,False,E9|chir|False,10000000.0,856
30,18,0,2288,0.603297244824618,True,,0.05995196262328271,ransac,18,False,False,E9|chir|False,10000000.0,857
30,18,1,2288,84.72027973498389,True,,0.04426419879619589,ransac,17,True,False,E9|chir|False,10000000.0,858
30,18,2,2288,56.849577920981716,True,,0.045525617511350945,ransac,15,True,False,E9|chir|False,10000000.0,859
30,14,1,2288,62.2430369139828,True,,0.03362972277731065,ransac,13,True,False,E9|chir|False,10000000.0,860
30,15,1,2288,150.393651725458,True,,0.040216667626997056,ransac,14,True,False,E9|chir|False,10000000.0,861
30,18,0,2288,58.448735111127625,True,,0.046163928808406286,ransac,18,True,False,E9|chir|False,10000000.0,862
30,21,0,2288,147.61810832547903,True,,0.0570121261757806,ransac,18,True,False,E9|chir|False,10000000.0,863
30,17,0,2288,0.8659283741879233,True,,0.051674922617661816,ransac,17,False,False,E9|chir|False,10000000.0,864
30,17,1,2288,0.2152168084325543,True,,0.038441158737936854,ransac,15,False,False,E9|chir|False,10000000.0,865
30,19,1,2288,81.94722196517088,True,,0.05560789613785798,ransac,18,True,False,E9|chir|False,10000000.0,866
30,19,0,2288,3.284752829169606,True,,0.04833048577521784,ransac,18,True,False,E9|chir|False,10000000.0,867
30,13,1,2288,11.21602393087956,True,,0.046710481183904126,ransac,12,True,False,E9|chir|False,10000000.0,868
30,18,1,2288,93.10265874881914,True,,0.056213940537165795,ransac,16,True,False,E9|chir|False,10000000.0,869
30,17,3,2288,0.29067923080936353,True,,0.05586319868132863,ransac,15,False,False,E9|chir|False,10000000.0,870
30,18,2,2288,0.20750310729042132,True,,0.057874919861641956,ransac,15,False,False,E9|chir|False,10000000.0,871
30,15,0,2288,164.086429573588,True,,0.05160003670766017,ransac,15,True,False,E9|chir|False,10000000.0,872
30,18,1,2288,0.47227817991170296,True,,0.05221894498653184,ransac,17,False,False,E9|chir|False,10000000.0,873
30,18,1,2288,0.6667282526143491,True,,0.062135606224761816,ransac,17,False,False,E9|chir|False,10000000.0,874
30,18,1,2288,118.04853208863491,True,,0.05689781841303225,ransac,17,True,False,E9|chir|False,10000000.0,875
30,18,0,2288,28.061210081939088,True,,0.049587339471380186,ransac,18,True,False,E9|chir|False,10000000.0,876
30,19,0,2288,0.2406321573253927,True,,0.028925743355050097,ransac,19,False,False,E9|chir|False,10000000.0,877
30,18,0,2288,0.414677749789349,True,,0.02961809863806098,ransac,18,False,False,E9|chir|False,10000000.0,878
30,18,2,2288,46.438170936164724,True,,0.03897268274494748,ransac,16,True,False,E9|chir|False,10000000.0,879
30,16,1,2288,0.3746710002151661,True,,0.06341880217236741,ransac,16,False,False,E9|chir|False,10000000.0,880
30,17,0,2288,52.599651773310654,True,,0.051965826750477305,ransac,17,True,False,E9|chir|False,10000000.0,881
30,18,1,2288,0.6906486014273333,True,,0.0402595204956811,ransac,16,False,False,E9|chir|False,10000000.0,882
30,18,1,2288,0.2503666657318285,True,,0.046169756685386726,ransac,17,False,False,E9|chir|False,10000000.0,883
30,18,0,2288,139.40471777967068,True,,0.05548724755288276,ransac,18,True,False,E9|chir|False,10000000.0,884
30,16,2,2288,151.07788007598344,True,,0.049556865146252724,ransac,15,True,False,E9|chir|False,10000000.0,885
30,17,2,2288,64.56060888532821,True,,0.025230222926648834,ransac,17,True,False,E9|chir|False,10000000.0,886
30,17,0,2288,36.989221764372886,True,,0.04960536063657203,ransac,17,True,False,E9|chir|False,10000000.0,887
30,16,0,2288,0.30507297845461145,True,,0.05473898536853053,ransac,16,False,False,E9|chir|False,10000000.0,888
30,16,0,2288,0.6250843666789043,True,,0.040669714264605306,ransac,16,False,False,E9|chir|False,10000000.0,889
30,19,1,2288,0.7513309711358227,True,,0.04038166223616107,ransac,18,False,False,E9|chir|False,10000000.0,890
30,17,1,2288,0.9063031137259903,True,,0.06532413713260019,ransac,15,False,False,E9|chir|False,10000000.0,891
30,17,0,2288,148.87375944922718,True,,0.04667118725348902,ransac,17,True,False,E9|chir|False,10000000.0,892
30,17,0,2288,0.33402473950177464,True,,0.04728041465792031,ransac,17,False,False,E9|chir|False,10000000.0,893
30,18,0,2288,0.22865715299816275,True,,0.030868648279291564,ransac,18,False,False,E9|chir|False,10000000.0,894
30,15,2,2288,36.37936665824298,True,,0.05360136327727018,ransac,15,True,False,E9|chir|False,10000000.0,895
30,18,1,2288,0.24467057298953504,True,,0.05768761741936524,ransac,17,False,False,E9|chir|False,10000000.0,896
30,17,2,2288,30.93815575466392,True,,0.04846558563597003,ransac,15,True,False,E9|chir|False,10000000.0,897
30,19,0,2288,0.29178307033733186,True,,0.030242136223800297,ransac,19,False,False,E9|chir|False,10000000.0,898
30,18,1,2288,0.5129408125935336,True,,0.030360707315515535,ransac,17,False,False,E9|chir|False,10000000.0,899
30,16,0,2288,19.69845414906882,True,,0.05233424203499765,ransac,15,True,False,E9|chir|False,10000000.0,900
30,17,0,2288,147.47512346847316,True,,0.04474266259817423,ransac,17,True,False,E9|chir|False,10000000.0,901
30,17,0,2288,0.31424877176583194,True,,0.025363163151392885,ransac,17,False,False,E9|chir|False,10000000.0,902
30,16,2,2288,110.58538852696428,True,,0.0397890716251982,ransac,16,True,False,E9|chir|False,10000000.0,903
30,17,1,2288,0.036896111117929745,True,,0.04295809754803366,ransac,16,False,False,E9|chir|False,10000000.0,904
30,18,0,2288,0.225812843429431,True,,0.05486918106369023,ransac,18,False,False,E9|chir|False,10000000.0,905
30,16,2,2288,1.0492341837878083,True,,0.04824973598641029,ransac,14,False,False,E9|chir|False,10000000.0,906
30,13,0,2288,21.939727412546752,True,,0.025659579417397434,ransac,13,True,False,E9|chir|False,10000000.0,907
30,17,0,2288,162.5946351334855,True,,0.07099371624522602,ransac,17,True,False,E9|chir|False,10000000.0,908
30,18,1,2288,88.17803045237264,True,,0.05867986729981531,ransac,17,True,False,E9|chir|False,10000000.0,909
30,19,1,2288,21.526756471165424,True,,0.039048603481394495,ransac,18,True,False,E9|chir|False,10000000.0,910
30,18,0,2288,0.21013378072355446,True,,0.05926543871421954,ransac,17,False,False,E9|chir|False,10000000.0,911
30,17,1,2288,0.8463897713074847,True,,0.05556423142650544,ransac,16,False,False,E9|chir|False,10000000.0,912
30,14,0,2288,56.03261308282754,True,,0.05291525478768254,ransac,14,True,False,E9|chir|False,10000000.0,913
30,16,1,2288,2.1213058440385275,True,,0.06954901442478666,ransac,15,False,False,E9|chir|False,10000000.0,914
30,15,0,2288,82.17331217423902,True,,0.03414457713678639,ransac,15,True,False,E9|chir|False,10000000.0,915
30,18,1,2288,0.4258403417424411,True,,0.028233358985744025,ransac,17,False,False,E9|chir|False,10000000.0,916
30,19,2,2288,0.6363001802251154,True,,0.05372813532186229,ransac,19,False,False,E9|chir|False,10000000.0,917
30,14,2,2288,0.34911976386478666,True,,0.034943241804499925,ransac,14,False,False,E9|chir|False,10000000.0,918
30,16,1,2288,0.7957451933644305,True,,0.0324306727363887,ransac,15,False,False,E9|chir|False,10000000.0,919
30,17,4,2288,0.14284712676189415,True,,0.05060148404214308,ransac,15,False,False,E9|chir|False,10000000.0,920
30,17,0,2288,0.9775290081300707,True,,0.05117551589918583,ransac,17,False,False,E9|chir|False,10000000.0,921
30,18,1,2288,0.1384752261280924,True,,0.05579903767210311,ransac,17,False,False,E9|chir|False,10000000.0,922
30,17,0,2288,0.3590245954574518,True,,0.033617874058250286,ransac,16,False,False,E9|chir|False,10000000.0,923
30,18,0,2288,0.44839285564109654,True,,0.04585290964720533,ransac,18,False,False,E9|chir|False,10000000.0,924
30,19,1,2288,37.283832955471944,True,,0.04457737781651807,ransac,18,True,False,E9|chir|False,10000000.0,925
30,17,0,2288,0.35545077848580825,True,,0.05712845012850547,ransac,17,False,False,E9|chir|False,10000000.0,926
30,17,0,2288,124.87420574712489,True,,0.031858475751305564,ransac,17,True,False,E9|chir|False,10000000.0,927
30,17,3,2288,131.01160194667372,True,,0.04685764958155288,ransac,15,True,False,E9|chir|False,10000000.0,928
30,19,0,2288,0.5730965937774927,True,,0.06587768047885977,ransac,19,False,False,E9|chir|False,10000000.0,929
30,15,0,2288,87.60287365716793,True,,0.04969509996859571,ransac,15,True,False,E9|chir|False,10000000.0,930
30,18,0,2288,13.914568822528707,True,,0.04151984402661572,ransac,18,True,False,E9|chir|False,10000000.0,931
30,18,0,2288,0.2521368450223258,True,,0.046551224043055194,ransac,16,False,False,E9|chir|False,10000000.0,932
30,17,2,2288,145.64215821904494,True,,0.04862016899093532,ransac,17,True,False,E9|chir|False,10000000.0,933
30,17,0,2288,0.32625994131401903,True,,0.04369162056172288,ransac,17,False,False,E9|chir|False,10000000.0,934
30,16,0,2288,0.6589250230104958,True,,0.03984750646569707,ransac,16,False,False,E9|chir|False,10000000.0,935
30,16,1,2288,60.793210876101796,True,,0.058623894830562094,ransac,15,True,False,E9|chir|False,10000000.0,936
30,15,2,2288,0.18890839262613435,True,,0.050073056004830245,ransac,15,False,False,E9|chir|False,10000000.0,937
30,18,0,2288,37.007965555700125,True,,0.038604022633889803,ransac,18,True,False,E9|chir|False,10000000.0,938
30,18,1,2288,68.98042058292819,True,,0.04411385994161968,ransac,17,True,False,E9|chir|False,10000000.0,939
30,19,0,2288,0.47875656586776655,True,,0.04143315498868788,ransac,19,False,False,E9|chir|False,10000000.0,940
30,17,1,2288,142.86657219604288,True,,0.05526367993701136,ransac,16,True,False,E9|chir|False,10000000.0,941
30,16,1,2288,164.72088599924655,True,,0.03968606424238891,ransac,15,True,False,E9|chir|False,10000000.0,942
30,16,1,2288,160.76109626100438,True,,0.03997078378773847,ransac,14,True,False,E9|chir|False,10000000.0,943
30,18,1,2288,0.4900547396667189,True,,0.024064071712714928,ransac,17,False,False,E9|chir|False,10000000.0,944
30,11,0,2288,0.28850554540985307,True,,0.026524153919491863,ransac,11,False,False,E9|chir|False,10000000.0,945
30,20,3,2288,0.47552483749312724,True,,0.05823412036257641,ransac,18,False,False,E9|chir|False,10000000.0,946
30,17,2,2288,13.090266546629296,True,,0.04612336825214493,ransac,17,True,False,E9|chir|False,10000000.0,947
30,14,0,2288,126.35052398180963,True,,0.057599833514525925,ransac,14,True,False,E9|chir|False,10000000.0,948
30,15,0,2288,0.09098613381373177,True,,0.03810183787241375,ransac,15,False,False,E9|chir|False,10000000.0,949
30,16,2,2288,0.545904219122141,True,,0.0396723250164545,ransac,16,False,False,E9|chir|False,10000000.0,950
30,20,2,2288,12.885729019764998,True,,0.046806164385936294,ransac,19,True,False,E9|chir|False,10000000.0,951
30,20,0,2288,0.541944794746887,True,,0.06688800447344326,ransac,19,False,False,E9|chir|False,10000000.0,952
30,19,0,2288,26.37366408212804,True,,0.044879391628470405,ransac,19,True,False,E9|chir|False,10000000.0,953
30,18,0,2288,27.16908367048931,True,,0.04888913283350272,ransac,18,True,False,E9|chir|False,10000000.0,954
30,16,0,2288,5.431044033105199,True,,0.047303248627696075,ransac,16,True,False,E9|chir|False,10000000.0,955
30,18,1,2288,0.17587417106042658,True,,0.03177526286746315,ransac,17,False,False,E9|chir|False,10000000.0,956
30,17,0,2288,59.211641684547715,True,,0.0388173657586335,ransac,17,True,False,E9|chir|False,10000000.0,957
30,17,1,2288,0.9763311570734863,True,,0.04832742900660111,ransac,17,False,False,E9|chir|False,10000000.0,958
30,20,2,2288,73.79900939989723,True,,0.04413477069011034,ransac,17,True,False,E9|chir|False,10000000.0,959
30,19,2,2288,114.29182253952798,True,,0.03593805161794649,ransac,15,True,False,E9|chir|False,10000000.0,960
30,17,0,2288,27.574562663753508,True,,0.04996976722341069,ransac,17,True,False,E9|chir|False,10000000.0,961
30,17,1,2288,45.22674019091475,True,,0.050268598679770404,ransac,16,True,False,E9|chir|False,10000000.0,962
30,19,0,2288,28.476911781921412,True,,0.05598484278863461,ransac,19,True,False,E9|chir|False,10000000.0,963
30,17,1,2288,11.521784130328092,True,,0.03633861779869478,ransac,16,True,False,E9|chir|False,10000000.0,964
30,19,0,2288,12.284850625295684,True,,0.05708351524800031,ransac,19,True,False,E9|chir|False,10000000.0,965
30,18,1,2288,0.2546370622438406,True,,0.028197598773790054,ransac,17,False,False,E9|chir|False,10000000.0,966
30,21,1,2288,0.21368387902988772,True,,0.056196806851161775,ransac,19,False,False,E9|chir|False,10000000.0,967
30,15,0,2288,134.8467007437381,True,,0.031037974463122675,ransac,15,True,False,E9|chir|False,10000000.0,968
30,18,0,2288,127.51755183084258,True,,0.053466800698884515,ransac,18,True,False,E9|chir|False,10000000.0,969
30,17,0,2288,164.17653977980908,True,,0.04393494839729132,ransac,17,True,False,E9|chir|False,10000000.0,970
30,17,0,2288,0.6961400571114684,True,,0.04123369627732061,ransac,17,False,False,E9|chir|False,10000000.0,971
30,16,1,2288,5.93757719313635,True,,0.04017242446570725,ransac,15,True,False,E9|chir|False,10000000.0,972
30,18,0,2288,45.37947555822812,True,,0.0648842494575136,ransac,18,True,False,E9|chir|False,10000000.0,973
30,17,0,2288,0.4137180037371969,True,,0.034352053991974066,ransac,17,False,False,E9|chir|False,10000000.0,974
30,19,3,2288,0.5962342347291225,True,,0.03540811354313823,ransac,15,False,False,E9|chir|False,10000000.0,975
30,16,0,2288,0.042034882874116226,True,,0.029581777388093564,ransac,16,False,False,E9|chir|False,10000000.0,976
30,16,1,2288,0.23943703925346957,True,,0.050004243123484914,ransac,14,False,False,E9|chir|False,10000000.0,977
30,17,0,2288,0.26725126217926615,True,,0.038392197816145994,ransac,17,False,False,E9|chir|False,10000000.0,978
30,13,1,2288,0.09395055303706795,True,,0.03492936083853468,ransac,12,False,False,E9|chir|False,10000000.0,979
30,17,2,2288,152.95307557728236,True,,0.04264449214614665,ransac,15,True,False,E9|chir|False,10000000.0,980
30,19,1,2288,0.4809203561149406,True,,0.02999329688302012,ransac,18,False,False,E9|chir|False,10000000.0,981
30,18,0,2288,0.35861604093280586,True,,0.049403099991248874,ransac,18,False,False,E9|chir|False,10000000.0,982
30,17,0,2288,0.37445536358093806,True,,0.04875417380675931,ransac,17,False,False,E9|chir|False,10000000.0,983
30,17,1,2288,0.7185945090302479,True,,0.04905681132372263,ransac,16,False,False,E9|chir|False,10000000.0,984
30,15,2,2288,0.022361210452742603,True,,0.03219976635188513,ransac,15,False,False,E9|chir|False,10000000.0,985
30,19,3,2288,0.7730344789511816,True,,0.03242197771780231,ransac,17,False,False,E9|chir|False,10000000.0,986
30,19,3,2288,0.17229198700864656,True,,0.05273652808989704,ransac,16,False,False,E9|chir|False,10000000.0,987
30,18,0,2288,0.23844401993236056,True,,0.04101486024444224,ransac,18,False,False,E9|chir|False,10000000.0,988
30,19,0,2288,0.1807393272903702,True,,0.04304012456460045,ransac,19,False,False,E9|chir|False,10000000.0,989
30,18,3,2288,28.748802990304,True,,0.06661543488175396,ransac,18,True,False,E9|chir|False,10000000.0,990
30,19,4,2288,0.6281775150712,True,,0.04836644084624225,ransac,17,False,False,E9|chir|False,10000000.0,991
30,18,0,2288,49.45901361729818,True,,0.05275553247748849,ransac,18,True,False,E9|chir|False,10000000.0,992
30,20,0,2288,0.61295219984783,True,,0.03794724780190244,ransac,19,False,False,E9|chir|False,10000000.0,993
30,13,1,2288,0.37657911186682685,True,,0.03454317134920782,ransac,12,False,False,E9|chir|False,10000000.0,994
30,14,1,2288,70.27011573621458,True,,0.0421184269259106,ransac,13,True,False,E9|chir|False,10000000.0,995
30,19,1,2288,0.7395677246262183,True,,0.06965307753779394,ransac,18,False,False,E9|chir|False,10000000.0,996
30,17,0,2288,0.2704780686018503,True,,0.05813110810983236,ransac,17,False,False,E9|chir|False,10000000.0,997
30,17,0,2288,0.3399674250291093,True,,0.03577686574470027,ransac,17,False,False,E9|chir|False,10000000.0,998
30,17,0,2288,79.51059978826466,True,,0.04640285910251363,ransac,17,True,False,E9|chir|False,10000000.0,999
30,18,2,2288,10.690405639189148,True,,0.06331364460365356,ransac,16,True,False,E9|chir|False,10000000.0,1000
30,19,1,2288,0.782937038715341,True,,0.05349327809997036,ransac,18,False,False,E9|chir|False,10000000.0,1001
30,19,0,2288,60.901709210795424,True,,0.053533877569950546,ransac,19,True,False,E9|chir|False,10000000.0,1002
30,17,0,2288,123.44317056509298,True,,0.039501940937065494,ransac,17,True,False,E9|chir|False,10000000.0,1003
30,18,1,2288,58.661223656566676,True,,0.04959179295899872,ransac,17,True,False,E9|chir|False,10000000.0,1004
30,18,1,2288,0.5420137304176457,True,,0.041317107337713974,ransac,17,False,False,E9|chir|False,10000000.0,1005
30,16,0,2288,86.9962862346708,True,,0.04837393559764925,ransac,16,True,False,E9|chir|False,10000000.0,1006
30,19,4,2288,92.42077757387565,True,,0.04192860810318888,ransac,15,True,False,E9|chir|False,10000000.0,1007
30,16,0,2288,48.26492645726724,True,,0.051702595967716085,ransac,16,True,False,E9|chir|False,10000000.0,1008
30,18,3,2288,113.42632622260149,True,,0.0431770282181344,ransac,16,True,False,E9|chir|False,10000000.0,1009
30,19,1,2288,95.83645711273984,True,,0.045292619551134616,ransac,18,True,False,E9|chir|False,10000000.0,1010
30,16,1,2288,84.64532064636052,True,,0.03620807053582583,ransac,14,True,False,E9|chir|False,10000000.0,1011
30,20,1,2288,8.94742762717153,True,,0.05337188717786463,ransac,17,True,False,E9|chir|False,10000000.0,1012
30,18,0,2288,98.30598690885648,True,,0.05324292858403807,ransac,18,True,False,E9|chir|False,10000000.0,1013
30,14,0,2288,0.03663701322071743,True,,0.043677534420660434,ransac,14,False,False,E9|chir|False,10000000.0,1014
30,18,0,2288,75.24801564787712,True,,0.03823461025893212,ransac,18,True,False,E9|chir|False,10000000.0,1015
30,17,2,2288,0.25896729010966846,True,,0.0624817578871747,ransac,15,False,False,E9|chir|False,10000000.0,1016
30,19,2,2288,0.0894124147308001,True,,0.061792503995604944,ransac,19,False,False,E9|chir|False,10000000.0,1017
30,14,4,2288,22.393891296435676,True,,0.031393414664777686,ransac,11,True,False,E9|chir|False,10000000.0,1018
30,21,0,2288,0.7943553803347396,True,,0.044324245172824135,ransac,20,False,False,E9|chir|False,10000000.0,1019
30,18,1,2288,47.62302699267135,True,,0.06041533422475616,ransac,17,True,False,E9|chir|False,10000000.0,1020
30,18,1,2288,0.6509635376516629,True,,0.047473836977317926,ransac,17,False,False,E9|chir|False,10000000.0,1021
30,17,0,2288,0.3338735378682439,True,,0.05978124762980168,ransac,17,False,False,E9|chir|False,10000000.0,1022
30,17,0,2288,1.0332788671066477,True,,0.055656468453939165,ransac,17,False,False,E9|chir|False,10000000.0,1023
30,17,2,2288,0.380819047342708,True,,0.04037674776241602,ransac,17,False,False,E9|chir|False,10000000.0,1024
30,17,1,2288,144.8734871711894,True,,0.03805645285311022,ransac,16,True,False,E9|chir|False,10000000.0,1025
30,18,1,2288,0.22542745776410722,True,,0.06387239049931191,ransac,17,False,False,E9|chir|False,10000000.0,1026
30,17,1,2288,0.2497657303650374,True,,0.05985952327345198,ransac,15,False,False,E9|chir|False,10000000.0,1027
30,15,0,2288,0.47095672636164154,True,,0.03593212335612948,ransac,15,False,False,E9|chir|False,10000000.0,1028
30,19,1,2288,70.98986083952171,True,,0.043061505394243846,ransac,18,True,False,E9|chir|False,10000000.0,1029
30,17,1,2288,28.222490639945477,True,,0.03526178816388597,ransac,16,True,False,E9|chir|False,10000000.0,1030
30,20,0,2288,0.30372860063612234,True,,0.0613002289783884,ransac,20,False,False,E9|chir|False,10000000.0,1031
30,18,1,2288,0.5002786265653311,True,,0.04425643323669843,ransac,17,False,False,E9|chir|False,10000000.0,1032
30,17,0,2288,26.287437276097965,True,,0.04733711303529077,ransac,17,True,False,E9|chir|False,10000000.0,1033
30,17,2,2288,0.21965289894991616,True,,0.046745044790183043,ransac,17,False,False,E9|chir|False,10000000.0,1034
30,18,2,2288,102.53857424125118,True,,0.03482863189032044,ransac,18,True,False,E9|chir|False,10000000.0,1035
30,18,1,2288,30.89040531904972,True,,0.03865463010246278,ransac,17,True,False,E9|chir|False,10000000.0,1036
30,20,0,2288,100.52744538242057,True,,0.06023219933886027,ransac,20,True,False,E9|chir|False,10000000.0,1037
30,18,2,2288,0.4138944040004147,True,,0.03678657248178551,ransac,16,False,False,E9|chir|False,10000000.0,1038
30,19,2,2288,0.46694390346879616,True,,0.052648090368823786,ransac,16,False,False,E9|chir|False,10000000.0,1039
30,17,3,2288,123.45760593360794,True,,0.039368059992860124,ransac,15,True,False,E9|chir|False,10000000.0,1040
30,18,2,2288,0.2640079446366496,True,,0.05590328444020685,ransac,16,False,False,E9|chir|False,10000000.0,1041
30,19,2,2288,0.49940442510461114,True,,0.055496268163052316,ransac,17,False,False,E9|chir|False,10000000.0,1042
30,18,0,2288,0.17783636347764162,True,,0.04743465087629962,ransac,18,False,False,E9|chir|False,10000000.0,1043
30,17,0,2288,0.3932844642876119,True,,0.04649334921450743,ransac,16,False,False,E9|chir|False,10000000.0,1044
30,19,1,2288,110.53868588569303,True,,0.05475281872530017,ransac,18,True,False,E9|chir|False,10000000.0,1045
30,19,1,2288,129.88879933123297,True,,0.05219823711719239,ransac,18,True,False,E9|chir|False,10000000.0,1046
30,15,0,2288,0.5450611175802373,True,,0.02714279271290818,ransac,15,False,False,E9|chir|False,10000000.0,1047
30,15,0,2288,7.950587346148022,True,,0.04224092529297539,ransac,15,True,False,E9|chir|False,10000000.0,1048
30,19,2,2288,0.20454752430689752,True,,0.0346856189673638,ransac,19,False,False,E9|chir|False,10000000.0,1049
30,17,1,2288,0.2738862395832691,True,,0.058961604085743684,ransac,15,False,False,E9|chir|False,10000000.0,1050
30,18,1,2288,0.7809645356679986,True,,0.041880735584454175,ransac,17,False,False,E9|chir|False,10000000.0,1051
30,18,1,2288,64.90961583954419,True,,0.03518782701503213,ransac,17,True,False,E9|chir|False,10000000.0,1052
30,17,1,2288,103.18147282246396,True,,0.04356786294546172,ransac,16,True,False,E9|chir|False,10000000.0,1053
30,15,1,2288,0.6238749170084538,True,,0.033407143740682786,ransac,14,False,False,E9|chir|False,10000000.0,1054
30,18,0,2288,0.4762510105193572,True,,0.04635728827418294,ransac,18,False,False,E9|chir|False,10000000.0,1055
30,19,3,2288,23.744030164834154,True,,0.0410986888182141,ransac,17,True,False,E9|chir|False,10000000.0,1056
30,19,1,2288,75.2355024931193,True,,0.041819899427716904,ransac,18,True,False,E9|chir|False,10000000.0,1057
30,18,1,2288,0.3800822994958097,True,,0.04426224946784469,ransac,17,False,False,E9|chir|False,10000000.0,1058
30,17,1,2288,0.48314483635912703,True,,0.04517125421957853,ransac,15,False,False,E9|chir|False,10000000.0,1059
30,18,0,2288,0.3093156425339643,True,,0.051695313727464866,ransac,18,False,False,E9|chir|False,10000000.0,1060
30,18,1,2288,0.772917256771683,True,,0.048601896305979324,ransac,15,False,False,E9|chir|False,10000000.0,1061
30,18,1,2288,65.1892740328214,True,,0.050666994683421646,ransac,17,True,False,E9|chir|False,10000000.0,1062
30,16,1,2288,0.07836666103183659,True,,0.036439642345988066,ransac,16,False,False,E9|chir|False,10000000.0,1063
30,18,0,2288,0.1865625250504315,True,,0.05693974528615986,ransac,18,False,False,E9|chir|False,10000000.0,1064
30,17,0,2288,75.46199751419789,True,,0.059749478821857264,ransac,17,True,False,E9|chir|False,10000000.0,1065
30,19,2,2288,77.60213364310344,True,,0.029569519798005817,ransac,16,True,False,E9|chir|False,10000000.0,1066
30,14,2,2288,0.8633406228246312,True,,0.06239183949224546,ransac,14,False,False,E9|chir|False,10000000.0,1067
30,18,2,2288,0.23896873983495742,True,,0.041433052055498604,ransac,16,False,False,E9|chir|False,10000000.0,1068
30,16,0,2288,62.380330529969704,True,,0.03190276907092554,ransac,16,True,False,E9|chir|False,10000000.0,1069
30,18,1,2288,109.41098746461994,True,,0.04365363473309005,ransac,17,True,False,E9|chir|False,10000000.0,1070
30,20,0,2288,0.2548506059864154,True,,0.045373746882488665,ransac,20,False,False,E9|chir|False,10000000.0,1071
30,15,1,2288,0.140988359160296,True,,0.029902087589029572,ransac,14,False,False,E9|chir|False,10000000.0,1072
30,15,0,2288,0.060297835394954945,True,,0.03532199777204925,ransac,15,False,False,E9|chir|False,10000000.0,1073
30,17,0,2288,129.37385845396855,True,,0.05877098147246479,ransac,17,True,False,E9|chir|False,10000000.0,1074
30,17,2,2288,0.8219389976815878,True,,0.06369860777152628,ransac,17,False,False,E9|chir|False,10000000.0,1075
30,20,1,2288,91.37755327103392,True,,0.048439337186552175,ransac,18,True,False,E9|chir|False,10000000.0,1076
30,18,1,2288,0.32492142178515876,True,,0.05865040708843649,ransac,17,False,False,E9|chir|False,10000000.0,1077
30,16,2,2288,0.8380314865744849,True,,0.04071398958017408,ransac,12,False,False,E9|chir|False,10000000.0,1078
30,18,0,2288,0.9248754997551373,True,,0.04349711311183858,ransac,18,False,False,E9|chir|False,10000000.0,1079
30,15,0,2288,173.0853603537643,True,,0.05935695451795303,ransac,15,True,False,E9|chir|False,10000000.0,1080
30,18,1,2288,45.12356098218127,True,,0.05301524824945122,ransac,17,True,False,E9|chir|False,10000000.0,1081
30,19,2,2288,13.39024786042768,True,,0.042062631187542096,ransac,18,True,False,E9|chir|False,10000000.0,1082
30,15,1,2288,0.6318609674949847,True,,0.03528340848341578,ransac,14,False,False,E9|chir|False,10000000.0,1083
30,16,2,2288,0.3847181365741542,True,,0.04822507177530213,ransac,14,False,False,E9|chir|False,10000000.0,1084
30,20,1,2288,56.2910452254392,True,,0.05526423580836008,ransac,19,True,False,E9|chir|False,10000000.0,1085
30,20,0,2288,0.3637770187179805,True,,0.042328024221447234,ransac,19,False,False,E9|chir|False,10000000.0,1086
30,19,1,2288,0.7514648393961343,True,,0.05237186084155421,ransac,18,False,False,E9|chir|False,10000000.0,1087
30,18,1,2288,24.910896126774176,True,,0.037263081614272255,ransac,17,True,False,E9|chir|False,10000000.0,1088
30,17,0,2288,14.936580466199707,True,,0.05381269028153764,ransac,17,True,False,E9|chir|False,10000000.0,1089
30,13,0,2288,166.06570829900934,True,,0.04402263697492415,ransac,13,True,False,E9|chir|False,10000000.0,1090
30,19,0,2288,0.21583433737962376,True,,0.04920202133886589,ransac,18,False,False,E9|chir|False,10000000.0,1091
30,18,0,2288,0.46283625460147637,True,,0.05341636661658502,ransac,18,False,False,E9|chir|False,10000000.0,1092
30,16,1,2288,0.30886219218055827,True,,0.0260310005447574,ransac,15,False,False,E9|chir|False,10000000.0,1093
30,19,1,2288,105.05097169718108,True,,0.03959775041293615,ransac,18,True,False,E9|chir|False,10000000.0,1094
30,18,1,2288,0.09464959585841168,True,,0.04972426855733404,ransac,17,False,False,E9|chir|False,10000000.0,1095
30,21,2,2288,0.5395169047693884,True,,0.04586032573894097,ransac,18,False,False,E9|chir|False,10000000.0,1096
30,18,0,2288,32.993187479914525,True,,0.0630549212805699,ransac,18,True,False,E9|chir|False,10000000.0,1097
30,16,0,2288,0.19063822094172347,True,,0.03642890755154167,ransac,16,False,False,E9|chir|False,10000000.0,1098
30,16,0,2288,126.26905253652932,True,,0.04711386256118377,ransac,16,True,False,E9|chir|False,10000000.0,1099
30,16,0,2288,0.15720427497749603,True,,0.04178459896269735,ransac,16,False,False,E9|chir|False,10000000.0,1100
30,17,0,2288,72.31593349254793,True,,0.059488665528827187,ransac,17,True,False,E9|chir|False,10000000.0,1101
30,18,1,2288,0.10496323224834601,True,,0.05459480407030214,ransac,16,False,False,E9|chir|False,10000000.0,1102
30,17,2,2288,0.48595779496598657,True,,0.04699453730216635,ransac,17,False,False,E9|chir|False,10000000.0,1103
30,18,3,2288,40.8503390546606,True,,0.05581710893901159,ransac,16,True,False,E9|chir|False,10000000.0,1104
30,19,0,2288,93.3172804965793,True,,0.036234574740628564,ransac,18,True,False,E9|chir|False,10000000.0,1105
30,18,0,2288,0.14433645950458251,True,,0.05559450033463126,ransac,18,False,False,E9|chir|False,10000000.0,1106
30,17,1,2288,0.2685263986813818,True,,0.04302451713732975,ransac,16,False,False,E9|chir|False,10000000.0,1107
30,13,0,2288,17.521525296438814,True,,0.05788196163458351,ransac,13,True,False,E9|chir|False,10000000.0,1108
30,19,0,2288,0.12552978753278513,True,,0.046824897677963516,ransac,19,False,False,E9|chir|False,10000000.0,1109
30,19,1,2288,65.364404997191,True,,0.040230069739593304,ransac,18,True,False,E9|chir|False,10000000.0,1110
30,16,1,2288,135.8633150920897,True,,0.03818590758424403,ransac,15,True,False,E9|chir|False,10000000.0,1111
30,17,2,2288,146.31900495635844,True,,0.036729960913901884,ransac,15,True,False,E9|chir|False,10000000.0,1112
30,14,2,2288,28.62837368559039,True,,0.04274335350987047,ransac,14,True,False,E9|chir|False,10000000.0,1113
30,13,0,2288,110.48359150630142,True,,0.03981239238579731,ransac,13,True,False,E9|chir|False,10000000.0,1114
30,16,1,2288,89.23378488854293,True,,0.031216408736740482,ransac,15,True,False,E9|chir|False,10000000.0,1115
30,15,1,2288,0.5534963477386645,True,,0.022767724024157637,ransac,14,False,False,E9|chir|False,10000000.0,1116
30,20,1,2288,0.31019196736675503,True,,0.045561563987783917,ransac,19,False,False,E9|chir|False,10000000.0,1117
30,18,2,2288,0.765462447131711,True,,0.051632439888445174,ransac,17,False,False,E9|chir|False,10000000.0,1118
30,19,0,2288,0.23955409418477455,True,,0.05311045984465526,ransac,18,False,False,E9|chir|False,10000000.0,1119
30,15,0,2288,18.097996114830785,True,,0.040948451926152256,ransac,15,True,False,E9|chir|False,10000000.0,1120
30,20,0,2288,0.5634098896250881,True,,0.0527846398421448,ransac,20,False,False,E9|chir|False,10000000.0,1121
30,17,2,2288,11.173489400971885,True,,0.0447450416486575,ransac,15,True,False,E9|chir|False,10000000.0,1122
30,18,1,2288,0.08294599084131314,True,,0.0480421720778026,ransac,16,False,False,E9|chir|False,10000000.0,1123
30,17,1,2288,7.239165339501388,True,,0.03375440912930106,ransac,14,True,False,E9|chir|False,10000000.0,1124
30,19,0,2288,8.338818483841893,True,,0.04931851857111881,ransac,18,True,False,E9|chir|False,10000000.0,1125
30,19,0,2288,0.6027483964659427,True,,0.05106593888198685,ransac,19,False,False,E9|chir|False,10000000.0,1126
30,18,1,2288,0.5091764562370662,True,,0.039352887281397485,ransac,17,False,False,E9|chir|False,10000000.0,1127
30,18,0,2288,0.4661377063932815,True,,0.03148854208031147,ransac,18,False,False,E9|chir|False,10000000.0,1128
30,20,1,2288,0.18069622217056883,True,,0.04716155102356431,ransac,19,False,False,E9|chir|False,10000000.0,1129
30,16,2,2288,103.0165397736471,True,,0.050746209911973615,ransac,16,True,False,E9|chir|False,10000000.0,1130
30,19,0,2288,0.5456447867387672,True,,0.05759278794597219,ransac,19,False,False,E9|chir|False,10000000.0,1131
30,17,0,2288,48.18218848011802,True,,0.049542721571893586,ransac,17,True,False,E9|chir|False,10000000.0,1132
30,17,0,2288,43.769466716642135,True,,0.04510309186651265,ransac,17,True,False,E9|chir|False,10000000.0,1133
30,17,0,2288,71.71518962898024,True,,0.0498961190505176,ransac,17,True,False,E9|chir|False,10000000.0,1134
30,18,0,2288,0.412129545326883,True,,0.047917012859951626,ransac,17,False,False,E9|chir|False,10000000.0,1135
30,18,0,2288,91.25143035221237,True,,0.0620367859232198,ransac,18,True,False,E9|chir|False,10000000.0,1136
30,18,0,2288,45.871373032479674,True,,0.04604230579166724,ransac,18,True,False,E9|chir|False,10000000.0,1137
30,17,0,2288,5.1815476076769995,True,,0.03737819198651821,ransac,17,True,False,E9|chir|False,10000000.0,1138
30,19,5,2288,40.50301885629993,True,,0.05388283468105119,ransac,16,True,False,E9|chir|False,10000000.0,1139
30,14,1,2288,12.94393128176413,True,,0.03392802001886783,ransac,13,True,False,E9|chir|False,10000000.0,1140
30,17,1,2288,0.2605326087696283,True,,0.051522307885591784,ransac,16,False,False,E9|chir|False,10000000.0,1141
30,20,0,2288,0.5655881762213605,True,,0.057736539310217785,ransac,20,False,False,E9|chir|False,10000000.0,1142
30,16,0,2288,1.1784654251153692,True,,0.06958973031878256,ransac,16,False,False,E9|chir|False,10000000.0,1143
30,19,2,2288,61.563100928954434,True,,0.04679108502886596,ransac,17,True,False,E9|chir|False,10000000.0,1144
30,19,2,2288,138.32837694745294,True,,0.0696348713197534,ransac,19,True,False,E9|chir|False,10000000.0,1145
30,18,1,2288,25.68062687763673,True,,0.04257229958601427,ransac,16,True,False,E9|chir|False,10000000.0,1146
30,17,2,2288,0.5871824824163985,True,,0.048885424210210644,ransac,15,False,False,E9|chir|False,10000000.0,1147
30,16,1,2288,0.8282114687385782,True,,0.03883268219085328,ransac,15,False,False,E9|chir|False,10000000.0,1148
30,19,1,2288,0.36455233299115053,True,,0.04135228050890361,ransac,17,False,False,E9|chir|False,10000000.0,1149
30,17,3,2288,68.57754500791542,True,,0.03227406596647759,ransac,14,True,False,E9|chir|False,10000000.0,1150
30,17,0,2288,0.34063833251140074,True,,0.0326052355248987,ransac,17,False,False,E9|chir|False,10000000.0,1151
30,17,2,2288,0.2719656732487883,True,,0.0330762407251616,ransac,17,False,False,E9|chir|False,10000000.0,1152
30,21,1,2288,90.34255571118119,True,,0.041748008341977186,ransac,19,True,False,E9|chir|False,10000000.0,1153
30,18,0,2288,0.2695945647433134,True,,0.03832966770591865,ransac,18,False,False,E9|chir|False,10000000.0,1154
30,18,0,2288,0.7063139118625449,True,,0.04242157964369184,ransac,18,False,False,E9|chir|False,10000000.0,1155
30,18,0,2288,84.446469566752,True,,0.04581304388231841,ransac,16,True,False,E9|chir|False,10000000.0,1156
30,17,0,2288,141.42831649478921,True,,0.05393852465757738,ransac,17,True,False,E9|chir|False,10000000.0,1157
30,16,0,2288,0.720010909046629,True,,0.0390384936576556,ransac,16,False,False,E9|chir|False,10000000.0,1158
30,16,1,2288,0.4965651902455911,True,,0.04704314682998374,ransac,15,False,False,E9|chir|False,10000000.0,1159
30,18,3,2288,1.8061134912099797,True,,0.035541488016684504,ransac,15,True,False,E9|chir|False,10000000.0,1160
30,19,1,2288,0.9425925635745319,True,,0.0461900838100876,ransac,18,True,False,E9|chir|False,10000000.0,1161
30,18,3,2288,0.5817961081767842,True,,0.036560260015524045,ransac,15,False,False,E9|chir|False,10000000.0,1162
30,18,1,2288,114.78315766999268,True,,0.047316776548997186,ransac,17,True,False,E9|chir|False,10000000.0,1163
30,15,0,2288,0.4645771327646046,True,,0.058298621026580844,ransac,15,False,False,E9|chir|False,10000000.0,1164
30,15,1,2288,0.5192920486542367,True,,0.047893007494854055,ransac,14,False,False,E9|chir|False,10000000.0,1165
30,18,0,2288,0.2323768700654772,True,,0.04838459629802888,ransac,18,False,False,E9|chir|False,10000000.0,1166
30,15,1,2288,0.10537821806634545,True,,0.04148265228626546,ransac,13,False,False,E9|chir|False,10000000.0,1167
30,18,1,2288,0.4447398180641662,True,,0.05891009518675148,ransac,17,False,False,E9|chir|False,10000000.0,1168
30,18,0,2288,0.5388180778917173,True,,0.03973311378505783,ransac,18,False,False,E9|chir|False,10000000.0,1169
30,18,1,2288,0.37728688930921567,True,,0.035412152882148155,ransac,17,False,False,E9|chir|False,10000000.0,1170
30,17,3,2288,0.5712366061975555,True,,0.045678502152201844,ransac,13,False,False,E9|chir|False,10000000.0,1171
30,16,1,2288,0.17756049464766607,True,,0.02747422787753142,ransac,16,False,False,E9|chir|False,10000000.0,1172
30,18,1,2288,0.8871277447840814,True,,0.03515215002043533,ransac,17,False,False,E9|chir|False,10000000.0,1173
30,17,1,2288,45.955558604662706,True,,0.058604726436196984,ransac,16,True,False,E9|chir|False,10000000.0,1174
30,17,2,2288,9.006860094680489,True,,0.05524974869296704,ransac,17,True,False,E9|chir|False,10000000.0,1175
30,14,0,2288,38.673238947552925,True,,0.033601684965177646,ransac,14,True,False,E9|chir|False,10000000.0,1176
30,16,1,2288,98.63016940595358,True,,0.03836808168492515,ransac,15,True,False,E9|chir|False,10000000.0,1177
30,20,1,2288,48.542547901589856,True,,0.07079472365867492,ransac,19,True,False,E9|chir|False,10000000.0,1178
30,20,0,2288,126.1919431929121,True,,0.047165742797643524,ransac,19,True,False,E9|chir|False,10000000.0,1179
30,18,0,2288,51.10245221953947,True,,0.051871514039745534,ransac,18,True,False,E9|chir|False,10000000.0,1180
30,18,0,2288,0.40521592397146944,True,,0.0538970851603538,ransac,18,True,False,E9|chir|False,10000000.0,1181
30,18,1,2288,103.74282731280795,True,,0.04140471026773724,ransac,17,True,False,E9|chir|False,10000000.0,1182
30,19,0,2288,25.3303986824632,True,,0.03183500275859114,ransac,19,True,False,E9|chir|False,10000000.0,1183
30,17,0,2288,79.48138912383486,True,,0.033510028690382096,ransac,17,True,False,E9|chir|False,10000000.0,1184
30,17,0,2288,45.57307342691679,True,,0.0507695267160884,ransac,17,True,False,E9|chir|False,10000000.0,1185
30,18,1,2288,0.3019601640903963,True,,0.03365773448943988,ransac,17,False,False,E9|chir|False,10000000.0,1186
30,17,2,2288,0.2811932225837533,True,,0.032269765901578915,ransac,17,False,False,E9|chir|False,10000000.0,1187
30,17,2,2288,0.5314156999702955,True,,0.025233608520326842,ransac,14,False,False,E9|chir|False,10000000.0,1188
30,18,0,2288,63.8607372250738,True,,0.06345687892928786,ransac,18,True,False,E9|chir|False,10000000.0,1189
30,17,0,2288,0.5296736800235265,True,,0.03694067866472328,ransac,17,False,False,E9|chir|False,10000000.0,1190
30,17,1,2288,0.32466830819408166,True,,0.046867232780000816,ransac,16,False,False,E9|chir|False,10000000.0,1191
30,17,2,2288,47.48009593421985,True,,0.03225325696641305,ransac,15,True,False,E9|chir|False,10000000.0,1192
30,17,1,2288,0.5790446301477212,True,,0.04022054836384152,ransac,15,False,False,E9|chir|False,10000000.0,1193
30,17,1,2288,0.4664838256218209,True,,0.043977859862121306,ransac,15,False,False,E9|chir|False,10000000.0,1194
30,18,1,2288,0.8207408919398743,True,,0.04758964783358948,ransac,17,False,False,E9|chir|False,10000000.0,1195
30,18,2,2288,0.180597544492983,True,,0.051453746199793024,ransac,17,False,False,E9|chir|False,10000000.0,1196
30,20,0,2288,0.4711688265908988,True,,0.05318922441208079,ransac,20,False,False,E9|chir|False,10000000.0,1197
30,19,2,2288,35.541226670714494,True,,0.031233461433056896,ransac,17,True,False,E9|chir|False,10000000.0,1198
30,17,1,2288,0.6124592274963282,True,,0.03860901875722523,ransac,16,False,False,E9|chir|False,10000000.0,1199
30,20,2,2288,106.81661658187119,True,,0.07290947178589162,ransac,20,True,False,E9|chir|False,10000000.0,1200
30,18,1,2288,53.12926211496803,True,,0.07048497071717917,ransac,17,True,False,E9|chir|False,10000000.0,1201
30,19,2,2288,0.24013252837805352,True,,0.04825364307983909,ransac,19,False,False,E9|chir|False,10000000.0,1202
30,19,1,2288,0.4247325110336058,True,,0.05635673785128168,ransac,18,False,False,E9|chir|False,10000000.0,1203
30,17,0,2288,0.24215659741067352,True,,0.05336237581596038,ransac,17,False,False,E9|chir|False,10000000.0,1204
30,19,2,2288,6.5047814664188826,True,,0.04391012945308823,ransac,17,True,False,E9|chir|False,10000000.0,1205
30,17,1,2288,59.93804155140232,True,,0.037849025630757274,ransac,16,True,False,E9|chir|False,10000000.0,1206
30,17,2,2288,22.401972292056392,True,,0.033780718445882575,ransac,15,True,False,E9|chir|False,10000000.0,1207
30,14,0,2288,0.8116973961458064,True,,0.031850780591626764,ransac,14,True,False,E9|chir|False,10000000.0,1208
30,16,1,2288,0.36632185146923013,True,,0.05318144586736441,ransac,15,False,False,E9|chir|False,10000000.0,1209
30,17,0,2288,13.764387811680841,True,,0.01976129465669423,ransac,16,True,False,E9|chir|False,10000000.0,1210
30,16,0,2288,121.99258761291581,True,,0.040357263565826564,ransac,16,True,False,E9|chir|False,10000000.0,1211
30,16,1,2288,0.3089678910467125,True,,0.044971245285315306,ransac,14,False,False,E9|chir|False,10000000.0,1212
30,18,1,2288,0.05540529096901924,True,,0.03909768123331426,ransac,17,False,False,E9|chir|False,10000000.0,1213
30,17,1,2288,28.53447628074045,True,,0.0433323696744601,ransac,16,True,False,E9|chir|False,10000000.0,1214
30,18,0,2288,34.78638983379089,True,,0.06213713305841905,ransac,18,True,False,E9|chir|False,10000000.0,1215
30,15,0,2288,0.4481886116797519,True,,0.01616609978370466,ransac,15,False,False,E9|chir|False,10000000.0,1216
30,15,0,2288,0.6326877561136873,True,,0.046291523669839255,ransac,15,False,False,E9|chir|False,10000000.0,1217
30,18,2,2288,0.8117399079790705,True,,0.04182896365231222,ransac,16,False,False,E9|chir|False,10000000.0,1218
30,19,1,2288,48.874345339832004,True,,0.05563637142084058,ransac,18,True,False,E9|chir|False,10000000.0,1219
30,18,1,2288,144.23181332457708,True,,0.04080804201993645,ransac,17,True,False,E9|chir|False,10000000.0,1220
30,17,1,2288,43.918764355660784,True,,0.021542973416103863,ransac,16,True,False,E9|chir|False,10000000.0,1221
30,18,0,2288,0.8849011864484124,True,,0.052038946461526646,ransac,18,False,False,E9|chir|False,10000000.0,1222
30,20,1,2288,28.071563596716963,True,,0.026423919083450834,ransac,18,True,False,E9|chir|False,10000000.0,1223
30,15,1,2288,0.11712433456782118,True,,0.04598082924519916,ransac,14,False,False,E9|chir|False,10000000.0,1224
30,17,1,2288,0.9083789044136676,True,,0.040369529560759156,ransac,16,False,False,E9|chir|False,10000000.0,1225
30,18,0,2288,79.84551293391584,True,,0.03765825021822745,ransac,18,True,False,E9|chir|False,10000000.0,1226
30,17,1,2288,0.6937609570729877,True,,0.042230169711727494,ransac,16,False,False,E9|chir|False,10000000.0,1227
30,14,1,2288,0.3563672357304334,True,,0.0171161568721804,ransac,13,False,False,E9|chir|False,10000000.0,1228
30,18,3,2288,70.40322015750091,True,,0.04894622004644163,ransac,16,True,False,E9|chir|False,10000000.0,1229
30,21,0,2288,0.20621579214055724,True,,0.06389859161665956,ransac,20,False,False,E9|chir|False,10000000.0,1230
30,14,0,2288,52.2641330735528,True,,0.03948084350781837,ransac,14,True,False,E9|chir|False,10000000.0,1231
30,18,2,2288,90.6405060390522,True,,0.057165394447889664,ransac,18,True,False,E9|chir|False,10000000.0,1232
30,19,1,2288,10.084702822519146,True,,0.04871724391666605,ransac,18,True,False,E9|chir|False,10000000.0,1233
30,19,0,2288,0.36475747862597363,True,,0.057971732430652824,ransac,18,False,False,E9|chir|False,10000000.0,1234
30,18,1,2288,33.74316612432876,True,,0.040611102074898035,ransac,17,True,False,E9|chir|False,10000000.0,1235
30,15,0,2288,0.6129808694442663,True,,0.05017528321285388,ransac,15,False,False,E9|chir|False,10000000.0,1236
30,17,3,2288,138.43926190177365,True,,0.028500776372783775,ransac,14,True,False,E9|chir|False,10000000.0,1237
30,18,0,2288,146.86394817414217,True,,0.04123115562292894,ransac,17,True,False,E9|chir|False,10000000.0,1238
30,19,0,2288,0.7183199295780799,True,,0.04664256558250276,ransac,19,False,False,E9|chir|False,10000000.0,1239
30,17,1,2288,98.8861332952423,True,,0.03981456781343479,ransac,16,True,False,E9|chir|False,10000000.0,1240
30,20,3,2288,0.45635544078483326,True,,0.057710816624283436,ransac,17,False,False,E9|chir|False,10000000.0,1241
30,18,0,2288,22.104062687825632,True,,0.033579898876738866,ransac,17,True,False,E9|chir|False,10000000.0,1242
30,18,1,2288,128.84180077696496,True,,0.03627961210729861,ransac,15,True,False,E9|chir|False,10000000.0,1243
30,19,0,2288,107.32039123994633,True,,0.05476677149161084,ransac,19,True,False,E9|chir|False,10000000.0,1244
30,19,2,2288,0.5281398159959426,True,,0.0468626635476436,ransac,17,False,False,E9|chir|False,10000000.0,1245
30,17,0,2288,0.3524391444630463,True,,0.04300915072909929,ransac,17,False,False,E9|chir|False,10000000.0,1246
30,20,2,2288,0.26109277852438056,True,,0.05448401823295761,ransac,20,False,False,E9|chir|False,10000000.0,1247
30,17,1,2288,0.49922677556380146,True,,0.045533192577035295,ransac,17,False,False,E9|chir|False,10000000.0,1248
30,19,1,2288,0.7316387941729268,True,,0.050664364314494795,ransac,17,False,False,E9|chir|False,10000000.0,1249
30,19,1,2288,0.40740788288668484,True,,0.06394127400750685,ransac,18,False,False,E9|chir|False,10000000.0,1250
30,17,2,2288,0.417914914537714,True,,0.03267370373401243,ransac,17,False,False,E9|chir|False,10000000.0,1251
30,19,4,2288,27.980885619175808,True,,0.025608151683343575,ransac,15,True,False,E9|chir|False,10000000.0,1252
30,17,2,2288,29.55072979600683,True,,0.04502174273762019,ransac,17,True,False,E9|chir|False,10000000.0,1253
30,17,0,2288,0.8040223294095303,True,,0.06544878956928428,ransac,17,False,False,E9|chir|False,10000000.0,1254
30,18,3,2288,100.83005827507878,True,,0.04332320797989722,ransac,15,True,False,E9|chir|False,10000000.0,1255
30,18,1,2288,0.19868516580289464,True,,0.04835490030175146,ransac,17,False,False,E9|chir|False,10000000.0,1256
30,18,0,2288,0.10679261896992381,True,,0.04123908938191344,ransac,18,False,False,E9|chir|False,10000000.0,1257
30,16,2,2288,1.1480426847476015,True,,0.048225408246160034,ransac,16,False,False,E9|chir|False,10000000.0,1258
30,18,1,2288,0.3542417560298825,True,,0.05325519067759153,ransac,17,False,False,E9|chir|False,10000000.0,1259
30,18,1,2288,94.96627536101846,True,,0.04494094337483627,ransac,16,True,False,E9|chir|False,10000000.0,1260
30,18,0,2288,114.35500206168062,True,,0.05069652923018378,ransac,18,True,False,E9|chir|False,10000000.0,1261
30,20,1,2288,0.6868858110622549,True,,0.030038806247590356,ransac,18,False,False,E9|chir|False,10000000.0,1262
30,14,1,2288,1.5289256394112167,True,,0.04151973172382589,ransac,13,False,False,E9|chir|False,10000000.0,1263
30,18,2,2288,10.545037845039218,True,,0.025418971631760667,ransac,16,True,False,E9|chir|False,10000000.0,1264
30,18,1,2288,127.00653412921571,True,,0.06002477711822231,ransac,17,True,False,E9|chir|False,10000000.0,1265
30,19,0,2288,0.33475384297064986,True,,0.045203818108695434,ransac,18,False,False,E9|chir|False,10000000.0,1266
30,16,1,2288,0.14306963572576362,True,,0.052807835187469246,ransac,14,False,False,E9|chir|False,10000000.0,1267
30,15,0,2288,0.7606187682491945,True,,0.049623726783717306,ransac,15,False,False,E9|chir|False,10000000.0,1268
30,18,1,2288,0.5723814801943632,True,,0.041368277937779495,ransac,17,False,False,E9|chir|False,10000000.0,1269
30,16,0,2288,130.20658091971245,True,,0.06349266777967691,ransac,16,True,False,E9|chir|False,10000000.0,1270
30,17,0,2288,1.0440924535855705,True,,0.04737500831211545,ransac,17,True,False,E9|chir|False,10000000.0,1271
30,15,4,2288,87.92457742408308,True,,0.036248327201051096,ransac,12,True,False,E9|chir|False,10000000.0,1272
30,15,3,2288,0.46839688668200724,True,,0.03658228399438601,ransac,12,False,False,E9|chir|False,10000000.0,1273
30,19,0,2288,127.5763506283904,True,,0.054179516429377,ransac,19,True,False,E9|chir|False,10000000.0,1274
30,18,3,2288,0.2564637043547368,True,,0.0514478113673891,ransac,16,False,False,E9|chir|False,10000000.0,1275
30,18,4,2288,0.8301819062349534,True,,0.026558697205725842,ransac,13,False,False,E9|chir|False,10000000.0,1276
30,19,0,2288,0.39978749505832695,True,,0.04386286624359652,ransac,19,False,False,E9|chir|False,10000000.0,1277
30,15,0,2288,96.3774585873471,True,,0.03610678313993501,ransac,15,True,False,E9|chir|False,10000000.0,1278
30,19,0,2288,89.03292868098379,True,,0.051008878026038276,ransac,18,True,False,E9|chir|False,10000000.0,1279
30,16,3,2288,0.407898171239278,True,,0.04698874052547717,ransac,13,False,False,E9|chir|False,10000000.0,1280
30,14,1,2288,33.11418464295405,True,,0.056948603986368876,ransac,13,True,False,E9|chir|False,10000000.0,1281
30,17,0,2288,92.43962277233729,True,,0.03629468117534831,ransac,17,True,False,E9|chir|False,10000000.0,1282
30,16,0,2288,16.402212337875408,True,,0.05833528579535033,ransac,16,True,False,E9|chir|False,10000000.0,1283
30,19,3,2288,46.08525225894477,True,,0.05567325963624039,ransac,17,True,False,E9|chir|False,10000000.0,1284
30,19,2,2288,116.08543476666064,True,,0.06033794048205294,ransac,18,True,False,E9|chir|False,10000000.0,1285
30,18,1,2288,115.25067823891189,True,,0.04239127297284707,ransac,17,True,False,E9|chir|False,10000000.0,1286
30,18,1,2288,0.6363877851924027,True,,0.047690167334554744,ransac,17,False,False,E9|chir|False,10000000.0,1287
30,19,1,2288,115.82003770853817,True,,0.0490563173950974,ransac,18,True,False,E9|chir|False,10000000.0,1288
30,20,2,2288,0.37433837160551825,True,,0.043935491757923606,ransac,18,False,False,E9|chir|False,10000000.0,1289
30,15,1,2288,0.8111331013718466,True,,0.03740318428836462,ransac,14,False,False,E9|chir|False,10000000.0,1290
30,19,0,2288,0.7161377254275748,True,,0.05421901064996191,ransac,19,False,False,E9|chir|False,10000000.0,1291
30,20,3,2288,105.36180426481623,True,,0.06619478587199815,ransac,17,True,False,E9|chir|False,10000000.0,1292
30,19,1,2288,0.18098448664081315,True,,0.04797064667617306,ransac,18,False,False,E9|chir|False,10000000.0,1293
30,19,2,2288,0.8112669165331768,True,,0.042944283790598614,ransac,16,False,False,E9|chir|False,10000000.0,1294
30,19,1,2288,57.6255398876791,True,,0.029244010855566785,ransac,17,True,False,E9|chir|False,10000000.0,1295
30,15,2,2288,24.18235377779151,True,,0.043343715418947035,ransac,15,True,False,E9|chir|False,10000000.0,1296
30,20,1,2288,0.29295329552507277,True,,0.041699904775352216,ransac,18,False,False,E9|chir|False,10000000.0,1297
30,20,1,2288,73.54338956187631,True,,0.0377368797105615,ransac,18,True,False,E9|chir|False,10000000.0,1298
30,18,0,2288,0.31827649883520465,True,,0.05157385907315496,ransac,18,False,False,E9|chir|False,10000000.0,1299
30,17,1,2288,0.4601266592880879,True,,0.038306085550977385,ransac,16,False,False,E9|chir|False,10000000.0,1300
30,16,1,2288,85.64729614575067,True,,0.037562241837135135,ransac,15,True,False,E9|chir|False,10000000.0,1301
30,17,0,2288,34.27372002630897,True,,0.04345686079231246,ransac,17,True,False,E9|chir|False,10000000.0,1302
30,16,2,2288,0.5958019504156546,True,,0.06809801391571665,ransac,16,False,False,E9|chir|False,10000000.0,1303
30,19,2,2288,0.13393837177175477,True,,0.04005201184041192,ransac,17,False,False,E9|chir|False,10000000.0,1304
30,17,0,2288,54.83051060723344,True,,0.029351211098140127,ransac,17,True,False,E9|chir|False,10000000.0,1305
30,17,3,2288,137.03917944366543,True,,0.035068097965113336,ransac,15,True,False,E9|chir|False,10000000.0,1306
30,15,1,2288,0.3394609180392798,True,,0.03556328263816994,ransac,14,False,False,E9|chir|False,10000000.0,1307
30,17,1,2288,6.143226467121132,True,,0.03945715987035851,ransac,16,True,False,E9|chir|False,10000000.0,1308
30,15,1,2288,20.433408474664763,True,,0.041381719887584996,ransac,14,True,False,E9|chir|False,10000000.0,1309
30,17,1,2288,74.56420951274801,True,,0.036574200728784305,ransac,16,True,False,E9|chir|False,10000000.0,1310
30,16,0,2288,0.5607672700608128,True,,0.04902570952317299,ransac,16,False,False,E9|chir|False,10000000.0,1311
30,17,0,2288,0.7069793798990377,True,,0.03359140907459905,ransac,17,True,False,E9|chir|False,10000000.0,1312
30,17,1,2288,0.5433439509694067,True,,0.0554642061647013,ransac,16,False,False,E9|chir|False,10000000.0,1313
30,18,1,2288,0.36227517594222747,True,,0.05442042090753968,ransac,16,False,False,E9|chir|False,10000000.0,1314
30,17,2,2288,0.3034997733864867,True,,0.05027196079167045,ransac,15,False,False,E9|chir|False,10000000.0,1315
30,16,1,2288,6.628355366022513,True,,0.0345442502963412,ransac,14,True,False,E9|chir|False,10000000.0,1316
30,18,0,2288,0.09029702283986145,True,,0.048759572507953784,ransac,17,False,False,E9|chir|False,10000000.0,1317
30,18,0,2288,0.20927975056741693,True,,0.04597074499510584,ransac,18,False,False,E9|chir|False,10000000.0,1318
30,18,1,2288,0.41378656121411805,True,,0.04547739453359538,ransac,16,False,False,E9|chir|False,10000000.0,1319
30,19,2,2288,96.23262071890758,True,,0.04302451530543233,ransac,16,True,False,E9|chir|False,10000000.0,1320
30,17,3,2288,0.762786818981017,True,,0.03117889733714193,ransac,14,False,False,E9|chir|False,10000000.0,1321
30,19,1,2288,0.249497144931556,True,,0.05876212317635788,ransac,18,False,False,E9|chir|False,10000000.0,1322
30,16,0,2288,42.363177078348095,True,,0.05975656075928611,ransac,16,True,False,E9|chir|False,10000000.0,1323
30,19,1,2288,57.199695261876926,True,,0.0513342136468258,ransac,18,True,False,E9|chir|False,10000000.0,1324
30,19,1,2288,0.34379010481234196,True,,0.038819375771020515,ransac,18,False,False,E9|chir|False,10000000.0,1325
30,17,1,2288,149.45837390208573,True,,0.03620855732971847,ransac,16,True,False,E9|chir|False,10000000.0,1326
30,17,2,2288,24.34195272452395,True,,0.03809976561843553,ransac,15,True,False,E9|chir|False,10000000.0,1327
30,16,2,2288,0.7144808870510863,True,,0.053856326893749265,ransac,14,False,False,E9|chir|False,10000000.0,1328
30,17,0,2288,0.43294324925841376,True,,0.048899215875803294,ransac,17,False,False,E9|chir|False,10000000.0,1329
30,17,0,2288,0.5242484009851625,True,,0.046694404661630204,ransac,17,False,False,E9|chir|False,10000000.0,1330
30,19,1,2288,83.03573825632859,True,,0.041306897427372306,ransac,18,True,False,E9|chir|False,10000000.0,1331
30,16,0,2288,56.7630302158859,True,,0.04614405810145009,ransac,16,True,False,E9|chir|False,10000000.0,1332
30,18,0,2288,38.72107839129289,True,,0.06276587007936142,ransac,18,True,False,E9|chir|False,10000000.0,1333
30,16,0,2288,0.22632073373887612,True,,0.0416930186487933,ransac,16,False,False,E9|chir|False,10000000.0,1334
30,17,1,2288,0.8436443398513006,True,,0.05101197606744048,ransac,15,False,False,E9|chir|False,10000000.0,1335
30,21,3,2288,39.45491504008273,True,,0.031768096372567986,ransac,17,True,False,E9|chir|False,10000000.0,1336
30,18,0,2288,123.92337566855167,True,,0.0516970545650836,ransac,18,True,False,E9|chir|False,10000000.0,1337
30,17,1,2288,0.5367130918411933,True,,0.03287134614668456,ransac,16,False,False,E9|chir|False,10000000.0,1338
30,19,0,2288,51.323665255129434,True,,0.04838182503413895,ransac,18,True,False,E9|chir|False,10000000.0,1339
30,14,1,2288,0.6679202125968076,True,,0.031169472922906397,ransac,13,False,False,E9|chir|False,10000000.0,1340
30,14,2,2288,75.0316112680738,True,,0.04939584128629029,ransac,12,True,False,E9|chir|False,10000000.0,1341
30,20,2,2288,0.3672444735717359,True,,0.03637725304288734,ransac,18,False,False,E9|chir|False,10000000.0,1342
30,18,0,2288,0.514811974389638,True,,0.06813745334984556,ransac,18,False,False,E9|chir|False,10000000.0,1343
30,15,1,2288,0.662098303350022,True,,0.04599427282736746,ransac,14,False,False,E9|chir|False,10000000.0,1344
30,18,0,2288,0.4257530727471269,True,,0.05564124552409878,ransac,18,False,False,E9|chir|False,10000000.0,1345
30,20,0,2288,98.16250028967289,True,,0.04094241501504409,ransac,20,True,False,E9|chir|False,10000000.0,1346
30,18,2,2288,0.2504428634370665,True,,0.050446173253035416,ransac,15,False,False,E9|chir|False,10000000.0,1347
30,19,2,2288,0.5072841503742413,True,,0.027050002785469214,ransac,16,False,False,E9|chir|False,10000000.0,1348
30,18,1,2288,75.31788598351423,True,,0.04518727444664722,ransac,16,True,False,E9|chir|False,10000000.0,1349
30,18,3,2288,0.21758844676412653,True,,0.052494281533044494,ransac,17,False,False,E9|chir|False,10000000.0,1350
30,18,0,2288,0.24133650227840622,True,,0.027606371278125187,ransac,18,False,False,E9|chir|False,10000000.0,1351
30,19,3,2288,37.445915372248756,True,,0.043043297313441635,ransac,16,True,False,E9|chir|False,10000000.0,1352
30,17,1,2288,0.05398734660104828,True,,0.03297216563080335,ransac,16,False,False,E9|chir|False,10000000.0,1353
30,18,1,2288,0.5584103811832206,True,,0.03782566457707585,ransac,17,False,False,E9|chir|False,10000000.0,1354
30,19,0,2288,0.4842536165622261,True,,0.05034310161973408,ransac,19,False,False,E9|chir|False,10000000.0,1355
30,18,2,2288,64.36241076543457,True,,0.053692627073891136,ransac,16,True,False,E9|chir|False,10000000.0,1356
30,19,1,2288,0.748712191226273,True,,0.06057212955580561,ransac,17,False,False,E9|chir|False,10000000.0,1357
30,20,1,2288,30.74571792012842,True,,0.05780970920609856,ransac,18,True,False,E9|chir|False,10000000.0,1358
30,18,1,2288,58.01003658604969,True,,0.03355613074212406,ransac,16,True,False,E9|chir|False,10000000.0,1359
30,17,1,2288,2.3261110004196373,True,,0.022070572927108907,ransac,16,True,False,E9|chir|False,10000000.0,1360
30,20,2,2288,31.722887146155045,True,,0.03895736044711528,ransac,19,True,False,E9|chir|False,10000000.0,1361
30,19,0,2288,14.918617157342155,True,,0.05743248878345544,ransac,19,True,False,E9|chir|False,10000000.0,1362
30,17,1,2288,0.27241835354638877,True,,0.05517864479048506,ransac,16,False,False,E9|chir|False,10000000.0,1363
30,18,2,2288,0.5909053551978873,True,,0.044005855095677754,ransac,18,False,False,E9|chir|False,10000000.0,1364
30,17,2,2288,0.43380195189649534,True,,0.035739880214509266,ransac,15,False,False,E9|chir|False,10000000.0,1365
30,17,0,2288,4.259693156333479,True,,0.04023233795471648,ransac,17,True,False,E9|chir|False,10000000.0,1366
30,16,1,2288,52.5140519643788,True,,0.033216924209990464,ransac,15,True,False,E9|chir|False,10000000.0,1367
30,16,1,2288,36.47368513538099,True,,0.041390393696544396,ransac,15,True,False,E9|chir|False,10000000.0,1368
30,18,0,2288,24.127964721850887,True,,0.04374092890710773,ransac,18,True,False,E9|chir|False,10000000.0,1369
30,19,1,2288,2.8453619077319825,True,,0.06483743577042062,ransac,18,True,False,E9|chir|False,10000000.0,1370
30,19,2,2288,159.79502941316005,True,,0.06967704103424628,ransac,19,True,False,E9|chir|False,10000000.0,1371
30,17,0,2288,33.35369720628935,True,,0.05105292275482206,ransac,17,True,False,E9|chir|False,10000000.0,1372
30,19,1,2288,92.30119909558157,True,,0.029930720218879832,ransac,18,True,False,E9|chir|False,10000000.0,1373
30,17,2,2288,0.5875325351893252,True,,0.05075415943676572,ransac,17,False,False,E9|chir|False,10000000.0,1374
30,18,0,2288,105.80969591918401,True,,0.053678906993090726,ransac,18,True,False,E9|chir|False,10000000.0,1375
30,19,1,2288,0.7855064935085062,True,,0.05355590082476059,ransac,18,False,False,E9|chir|False,10000000.0,1376
30,18,0,2288,70.74882642686562,True,,0.05115806120102022,ransac,16,True,False,E9|chir|False,10000000.0,1377
30,17,0,2288,0.4459933968831586,True,,0.04557949502964735,ransac,17,False,False,E9|chir|False,10000000.0,1378
30,19,1,2288,133.72171715298384,True,,0.05175565537985451,ransac,18,True,False,E9|chir|False,10000000.0,1379
30,20,1,2288,0.3526254810005381,True,,0.034401993921048125,ransac,19,False,False,E9|chir|False,10000000.0,1380
30,15,2,2288,0.2537545711003928,True,,0.03215566681298582,ransac,15,False,False,E9|chir|False,10000000.0,1381
30,18,1,2288,0.18586849081384688,True,,0.04390645049354547,ransac,17,False,False,E9|chir|False,10000000.0,1382
30,17,0,2288,0.5052155999588522,True,,0.05300247895733789,ransac,17,False,False,E9|chir|False,10000000.0,1383
30,16,0,2288,0.09392874902874557,True,,0.04783667383958252,ransac,16,False,False,E9|chir|False,10000000.0,1384
30,16,3,2288,1.2889399659089418,True,,0.040380788700019106,ransac,14,True,False,E9|chir|False,10000000.0,1385
30,18,0,2288,0.0808347513027328,True,,0.04831476146493871,ransac,18,False,False,E9|chir|False,10000000.0,1386
30,17,1,2288,3.159835847787205,True,,0.03868523917493242,ransac,16,True,False,E9|chir|False,10000000.0,1387
30,16,1,2288,87.22922641625125,True,,0.05246291091101107,ransac,13,True,False,E9|chir|False,10000000.0,1388
30,20,1,2288,41.305748356485836,True,,0.0429340113164355,ransac,18,True,False,E9|chir|False,10000000.0,1389
30,18,1,2288,0.24363519252368337,True,,0.06993758699818534,ransac,17,False,False,E9|chir|False,10000000.0,1390
30,18,1,2288,154.07858063922507,True,,0.04490407744553316,ransac,17,True,False,E9|chir|False,10000000.0,1391
30,18,0,2288,14.293218640797857,True,,0.06087425875220078,ransac,17,True,False,E9|chir|False,10000000.0,1392
30,17,0,2288,14.021631176295669,True,,0.0428981184233642,ransac,17,True,False,E9|chir|False,10000000.0,1393
30,19,0,2288,0.2133810205893578,True,,0.031122223414244754,ransac,19,False,False,E9|chir|False,10000000.0,1394
30,19,0,2288,18.00236112350176,True,,0.056003567684942315,ransac,19,True,False,E9|chir|False,10000000.0,1395
30,17,0,2288,80.12086217235479,True,,0.05003075331486409,ransac,17,True,False,E9|chir|False,10000000.0,1396
30,19,1,2288,36.11487301989422,True,,0.046015416274565735,ransac,18,True,False,E9|chir|False,10000000.0,1397
30,18,6,2288,54.08946842725814,True,,0.024886504434727136,ransac,13,True,False,E9|chir|False,10000000.0,1398
30,17,1,2288,126.64150714025736,True,,0.04178766687434187,ransac,16,True,False,E9|chir|False,10000000.0,1399
30,17,1,2288,0.36675564813490097,True,,0.05044423986987213,ransac,16,False,False,E9|chir|False,10000000.0,1400
30,20,0,2288,0.7306518388218282,True,,0.04724521967052153,ransac,19,False,False,E9|chir|False,10000000.0,1401
30,18,0,2288,0.40118874931184195,True,,0.04425540011344015,ransac,18,False,False,E9|chir|False,10000000.0,1402
30,17,2,2288,0.18018116594112357,True,,0.03774039731904265,ransac,17,False,False,E9|chir|False,10000000.0,1403
30,20,0,2288,38.58093253284406,True,,0.04728934890930517,ransac,20,True,False,E9|chir|False,10000000.0,1404
30,17,2,2288,0.08618366626147322,True,,0.04095540848921064,ransac,17,False,False,E9|chir|False,10000000.0,1405
30,16,0,2288,21.74704483392625,True,,0.046342257006161236,ransac,15,True,False,E9|chir|False,10000000.0,1406
30,20,1,2288,5.006215370037182,True,,0.04229515189883952,ransac,19,True,False,E9|chir|False,10000000.0,1407
30,19,2,2288,104.94861726463711,True,,0.039092477924611055,ransac,16,True,False,E9|chir|False,10000000.0,1408
30,20,0,2288,0.04741991564084842,True,,0.05612684454089865,ransac,20,False,False,E9|chir|False,10000000.0,1409
30,17,0,2288,16.57623021178684,True,,0.05844871995374585,ransac,17,True,False,E9|chir|False,10000000.0,1410
30,20,0,2288,114.24509394153318,True,,0.05608939204295785,ransac,20,True,False,E9|chir|False,10000000.0,1411
30,19,0,2288,0.962028674694965,True,,0.040590331202004386,ransac,19,False,False,E9|chir|False,10000000.0,1412
30,15,0,2288,146.39084679320408,True,,0.04843338778354886,ransac,15,True,False,E9|chir|False,10000000.0,1413
30,18,1,2288,108.65110080461751,True,,0.03244835284995209,ransac,17,True,False,E9|chir|False,10000000.0,1414
30,18,1,2288,0.14631000179930545,True,,0.03915875854324897,ransac,17,False,False,E9|chir|False,10000000.0,1415
30,18,0,2288,0.8310223263733586,True,,0.06327044984401331,ransac,18,True,False,E9|chir|False,10000000.0,1416
30,19,1,2288,0.7340229062538433,True,,0.03469976965777044,ransac,18,False,False,E9|chir|False,10000000.0,1417
30,19,2,2288,55.99055211289284,True,,0.058193036207531974,ransac,18,True,False,E9|chir|False,10000000.0,1418
30,17,0,2288,0.25367635821384676,True,,0.05728259965061952,ransac,17,False,False,E9|chir|False,10000000.0,1419
30,17,1,2288,45.44845657052093,True,,0.046537498357735296,ransac,16,True,False,E9|chir|False,10000000.0,1420
30,19,0,2288,36.90478374921664,True,,0.05534777391424121,ransac,18,True,False,E9|chir|False,10000000.0,1421
30,18,1,2288,0.7022688740806843,True,,0.03250560120456742,ransac,17,False,False,E9|chir|False,10000000.0,1422
30,16,1,2288,0.3618541391730104,True,,0.03652774344535737,ransac,15,False,False,E9|chir|False,10000000.0,1423
30,20,0,2288,98.55008265644345,True,,0.05247601367609385,ransac,20,True,False,E9|chir|False,10000000.0,1424
30,20,1,2288,0.34991143489110227,True,,0.03384614862157305,ransac,19,False,False,E9|chir|False,10000000.0,1425
30,17,3,2288,40.814189401254474,True,,0.044364384139467444,ransac,15,True,False,E9|chir|False,10000000.0,1426
30,16,3,2288,108.89081771733369,True,,0.04450968525734993,ransac,13,True,False,E9|chir|False,10000000.0,1427
30,17,1,2288,119.5490076486347,True,,0.0523221722800401,ransac,15,True,False,E9|chir|False,10000000.0,1428
30,16,2,2288,97.87601689811855,True,,0.021280019461618584,ransac,14,True,False,E9|chir|False,10000000.0,1429
30,17,3,2288,111.22335724866568,True,,0.0339987808156411,ransac,15,True,False,E9|chir|False,10000000.0,1430
30,18,0,2288,9.535006017703314,True,,0.026082781824066197,ransac,18,True,False,E9|chir|False,10000000.0,1431
30,19,1,2288,0.625454818559197,True,,0.05702693651616307,ransac,17,False,False,E9|chir|False,10000000.0,1432
30,16,0,2288,84.9601417681709,True,,0.040336348593123385,ransac,16,True,False,E9|chir|False,10000000.0,1433
30,18,1,2288,67.24804514181287,True,,0.04466663891645521,ransac,17,True,False,E9|chir|False,10000000.0,1434
30,17,0,2288,61.13904818598595,True,,0.049641752699557604,ransac,17,True,False,E9|chir|False,10000000.0,1435
30,20,0,2288,44.210502353865984,True,,0.04724204167806655,ransac,19,True,False,E9|chir|False,10000000.0,1436
30,16,0,2288,1.0495000599645348,True,,0.048085467217761954,ransac,16,False,False,E9|chir|False,10000000.0,1437
30,18,1,2288,0.4108855247121363,True,,0.03567999479306554,ransac,16,False,False,E9|chir|False,10000000.0,1438
30,19,0,2288,0.404148208704319,True,,0.036824466930694265,ransac,18,False,False,E9|chir|False,10000000.0,1439
30,16,0,2288,0.15687390646061553,True,,0.05055208846199639,ransac,14,False,False,E9|chir|False,10000000.0,1440
30,17,0,2288,0.30678885693570923,True,,0.05726626715000245,ransac,17,False,False,E9|chir|False,10000000.0,1441
30,18,0,2288,157.37314526771996,True,,0.02833978972697989,ransac,16,True,False,E9|chir|False,10000000.0,1442
30,19,1,2288,0.111352139760612,True,,0.04727954433966213,ransac,18,False,False,E9|chir|False,10000000.0,1443
30,18,0,2288,22.23626547729644,True,,0.04577057973288712,ransac,18,True,False,E9|chir|False,10000000.0,1444
30,17,1,2288,0.4326733884691577,True,,0.02550633679265447,ransac,16,False,False,E9|chir|False,10000000.0,1445
30,16,1,2288,0.5350128802141579,True,,0.02754524320736961,ransac,15,False,False,E9|chir|False,10000000.0,1446
30,19,3,2288,0.04447958426931176,True,,0.038273804815415716,ransac,15,False,False,E9|chir|False,10000000.0,1447
30,18,0,2288,0.6371234146790186,True,,0.06159850324141237,ransac,17,False,False,E9|chir|False,10000000.0,1448
30,18,1,2288,7.5640088035553,True,,0.0494869761523714,ransac,17,True,False,E9|chir|False,10000000.0,1449
30,18,0,2288,0.8769522118571887,True,,0.05602607598455827,ransac,18,False,False,E9|chir|False,10000000.0,1450
30,19,1,2288,166.23405618725752,True,,0.06494279717091452,ransac,18,True,False,E9|chir|False,10000000.0,1451
30,15,1,2288,0.4642768206782693,True,,0.05372801827256002,ransac,14,False,False,E9|chir|False,10000000.0,1452
30,19,1,2288,0.7805555447316859,True,,0.04660468157948417,ransac,17,False,False,E9|chir|False,10000000.0,1453
30,15,0,2288,103.41508243400676,True,,0.065510682316036,ransac,15,True,False,E9|chir|False,10000000.0,1454
30,17,1,2288,71.67450861465399,True,,0.04777167377488094,ransac,16,True,False,E9|chir|False,10000000.0,1455
30,16,0,2288,0.3005849097044876,True,,0.044849854538117205,ransac,16,False,False,E9|chir|False,10000000.0,1456
30,19,0,2288,0.15404559169179954,True,,0.04832528299875854,ransac,19,False,False,E9|chir|False,10000000.0,1457
30,19,0,2288,0.36062537113303816,True,,0.05686288452467619,ransac,19,False,False,E9|chir|False,10000000.0,1458
30,20,4,2288,53.605886093877615,True,,0.06595041960496134,ransac,16,True,False,E9|chir|False,10000000.0,1459
30,18,2,2288,106.38027322909906,True,,0.04801991101853498,ransac,18,True,False,E9|chir|False,10000000.0,1460
30,17,1,2288,0.595570926862607,True,,0.05500580804616835,ransac,16,False,False,E9|chir|False,10000000.0,1461
30,18,1,2288,22.764854206035324,True,,0.06295096711266351,ransac,16,True,False,E9|chir|False,10000000.0,1462
30,19,4,2288,0.6322307067305208,True,,0.05647195363288426,ransac,16,False,False,E9|chir|False,10000000.0,1463
30,18,1,2288,21.35151405168491,True,,0.03842252385447309,ransac,17,True,False,E9|chir|False,10000000.0,1464
30,18,1,2288,78.30076249918636,True,,0.04732207191549691,ransac,15,True,False,E9|chir|False,10000000.0,1465
30,17,2,2288,59.74255415565862,True,,0.037852494920310426,ransac,17,True,False,E9|chir|False,10000000.0,1466
30,20,2,2288,31.507858573052328,True,,0.034095980103109866,ransac,17,True,False,E9|chir|False,10000000.0,1467
30,19,0,2288,109.80327792971025,True,,0.040868324503082885,ransac,19,True,False,E9|chir|False,10000000.0,1468
30,19,1,2288,127.31039609339257,True,,0.03186565176506497,ransac,18,True,False,E9|chir|False,10000000.0,1469
30,17,1,2288,0.714861526968384,True,,0.05344085205648476,ransac,16,False,False,E9|chir|False,10000000.0,1470
30,15,1,2288,120.63803598203285,True,,0.05976482165066885,ransac,14,True,False,E9|chir|False,10000000.0,1471
30,19,1,2288,129.58779704630263,True,,0.0492656464268074,ransac,18,True,False,E9|chir|False,10000000.0,1472
30,19,2,2288,0.6623354754240921,True,,0.03743101096475645,ransac,19,False,False,E9|chir|False,10000000.0,1473
30,19,1,2288,0.44374845936635676,True,,0.05857174505449206,ransac,18,False,False,E9|chir|False,10000000.0,1474
30,16,0,2288,76.19313263722408,True,,0.038961048712784,ransac,16,True,False,E9|chir|False,10000000.0,1475
30,16,0,2288,27.0170598515595,True,,0.04361597325936625,ransac,16,True,False,E9|chir|False,10000000.0,1476
30,18,1,2288,58.537409024129566,True,,0.07119606712982338,ransac,17,True,False,E9|chir|False,10000000.0,1477
30,16,1,2288,0.3215720203797095,True,,0.02765226189808269,ransac,15,False,False,E9|chir|False,10000000.0,1478
30,12,1,2288,1.350691946480455,True,,0.03231962923837755,ransac,11,False,False,E9|chir|False,10000000.0,1479
30,19,0,2288,104.89543295226993,True,,0.05754851941894007,ransac,19,True,False,E9|chir|False,10000000.0,1480
30,17,2,2288,0.4196337944622503,True,,0.04534031353474125,ransac,17,False,False,E9|chir|False,10000000.0,1481
30,19,4,2288,66.9743271202902,True,,0.06279030767321953,ransac,16,True,False,E9|chir|False,10000000.0,1482
30,19,0,2288,31.699322621914813,True,,0.04789198195213247,ransac,18,True,False,E9|chir|False,10000000.0,1483
30,16,0,2288,17.390809365057354,True,,0.05571092913679874,ransac,16,True,False,E9|chir|False,10000000.0,1484
30,18,0,2288,0.4542419066267046,True,,0.04575969004359222,ransac,18,False,False,E9|chir|False,10000000.0,1485
30,15,2,2288,0.2568113992765501,True,,0.03946138958579341,ransac,15,False,False,E9|chir|False,10000000.0,1486
30,15,0,2288,45.892564025728255,True,,0.03414652887139519,ransac,15,True,False,E9|chir|False,10000000.0,1487
30,18,0,2288,76.86803371251067,True,,0.044256825373779236,ransac,17,True,False,E9|chir|False,10000000.0,1488
30,20,1,2288,7.73152526299817,True,,0.05377995729058707,ransac,19,True,False,E9|chir|False,10000000.0,1489
30,19,0,2288,90.25926042295056,True,,0.060047836723254484,ransac,19,True,False,E9|chir|False,10000000.0,1490
30,19,1,2288,0.482210806968214,True,,0.058145236849381075,ransac,18,False,False,E9|chir|False,10000000.0,1491
30,18,1,2288,122.74946589683708,True,,0.045336099560603096,ransac,17,True,False,E9|chir|False,10000000.0,1492
30,17,0,2288,15.17763471636272,True,,0.03891591561577904,ransac,17,True,False,E9|chir|False,10000000.0,1493
30,18,0,2288,49.490892587218035,True,,0.06444431985057293,ransac,18,True,False,E9|chir|False,10000000.0,1494
30,18,1,2288,0.29405899535810304,True,,0.05336058879371721,ransac,17,False,False,E9|chir|False,10000000.0,1495
30,19,1,2288,19.00209114796205,True,,0.03143341174475393,ransac,17,True,False,E9|chir|False,10000000.0,1496
30,19,2,2288,0.14420835538907906,True,,0.04854717825132921,ransac,17,False,False,E9|chir|False,10000000.0,1497
30,18,2,2288,0.49952085695320364,True,,0.055425080397749446,ransac,17,False,False,E9|chir|False,10000000.0,1498
30,16,1,2288,104.7267910738545,True,,0.04511636494891004,ransac,15,True,False,E9|chir|False,10000000.0,1499
30,18,0,2288,100.60998204697596,True,,0.05556955139121556,ransac,18,True,False,E9|chir|False,10000000.0,1500
30,20,2,2288,17.926465481565923,True,,0.03986568396007726,ransac,20,True,False,E9|chir|False,10000000.0,1501
30,19,0,2288,0.3544102283046716,True,,0.029399701736761635,ransac,19,False,False,E9|chir|False,10000000.0,1502
30,16,1,2288,0.7003671085613284,True,,0.05457880752714632,ransac,15,False,False,E9|chir|False,10000000.0,1503
30,17,0,2288,0.24430967015076482,True,,0.05563333832253178,ransac,17,False,False,E9|chir|False,10000000.0,1504
30,17,0,2288,1.1116723262397592,True,,0.04727863715711816,ransac,16,False,False,E9|chir|False,10000000.0,1505
30,18,0,2288,0.705746601371644,True,,0.06648944979866055,ransac,18,False,False,E9|chir|False,10000000.0,1506
30,15,1,2288,0.19979387533264747,True,,0.05222291817840292,ransac,14,False,False,E9|chir|False,10000000.0,1507
30,17,0,2288,0.85065786721607,True,,0.042413281699302384,ransac,17,False,False,E9|chir|False,10000000.0,1508
30,17,1,2288,67.50347330633858,True,,0.06059493901003965,ransac,16,True,False,E9|chir|False,10000000.0,1509
30,18,1,2288,56.90117096364016,True,,0.055451339207836195,ransac,16,True,False,E9|chir|False,10000000.0,1510
30,18,0,2288,29.10115863741948,True,,0.04916612117829778,ransac,18,True,False,E9|chir|False,10000000.0,1511
30,17,1,2288,10.302480256654734,True,,0.04976129438813506,ransac,15,True,False,E9|chir|False,10000000.0,1512
30,19,1,2288,0.2242015506956789,True,,0.03577895747717518,ransac,18,False,False,E9|chir|False,10000000.0,1513
30,15,1,2288,17.689174069814154,True,,0.04024550573392824,ransac,13,True,False,E9|chir|False,10000000.0,1514
30,19,0,2288,107.82030451762277,True,,0.06871527763855907,ransac,19,True,False,E9|chir|False,10000000.0,1515
30,18,2,2288,0.3523950158856238,True,,0.047966486473495364,ransac,15,False,False,E9|chir|False,10000000.0,1516
30,18,1,2288,53.94720412604565,True,,0.05037532557488091,ransac,17,True,False,E9|chir|False,10000000.0,1517
30,19,0,2288,9.479047388117692,True,,0.04777745602618464,ransac,19,True,False,E9|chir|False,10000000.0,1518
30,17,1,2288,45.51728115149203,True,,0.024407174534681404,ransac,16,True,False,E9|chir|False,10000000.0,1519
30,17,0,2288,69.66153576843766,True,,0.03706934690179566,ransac,17,True,False,E9|chir|False,10000000.0,1520
30,16,1,2288,0.18631601834408168,True,,0.041805987921804365,ransac,15,False,False,E9|chir|False,10000000.0,1521
30,17,2,2288,0.18981449355504554,True,,0.05435414868830438,ransac,17,False,False,E9|chir|False,10000000.0,1522
30,17,2,2288,0.9291977430827262,True,,0.05298442460843042,ransac,17,False,False,E9|chir|False,10000000.0,1523
30,19,0,2288,124.03492994684802,True,,0.04595918221985067,ransac,19,True,False,E9|chir|False,10000000.0,1524
30,18,1,2288,0.284965809077979,True,,0.052618163259246495,ransac,17,False,False,E9|chir|False,10000000.0,1525
30,18,0,2288,102.8495348450514,True,,0.0312921071681556,ransac,17,True,False,E9|chir|False,10000000.0,1526
30,16,1,2288,0.5080195085961231,True,,0.056511782248910694,ransac,15,False,False,E9|chir|False,10000000.0,1527
30,18,0,2288,0.3794626007586701,True,,0.02819425752454389,ransac,18,False,False,E9|chir|False,10000000.0,1528
30,18,0,2288,54.71306809943178,True,,0.048554538853955415,ransac,18,True,False,E9|chir|False,10000000.0,1529
30,15,0,2288,16.44094548882513,True,,0.05519021963806535,ransac,15,True,False,E9|chir|False,10000000.0,1530
30,18,1,2288,0.43894946102828636,True,,0.03796689663972313,ransac,17,False,False,E9|chir|False,10000000.0,1531
30,22,0,2288,0.08786716980454946,True,,0.0435387145388501,ransac,20,False,False,E9|chir|False,10000000.0,1532
30,16,2,2288,0.3570850705283077,True,,0.05311286969153737,ransac,14,False,False,E9|chir|False,10000000.0,1533
30,17,0,2288,0.6911083528612418,True,,0.05179568621475637,ransac,17,True,False,E9|chir|False,10000000.0,1534
30,19,1,2288,58.09469603131152,True,,0.05091160929157489,ransac,18,True,False,E9|chir|False,10000000.0,1535
30,19,3,2288,0.7598282936068941,True,,0.03501667170415138,ransac,16,False,False,E9|chir|False,10000000.0,1536
30,18,1,2288,0.0618725944207108,True,,0.044858974600869135,ransac,17,False,False,E9|chir|False,10000000.0,1537
30,16,2,2288,118.45314043543434,True,,0.04958840659175874,ransac,16,True,False,E9|chir|False,10000000.0,1538
30,18,1,2288,0.26582144777566824,True,,0.05190765178460024,ransac,18,False,False,E9|chir|False,10000000.0,1539
30,19,1,2288,83.74539548230908,True,,0.04622002582084552,ransac,18,True,False,E9|chir|False,10000000.0,1540
30,17,1,2288,33.88330722896873,True,,0.04911075725441234,ransac,16,True,False,E9|chir|False,10000000.0,1541
30,19,1,2288,0.4277191803433573,True,,0.03810156646731277,ransac,18,False,False,E9|chir|False,10000000.0,1542
30,19,0,2288,0.38706170974376447,True,,0.049902368506303245,ransac,19,False,False,E9|chir|False,10000000.0,1543
30,17,3,2288,0.5321488727478806,True,,0.040178937235478954,ransac,17,False,False,E9|chir|False,10000000.0,1544
30,16,2,2288,119.82855139864859,True,,0.03209441427689342,ransac,14,True,False,E9|chir|False,10000000.0,1545
30,20,2,2288,0.5826559721615548,True,,0.05024271064967078,ransac,19,False,False,E9|chir|False,10000000.0,1546
30,17,0,2288,0.9096435463070569,True,,0.03480223153020505,ransac,17,False,False,E9|chir|False,10000000.0,1547
30,16,1,2288,0.6214550070091295,True,,0.04364701697351839,ransac,15,False,False,E9|chir|False,10000000.0,1548
30,17,0,2288,7.246561384176897,True,,0.039963149468133376,ransac,17,True,False,E9|chir|False,10000000.0,1549
30,17,3,2288,0.47784462386253485,True,,0.06605417173844351,ransac,15,False,False,E9|chir|False,10000000.0,1550
30,20,2,2288,0.49262494423503594,True,,0.05630114268899268,ransac,18,False,False,E9|chir|False,10000000.0,1551
30,20,1,2288,0.804907032978217,True,,0.05620896703563226,ransac,18,False,False,E9|chir|False,10000000.0,1552
30,16,1,2288,0.10624222040675936,True,,0.047095680338969804,ransac,15,False,False,E9|chir|False,10000000.0,1553
30,18,2,2288,0.6209124177197768,True,,0.05989004350280625,ransac,16,False,False,E9|chir|False,10000000.0,1554
30,19,0,2288,58.5631506365634,True,,0.044281727538989,ransac,19,True,False,E9|chir|False,10000000.0,1555
30,18,1,2288,0.39763098025166727,True,,0.04497625564260595,ransac,16,False,False,E9|chir|False,10000000.0,1556
30,16,1,2288,0.2928503532974596,True,,0.059631767126636516,ransac,15,False,False,E9|chir|False,10000000.0,1557
30,17,0,2288,77.594091317024,True,,0.050205641586234036,ransac,17,True,False,E9|chir|False,10000000.0,1558
30,19,1,2288,0.676510356094777,True,,0.07710829169412896,ransac,18,False,False,E9|chir|False,10000000.0,1559
30,18,2,2288,0.6444575294427903,True,,0.045461593204530706,ransac,18,False,False,E9|chir|False,10000000.0,1560
30,17,1,2288,73.37767914986871,True,,0.04062260866915723,ransac,16,True,False,E9|chir|False,10000000.0,1561
30,19,0,2288,101.3478648683417,True,,0.06059056588719073,ransac,18,True,False,E9|chir|False,10000000.0,1562
30,16,0,2288,0.6936569389059491,True,,0.040461257038412524,ransac,16,False,False,E9|chir|False,10000000.0,1563
30,16,0,2288,1.1744340700191591,True,,0.033284846979757726,ransac,15,False,False,E9|chir|False,10000000.0,1564
30,15,1,2288,59.28836556420292,True,,0.059821826799720056,ransac,14,True,False,E9|chir|False,10000000.0,1565
30,17,1,2288,66.9891080971393,True,,0.031131958762500807,ransac,16,True,False,E9|chir|False,10000000.0,1566
30,15,0,2288,20.325788440453515,True,,0.039160005444249454,ransac,15,True,False,E9|chir|False,10000000.0,1567
30,18,3,2288,2.424478022028303,True,,0.03798072547344647,ransac,15,True,False,E9|chir|False,10000000.0,1568
30,19,1,2288,0.3143826821695657,True,,0.04161423298847014,ransac,16,False,False,E9|chir|False,10000000.0,1569
30,19,0,2288,27.864273257965337,True,,0.040511097899803124,ransac,19,True,False,E9|chir|False,10000000.0,1570
30,21,3,2288,57.83418092865981,True,,0.059351514398817286,ransac,19,True,False,E9|chir|False,10000000.0,1571
30,18,0,2288,7.368248902276709,True,,0.04716408929416929,ransac,17,True,False,E9|chir|False,10000000.0,1572
30,16,1,2288,92.79763206425164,True,,0.04435188908839527,ransac,15,True,False,E9|chir|False,10000000.0,1573
30,17,1,2288,0.9744923608163831,True,,0.034535066937126505,ransac,15,False,False,E9|chir|False,10000000.0,1574
30,17,2,2288,0.4034292760327704,True,,0.05005679671086981,ransac,17,False,False,E9|chir|False,10000000.0,1575
30,17,1,2288,68.1996681122426,True,,0.032688831504509935,ransac,16,True,False,E9|chir|False,10000000.0,1576
30,17,0,2288,0.39849050063693026,True,,0.02892618433856275,ransac,17,False,False,E9|chir|False,10000000.0,1577
30,17,0,2288,0.9874125928806631,True,,0.04212725464338962,ransac,17,False,False,E9|chir|False,10000000.0,1578
30,17,2,2288,39.476452114831446,True,,0.03524934493882425,ransac,17,True,False,E9|chir|False,10000000.0,1579
30,16,2,2288,135.32247081324195,True,,0.044537133991181116,ransac,13,True,False,E9|chir|False,10000000.0,1580
30,17,0,2288,0.46673921184178147,True,,0.03855118424539345,ransac,17,False,False,E9|chir|False,10000000.0,1581
30,18,0,2288,0.5153133684578439,True,,0.03817983091257516,ransac,18,False,False,E9|chir|False,10000000.0,1582
30,15,2,2288,46.4272781712344,True,,0.03279689316153706,ransac,15,True,False,E9|chir|False,10000000.0,1583
30,19,3,2288,56.82823358230591,True,,0.030520790030361285,ransac,19,True,False,E9|chir|False,10000000.0,1584
30,17,0,2288,48.678709116855586,True,,0.05441219089281832,ransac,17,True,False,E9|chir|False,10000000.0,1585
30,18,1,2288,149.31195687145578,True,,0.04214942778392775,ransac,17,True,False,E9|chir|False,10000000.0,1586
30,19,1,2288,0.19089599344959796,True,,0.05372204652530052,ransac,18,False,False,E9|chir|False,10000000.0,1587
30,18,0,2288,0.36981352049094035,True,,0.046570031022028543,ransac,18,False,False,E9|chir|False,10000000.0,1588
30,18,2,2288,97.69013997616418,True,,0.045015113200227184,ransac,17,True,False,E9|chir|False,10000000.0,1589
30,18,2,2288,83.05105088227259,True,,0.02701645338455299,ransac,16,True,False,E9|chir|False,10000000.0,1590
30,16,1,2288,0.1731213651256374,True,,0.04371060382200956,ransac,15,False,False,E9|chir|False,10000000.0,1591
30,18,1,2288,18.028409842613705,True,,0.04248047766154815,ransac,16,True,False,E9|chir|False,10000000.0,1592
30,16,1,2288,115.27497219822916,True,,0.026324279529107986,ransac,13,True,False,E9|chir|False,10000000.0,1593
30,16,0,2288,85.69247286690374,True,,0.06238079344567472,ransac,15,True,False,E9|chir|False,10000000.0,1594
30,17,2,2288,55.415916732566195,True,,0.05827119921697255,ransac,17,True,False,E9|chir|False,10000000.0,1595
30,19,1,2288,146.1690921004171,True,,0.05306213835249302,ransac,18,True,False,E9|chir|False,10000000.0,1596
30,18,1,2288,69.72588767783868,True,,0.061962595407828204,ransac,17,True,False,E9|chir|False,10000000.0,1597
30,18,2,2288,4.531174955766427,True,,0.04416998125085448,ransac,18,True,False,E9|chir|False,10000000.0,1598
30,17,1,2288,0.12993095092279022,True,,0.05320429616452003,ransac,16,False,False,E9|chir|False,10000000.0,1599
30,18,2,2288,4.911431521900847,True,,0.05025152572536249,ransac,16,True,False,E9|chir|False,10000000.0,1600
30,19,2,2288,25.91763577222896,True,,0.05719134953116868,ransac,18,True,False,E9|chir|False,10000000.0,1601
30,19,0,2288,0.6839558322661082,True,,0.06203575197428039,ransac,18,False,False,E9|chir|False,10000000.0,1602
30,15,2,2288,0.8195643133092531,True,,0.03523879651213877,ransac,12,False,False,E9|chir|False,10000000.0,1603
30,19,3,2288,9.502355526607099,True,,0.0459128065977834,ransac,16,True,False,E9|chir|False,10000000.0,1604
30,19,2,2288,78.90205265979588,True,,0.050632239887949494,ransac,19,True,False,E9|chir|False,10000000.0,1605
30,15,0,2288,93.01779049713255,True,,0.03114032403350359,ransac,15,True,False,E9|chir|False,10000000.0,1606
30,20,1,2288,86.90658098760797,True,,0.053494856702622565,ransac,19,True,False,E9|chir|False,10000000.0,1607
30,16,1,2288,0.5139760617172835,True,,0.06084116567086099,ransac,15,False,False,E9|chir|False,10000000.0,1608
30,15,0,2288,0.45487657537963844,True,,0.028043462727497942,ransac,14,False,False,E9|chir|False,10000000.0,1609
30,19,1,2288,0.07711629143889401,True,,0.06002346749947364,ransac,17,False,False,E9|chir|False,10000000.0,1610
30,17,1,2288,0.05710604418626231,True,,0.044349520117559035,ransac,16,False,False,E9|chir|False,10000000.0,1611
30,19,2,2288,9.018328359769944,True,,0.04095597001473422,ransac,17,True,False,E9|chir|False,10000000.0,1612
30,18,1,2288,0.32646664808647213,True,,0.03524043232233748,ransac,17,False,False,E9|chir|False,10000000.0,1613
30,16,1,2288,0.41109330801481153,True,,0.04473307163543697,ransac,15,False,False,E9|chir|False,10000000.0,1614
30,16,1,2288,0.29964882563546874,True,,0.02797354808284092,ransac,14,False,False,E9|chir|False,10000000.0,1615
30,19,1,2288,64.30958025166852,True,,0.06431758958180797,ransac,18,True,False,E9|chir|False,10000000.0,1616
30,19,1,2288,44.09423983267884,True,,0.03466903003471165,ransac,18,True,False,E9|chir|False,10000000.0,1617
30,15,1,2288,0.24762914050896795,True,,0.04300588655624147,ransac,14,False,False,E9|chir|False,10000000.0,1618
30,19,4,2288,91.22523993990173,True,,0.0446805112199519,ransac,16,True,False,E9|chir|False,10000000.0,1619
30,17,0,2288,0.5870021278540968,True,,0.03992200439540776,ransac,16,False,False,E9|chir|False,10000000.0,1620
30,18,0,2288,0.38710838825997823,True,,0.04992706715588141,ransac,18,False,False,E9|chir|False,10000000.0,1621
30,19,0,2288,38.38310955121721,True,,0.05586173568805254,ransac,18,True,False,E9|chir|False,10000000.0,1622
30,15,1,2288,0.2724791158497959,True,,0.04394670315635769,ransac,14,False,False,E9|chir|False,10000000.0,1623
30,15,1,2288,0.7838746435587796,True,,0.02956696975835516,ransac,14,False,False,E9|chir|False,10000000.0,1624
30,19,3,2288,0.32623872169705065,True,,0.043003234059522305,ransac,17,False,False,E9|chir|False,10000000.0,1625
30,16,0,2288,0.5465811687900934,True,,0.03463352608125819,ransac,16,False,False,E9|chir|False,10000000.0,1626
30,18,0,2288,123.57981788863849,True,,0.03698750748420902,ransac,17,True,False,E9|chir|False,10000000.0,1627
30,18,0,2288,0.3363417081387799,True,,0.04980044674363908,ransac,17,False,False,E9|chir|False,10000000.0,1628
30,18,2,2288,43.76843943480896,True,,0.060102975858541116,ransac,18,True,False,E9|chir|False,10000000.0,1629
30,17,0,2288,0.34939350083474763,True,,0.022578469865835348,ransac,17,False,False,E9|chir|False,10000000.0,1630
30,17,1,2288,33.82237503853605,True,,0.04594225635837265,ransac,16,True,False,E9|chir|False,10000000.0,1631
30,14,1,2288,79.18163184058281,True,,0.032616096911699005,ransac,13,True,False,E9|chir|False,10000000.0,1632
30,19,0,2288,0.5893750883816692,True,,0.048001458772760915,ransac,19,False,False,E9|chir|False,10000000.0,1633
30,18,0,2288,0.38585857462915685,True,,0.03215265831847222,ransac,17,False,False,E9|chir|False,10000000.0,1634
30,19,2,2288,0.5041302195042466,True,,0.04674675421969658,ransac,19,False,False,E9|chir|False,10000000.0,1635
30,19,1,2288,40.095614663379735,True,,0.06108350653213398,ransac,17,True,False,E9|chir|False,10000000.0,1636
30,18,3,2288,0.34008589065321054,True,,0.04211598576248538,ransac,15,False,False,E9|chir|False,10000000.0,1637
30,16,2,2288,0.41872791214024424,True,,0.0293352630394337,ransac,14,False,False,E9|chir|False,10000000.0,1638
30,16,0,2288,0.6719282294095003,True,,0.04222684945829483,ransac,16,False,False,E9|chir|False,10000000.0,1639
30,18,3,2288,0.23758976079783617,True,,0.036880523090045456,ransac,16,False,False,E9|chir|False,10000000.0,1640
30,17,2,2288,0.1791214693795483,True,,0.041143822444922235,ransac,17,False,False,E9|chir|False,10000000.0,1641
30,17,2,2288,0.5761107341899347,True,,0.03549038919188619,ransac,17,False,False,E9|chir|False,10000000.0,1642
30,17,5,2288,41.18236424892251,True,,0.041192230833616186,ransac,12,True,False,E9|chir|False,10000000.0,1643
30,18,1,2288,55.693230336277374,True,,0.04171482198845632,ransac,17,True,False,E9|chir|False,10000000.0,1644
30,17,2,2288,0.47138709985072264,True,,0.04961334277199709,ransac,17,False,False,E9|chir|False,10000000.0,1645
30,19,0,2288,0.3152574575534295,True,,0.04545999749693728,ransac,19,False,False,E9|chir|False,10000000.0,1646
30,20,1,2288,127.35114706794354,True,,0.050257001422450445,ransac,19,True,False,E9|chir|False,10000000.0,1647
30,17,1,2288,77.63554806490976,True,,0.044500911312885,ransac,16,True,False,E9|chir|False,10000000.0,1648
30,16,0,2288,0.775781879931828,True,,0.045045216928479244,ransac,16,False,False,E9|chir|False,10000000.0,1649
30,17,2,2288,52.85473981593933,True,,0.04529827072978002,ransac,15,True,False,E9|chir|False,10000000.0,1650
30,17,0,2288,114.29356921981004,True,,0.030708886533333826,ransac,17,True,False,E9|chir|False,10000000.0,1651
30,17,1,2288,0.5723241483098553,True,,0.049639758493665136,ransac,15,False,False,E9|chir|False,10000000.0,1652
30,19,0,2288,0.5493671211354205,True,,0.04858300942855955,ransac,19,False,False,E9|chir|False,10000000.0,1653
30,14,1,2288,0.5102149759155183,True,,0.028675457113875372,ransac,13,False,False,E9|chir|False,10000000.0,1654
30,17,0,2288,77.52759390643801,True,,0.04847974928471578,ransac,16,True,False,E9|chir|False,10000000.0,1655
30,16,2,2288,55.02165825318471,True,,0.0272794940708227,ransac,14,True,False,E9|chir|False,10000000.0,1656
30,20,2,2288,0.5975961591272894,True,,0.053454904428237776,ransac,17,False,False,E9|chir|False,10000000.0,1657
30,16,0,2288,0.8710628219175005,True,,0.057699353952543685,ransac,16,False,False,E9|chir|False,10000000.0,1658
30,17,2,2288,0.6864823010638004,True,,0.05699058976983813,ransac,15,False,False,E9|chir|False,10000000.0,1659
30,19,0,2288,123.81344081028726,True,,0.03214212582346141,ransac,19,True,False,E9|chir|False,10000000.0,1660
30,17,1,2288,40.678326154843845,True,,0.0365070000603042,ransac,16,True,False,E9|chir|False,10000000.0,1661
30,15,1,2288,132.89493962135572,True,,0.0370564239660633,ransac,14,True,False,E9|chir|False,10000000.0,1662
30,19,1,2288,0.541500166438108,True,,0.06237461442449287,ransac,18,False,False,E9|chir|False,10000000.0,1663
30,17,1,2288,0.9362399356596044,True,,0.04938269867216792,ransac,16,False,False,E9|chir|False,10000000.0,1664
30,18,0,2288,0.5445134073989101,True,,0.047748841419628665,ransac,18,False,False,E9|chir|False,10000000.0,1665
30,14,0,2288,0.5997011448248066,True,,0.047184317528326365,ransac,14,False,False,E9|chir|False,10000000.0,1666
30,13,1,2288,0.3388627872797206,True,,0.043076518510080854,ransac,12,False,False,E9|chir|False,10000000.0,1667
30,15,0,2288,19.244825292558033,True,,0.03784530838551946,ransac,15,True,False,E9|chir|False,10000000.0,1668
30,16,3,2288,0.38186392776710637,True,,0.030397618143785263,ransac,16,False,False,E9|chir|False,10000000.0,1669
30,14,1,2288,92.78519573408235,True,,0.04352090241883987,ransac,13,True,False,E9|chir|False,10000000.0,1670
30,20,1,2288,0.6556372563912368,True,,0.06490707419202106,ransac,19,False,False,E9|chir|False,10000000.0,1671
30,17,0,2288,24.853325128749542,True,,0.04428361624687616,ransac,17,True,False,E9|chir|False,10000000.0,1672
30,18,0,2288,0.3310381834357228,True,,0.03461908481572554,ransac,18,False,False,E9|chir|False,10000000.0,1673
30,17,1,2288,95.55747267902463,True,,0.04529915216377796,ransac,16,True,False,E9|chir|False,10000000.0,1674
30,18,1,2288,7.231870048493594,True,,0.036330134628596564,ransac,17,True,False,E9|chir|False,10000000.0,1675
30,21,0,2288,0.772964512329175,True,,0.06941024436651254,ransac,20,False,False,E9|chir|False,10000000.0,1676
30,13,0,2288,0.320459992666602,True,,0.029913798622607513,ransac,13,False,False,E9|chir|False,10000000.0,1677
30,15,0,2288,141.419074493086,True,,0.04171495964403493,ransac,15,True,False,E9|chir|False,10000000.0,1678
30,17,1,2288,90.7192800396096,True,,0.040046886499963394,ransac,16,True,False,E9|chir|False,10000000.0,1679
30,17,1,2288,0.49488916170980773,True,,0.06142491325711477,ransac,16,False,False,E9|chir|False,10000000.0,1680
30,16,0,2288,44.52572595127137,True,,0.03061150494560819,ransac,16,True,False,E9|chir|False,10000000.0,1681
30,17,2,2288,0.19339155909242242,True,,0.03118429804180618,ransac,14,False,False,E9|chir|False,10000000.0,1682
30,15,0,2288,4.932638820452222,True,,0.03539181054086364,ransac,15,True,False,E9|chir|False,10000000.0,1683
30,16,1,2288,0.5907998386200051,True,,0.03240079425190008,ransac,15,False,False,E9|chir|False,10000000.0,1684
30,20,2,2288,126.14602475374146,True,,0.042345095323936426,ransac,18,True,False,E9|chir|False,10000000.0,1685
30,16,1,2288,0.306548464420813,True,,0.0366305771687334,ransac,15,False,False,E9|chir|False,10000000.0,1686
30,17,1,2288,4.127270901503022,True,,0.042453477711043144,ransac,16,True,False,E9|chir|False,10000000.0,1687
30,16,0,2288,0.3221259115054293,True,,0.03281551100558467,ransac,16,False,False,E9|chir|False,10000000.0,1688
30,21,2,2288,68.96496478977234,True,,0.04687712280692196,ransac,17,True,False,E9|chir|False,10000000.0,1689
30,18,0,2288,34.75343442235908,True,,0.043233477860275225,ransac,18,True,False,E9|chir|False,10000000.0,1690
30,16,0,2288,0.697909606787747,True,,0.0572079246060436,ransac,15,False,False,E9|chir|False,10000000.0,1691
30,18,0,2288,115.47001722600389,True,,0.03735014051756127,ransac,18,True,False,E9|chir|False,10000000.0,1692
30,19,3,2288,45.08110759407312,True,,0.050700456776206375,ransac,17,True,False,E9|chir|False,10000000.0,1693
30,14,0,2288,0.624245221598687,True,,0.03292259173828005,ransac,14,False,False,E9|chir|False,10000000.0,1694
30,18,2,2288,54.319356214249034,True,,0.057249888260745195,ransac,16,True,False,E9|chir|False,10000000.0,1695
30,20,0,2288,79.9576026031097,True,,0.030271603476723193,ransac,20,True,False,E9|chir|False,10000000.0,1696
30,18,1,2288,0.2508287160694512,True,,0.03387628779428271,ransac,17,False,False,E9|chir|False,10000000.0,1697
30,17,2,2288,0.4706945055906339,True,,0.054456852445791196,ransac,14,False,False,E9|chir|False,10000000.0,1698
30,14,1,2288,0.7143834490620594,True,,0.033651373464041734,ransac,13,False,False,E9|chir|False,10000000.0,1699
30,19,2,2288,109.60318419078705,True,,0.03661975290733237,ransac,19,True,False,E9|chir|False,10000000.0,1700
30,15,0,2288,0.9046624116420752,True,,0.057757043253250505,ransac,15,False,False,E9|chir|False,10000000.0,1701
30,19,1,2288,100.68362894694029,True,,0.03021503689667569,ransac,17,True,False,E9|chir|False,10000000.0,1702
30,19,3,2288,1.241782277691958,True,,0.05425395781839353,ransac,16,False,False,E9|chir|False,10000000.0,1703
30,16,0,2288,0.38845427783246617,True,,0.03782028916972668,ransac,16,False,False,E9|chir|False,10000000.0,1704
30,15,1,2288,0.45262886188035834,True,,0.033795076935358874,ransac,14,False,False,E9|chir|False,10000000.0,1705
30,19,0,2288,0.8503700828782482,True,,0.04866769713766921,ransac,19,False,False,E9|chir|False,10000000.0,1706
30,19,2,2288,0.6109796487623087,True,,0.05635169536012308,ransac,17,False,False,E9|chir|False,10000000.0,1707
30,16,2,2288,7.571175807187173,True,,0.027408923280734406,ransac,16,True,False,E9|chir|False,10000000.0,1708
30,18,0,2288,13.850042793584219,True,,0.03874684844456073,ransac,18,True,False,E9|chir|False,10000000.0,1709
30,19,1,2288,0.39637400275013496,True,,0.04327195725631376,ransac,19,False,False,E9|chir|False,10000000.0,1710
30,13,2,2288,0.3034886098448792,True,,0.020609705419966623,ransac,11,False,False,E9|chir|False,10000000.0,1711
30,18,2,2288,0.9796060997434798,True,,0.053744849021720935,ransac,15,False,False,E9|chir|False,10000000.0,1712
30,18,1,2288,117.6380800898894,True,,0.04209027231701237,ransac,16,True,False,E9|chir|False,10000000.0,1713
30,14,2,2288,0.0965637795063209,True,,0.023911344546608076,ransac,12,False,False,E9|chir|False,10000000.0,1714
30,17,0,2288,40.88822405268199,True,,0.042426520624571244,ransac,16,True,False,E9|chir|False,10000000.0,1715
30,17,1,2288,67.69129299638234,True,,0.04062799478536978,ransac,16,True,False,E9|chir|False,10000000.0,1716
30,16,0,2288,0.375838411450099,True,,0.05742877603073783,ransac,16,False,False,E9|chir|False,10000000.0,1717
30,18,2,2288,26.234580453885133,True,,0.05603887750028125,ransac,18,True,False,E9|chir|False,10000000.0,1718
30,18,1,2288,0.14761343201358137,True,,0.04330303135176374,ransac,17,False,False,E9|chir|False,10000000.0,1719
30,21,0,2288,32.329465614792724,True,,0.03864468514280936,ransac,20,True,False,E9|chir|False,10000000.0,1720
30,17,1,2288,95.13199341682743,True,,0.05313700543863131,ransac,15,True,False,E9|chir|False,10000000.0,1721
30,16,1,2288,0.5495387012558236,True,,0.048253911251970226,ransac,15,False,False,E9|chir|False,10000000.0,1722
30,13,0,2288,29.280507695002512,True,,0.02862180053501601,ransac,13,True,False,E9|chir|False,10000000.0,1723
30,19,3,2288,113.65971809692972,True,,0.045051500488326984,ransac,16,True,False,E9|chir|False,10000000.0,1724
30,14,0,2288,0.939967959770848,True,,0.037145720093422006,ransac,14,False,False,E9|chir|False,10000000.0,1725
30,18,1,2288,110.81074127341385,True,,0.04587882223973254,ransac,16,True,False,E9|chir|False,10000000.0,1726
30,17,0,2288,0.39839054046871175,True,,0.03610668813629786,ransac,17,False,False,E9|chir|False,10000000.0,1727
30,18,2,2288,126.77999768358826,True,,0.0540567401440312,ransac,18,True,False,E9|chir|False,10000000.0,1728
30,15,3,2288,0.4177804394335183,True,,0.033144929101881555,ransac,13,False,False,E9|chir|False,10000000.0,1729
30,16,1,2288,16.991927159673693,True,,0.05615669016093741,ransac,15,True,False,E9|chir|False,10000000.0,1730
30,17,0,2288,74.84624879939446,True,,0.051543637131707495,ransac,17,True,False,E9|chir|False,10000000.0,1731
30,18,1,2288,1.9934291078346096,True,,0.04382230543706511,ransac,17,True,False,E9|chir|False,10000000.0,1732
30,16,1,2288,118.64382455847915,True,,0.03799549596724522,ransac,15,True,False,E9|chir|False,10000000.0,1733
30,19,2,2288,13.825193630267652,True,,0.04391839928959868,ransac,15,True,False,E9|chir|False,10000000.0,1734
30,20,1,2288,0.4027622655976215,True,,0.06896899669038098,ransac,19,False,False,E9|chir|False,10000000.0,1735
30,18,3,2288,0.7700029279010407,True,,0.04338799378491362,ransac,16,False,False,E9|chir|False,10000000.0,1736
30,17,1,2288,0.37009676712321826,True,,0.037084904222332536,ransac,16,False,False,E9|chir|False,10000000.0,1737
30,18,1,2288,2.1078356370676246,True,,0.045454586239074994,ransac,17,True,False,E9|chir|False,10000000.0,1738
30,16,0,2288,0.42808019752573145,True,,0.03929424166125933,ransac,16,False,False,E9|chir|False,10000000.0,1739
30,17,0,2288,0.0436314770154719,True,,0.07439273880509871,ransac,17,False,False,E9|chir|False,10000000.0,1740
30,16,0,2288,133.54998372101616,True,,0.05086135966289853,ransac,16,True,False,E9|chir|False,10000000.0,1741
30,19,1,2288,0.5454506503418878,True,,0.056097943568643574,ransac,18,False,False,E9|chir|False,10000000.0,1742
30,15,1,2288,0.13317491114895313,True,,0.029135832307968658,ransac,14,False,False,E9|chir|False,10000000.0,1743
30,19,0,2288,0.4039442850238929,True,,0.059102371037347716,ransac,19,False,False,E9|chir|False,10000000.0,1744
30,19,1,2288,0.4168297504315713,True,,0.057641308169397866,ransac,18,False,False,E9|chir|False,10000000.0,1745
30,16,2,2288,0.5478534409247857,True,,0.05943469842587691,ransac,14,False,False,E9|chir|False,10000000.0,1746
30,17,1,2288,33.1463994824763,True,,0.05022429514210986,ransac,15,True,False,E9|chir|False,10000000.0,1747
30,16,0,2288,0.5003850382225856,True,,0.030410644684333646,ransac,15,False,False,E9|chir|False,10000000.0,1748
30,14,0,2288,0.20232011340111453,True,,0.01767007389831649,ransac,14,False,False,E9|chir|False,10000000.0,1749
30,18,1,2288,0.2724038585100453,True,,0.052544362768048324,ransac,17,False,False,E9|chir|False,10000000.0,1750
30,20,0,2288,0.3142018434286475,True,,0.029518555972173028,ransac,20,False,False,E9|chir|False,10000000.0,1751
30,17,0,2288,86.98899435885107,True,,0.04800356461189566,ransac,17,True,False,E9|chir|False,10000000.0,1752
30,18,1,2288,0.20117328235878726,True,,0.049005909428779144,ransac,17,False,False,E9|chir|False,10000000.0,1753
30,19,0,2288,0.32595273657027374,True,,0.04475838413292361,ransac,18,False,False,E9|chir|False,10000000.0,1754
30,19,1,2288,39.48420532140956,True,,0.043622325401713916,ransac,17,True,False,E9|chir|False,10000000.0,1755
30,17,1,2288,0.20946388432903368,True,,0.04660762005300741,ransac,16,False,False,E9|chir|False,10000000.0,1756
30,18,0,2288,21.594424369106356,True,,0.03700419867268546,ransac,17,True,False,E9|chir|False,10000000.0,1757
30,18,0,2288,0.6543376583164997,True,,0.04192481599617305,ransac,18,False,False,E9|chir|False,10000000.0,1758
30,16,0,2288,0.3520850671616738,True,,0.034285219924502834,ransac,16,False,False,E9|chir|False,10000000.0,1759
30,21,3,2288,0.5181051645913416,True,,0.06344963322516013,ransac,18,False,False,E9|chir|False,10000000.0,1760
30,18,1,2288,80.15791130451842,True,,0.03856137301671245,ransac,17,True,False,E9|chir|False,10000000.0,1761
30,15,2,2288,21.157716785166475,True,,0.05930312998054192,ransac,13,True,False,E9|chir|False,10000000.0,1762
30,16,0,2288,0.49235255980372983,True,,0.04686974044167464,ransac,16,False,False,E9|chir|False,10000000.0,1763
30,16,0,2288,0.5688697516519718,True,,0.03145111659780857,ransac,16,False,False,E9|chir|False,10000000.0,1764
30,19,0,2288,13.068036476487928,True,,0.04595378594475205,ransac,18,True,False,E9|chir|False,10000000.0,1765
30,16,0,2288,0.5347130752034673,True,,0.02554535846891793,ransac,15,False,False,E9|chir|False,10000000.0,1766
30,19,2,2288,0.4606627004776958,True,,0.04085249198674177,ransac,18,False,False,E9|chir|False,10000000.0,1767
30,17,2,2288,0.1617436098126172,True,,0.04617493826408919,ransac,15,False,False,E9|chir|False,10000000.0,1768
30,18,2,2288,0.45764920889149335,True,,0.048666865323434186,ransac,17,False,False,E9|chir|False,10000000.0,1769
30,18,2,2288,0.21895846532406038,True,,0.05477693615551004,ransac,18,False,False,E9|chir|False,10000000.0,1770
30,19,0,2288,0.3020304647964838,True,,0.049687411558985185,ransac,19,False,False,E9|chir|False,10000000.0,1771
30,15,1,2288,34.042271104226224,True,,0.04321114948502076,ransac,14,True,False,E9|chir|False,10000000.0,1772
30,18,2,2288,6.90163512578628,True,,0.05262040085319054,ransac,16,True,False,E9|chir|False,10000000.0,1773
30,16,1,2288,58.425414153363384,True,,0.056633803205250556,ransac,15,True,False,E9|chir|False,10000000.0,1774
30,17,0,2288,0.5626217413687132,True,,0.058575711618635756,ransac,17,False,False,E9|chir|False,10000000.0,1775
30,18,0,2288,76.09683408291278,True,,0.05188017358208489,ransac,17,True,False,E9|chir|False,10000000.0,1776
30,15,2,2288,97.71838177829939,True,,0.04247475558393983,ransac,15,True,False,E9|chir|False,10000000.0,1777
30,18,0,2288,0.5042928399135845,True,,0.0425119783390548,ransac,18,False,False,E9|chir|False,10000000.0,1778
30,17,3,2288,0.25979618054786446,True,,0.03348758404616036,ransac,15,False,False,E9|chir|False,10000000.0,1779
30,19,1,2288,0.4926006646961368,True,,0.05585239905753575,ransac,18,False,False,E9|chir|False,10000000.0,1780
30,19,0,2288,87.92444831032563,True,,0.03805816772403551,ransac,18,True,False,E9|chir|False,10000000.0,1781
30,18,0,2288,91.00149156064204,True,,0.04613277237284241,ransac,18,True,False,E9|chir|False,10000000.0,1782
30,19,2,2288,142.29755647428178,True,,0.05471924146385848,ransac,19,True,False,E9|chir|False,10000000.0,1783
30,17,2,2288,100.05323451554382,True,,0.03952848566345702,ransac,17,True,False,E9|chir|False,10000000.0,1784
30,18,1,2288,16.125278740436467,True,,0.04320595429618276,ransac,17,True,False,E9|chir|False,10000000.0,1785
30,17,0,2288,0.10494185807446657,True,,0.03735169840722802,ransac,17,False,False,E9|chir|False,10000000.0,1786
30,15,1,2288,0.2221383897947516,True,,0.051243583128276135,ransac,14,False,False,E9|chir|False,10000000.0,1787
30,18,2,2288,0.5439158989846617,True,,0.0598549330586656,ransac,18,False,False,E9|chir|False,10000000.0,1788
30,18,1,2288,39.6972951856901,True,,0.0442835637042016,ransac,17,True,False,E9|chir|False,10000000.0,1789
30,20,2,2288,0.5118828128931515,True,,0.05141099762753386,ransac,19,False,False,E9|chir|False,10000000.0,1790
30,17,2,2288,0.5497972416715583,True,,0.052909397140872394,ransac,13,False,False,E9|chir|False,10000000.0,1791
30,20,0,2288,0.4400260767361707,True,,0.04781990327214257,ransac,19,False,False,E9|chir|False,10000000.0,1792
30,15,1,2288,26.687281090990854,True,,0.03460523986710141,ransac,14,True,False,E9|chir|False,10000000.0,1793
30,13,0,2288,29.421333826903805,True,,0.03928837962430941,ransac,13,True,False,E9|chir|False,10000000.0,1794
30,16,1,2288,0.3770589674511717,True,,0.03770428628342926,ransac,15,False,False,E9|chir|False,10000000.0,1795
30,19,1,2288,165.56691262542896,True,,0.05593004634866394,ransac,18,True,False,E9|chir|False,10000000.0,1796
30,19,1,2288,88.46977458708912,True,,0.05372905103869205,ransac,18,True,False,E9|chir|False,10000000.0,1797
30,16,0,2288,92.56981511702193,True,,0.053944963843297965,ransac,16,True,False,E9|chir|False,10000000.0,1798
30,17,2,2288,36.53468466428564,True,,0.04126236413404135,ransac,15,True,False,E9|chir|False,10000000.0,1799
30,19,0,2288,0.30532923413504387,True,,0.04044255308773707,ransac,19,False,False,E9|chir|False,10000000.0,1800
30,18,1,2288,0.3695238388880253,True,,0.06007696416765431,ransac,15,True,False,E9|chir|False,10000000.0,1801
30,19,2,2288,0.693893967536365,True,,0.049445219214728345,ransac,16,False,False,E9|chir|False,10000000.0,1802
30,18,2,2288,0.5038430659352281,True,,0.045117538046748534,ransac,18,False,False,E9|chir|False,10000000.0,1803
30,18,1,2288,0.16346861361387083,True,,0.04824295566610892,ransac,17,False,False,E9|chir|False,10000000.0,1804
30,16,0,2288,0.4827540445769124,True,,0.03477159989707535,ransac,16,False,False,E9|chir|False,10000000.0,1805
30,18,1,2288,0.17081210595225066,True,,0.03216776111589535,ransac,17,False,False,E9|chir|False,10000000.0,1806
30,15,0,2288,91.05654824611753,True,,0.02514616922188587,ransac,15,True,False,E9|chir|False,10000000.0,1807
30,15,1,2288,95.82152800863929,True,,0.018589579925161404,ransac,14,True,False,E9|chir|False,10000000.0,1808
30,18,0,2288,90.63876451437343,True,,0.0320323798530566,ransac,18,True,False,E9|chir|False,10000000.0,1809
30,17,0,2288,96.46699872330953,True,,0.061355323429840444,ransac,17,True,False,E9|chir|False,10000000.0,1810
30,19,0,2288,0.18271665745659893,True,,0.05803344814670831,ransac,17,False,False,E9|chir|False,10000000.0,1811
30,19,0,2288,124.51703170633441,True,,0.05324641758743811,ransac,19,True,False,E9|chir|False,10000000.0,1812
30,19,3,2288,16.975031542114763,True,,0.03321028688518676,ransac,17,True,False,E9|chir|False,10000000.0,1813
30,16,0,2288,0.256610323374308,True,,0.0425464361369454,ransac,16,False,False,E9|chir|False,10000000.0,1814
30,15,1,2288,0.9136289405034346,True,,0.05439942609195516,ransac,14,False,False,E9|chir|False,10000000.0,1815
30,16,2,2288,146.72552323158303,True,,0.03985987157940297,ransac,14,True,False,E9|chir|False,10000000.0,1816
30,17,0,2288,87.92804840958753,True,,0.03773029215733455,ransac,17,True,False,E9|chir|False,10000000.0,1817
30,18,2,2288,0.11840537250210766,True,,0.020660964340547896,ransac,17,False,False,E9|chir|False,10000000.0,1818
30,15,0,2288,61.93873158320041,True,,0.05352341406239477,ransac,15,True,False,E9|chir|False,10000000.0,1819
30,17,2,2288,0.3884279883254074,True,,0.04805119370760041,ransac,15,False,False,E9|chir|False,10000000.0,1820
30,16,3,2288,0.9418175828527892,True,,0.039005309224553496,ransac,16,False,False,E9|chir|False,10000000.0,1821
30,18,1,2288,0.8800575603198899,True,,0.051019743014468016,ransac,17,False,False,E9|chir|False,10000000.0,1822
30,18,0,2288,0.2846114044203024,True,,0.03398350342198441,ransac,18,False,False,E9|chir|False,10000000.0,1823
30,19,2,2288,0.5360097339869173,True,,0.03847542255430637,ransac,19,False,False,E9|chir|False,10000000.0,1824
30,16,0,2288,0.054200560932972645,True,,0.048201775580635535,ransac,16,False,False,E9|chir|False,10000000.0,1825
30,18,0,2288,7.8776601691286325,True,,0.04991545650208594,ransac,17,True,False,E9|chir|False,10000000.0,1826
30,17,1,2288,111.89518959375746,True,,0.03209185121136376,ransac,16,True,False,E9|chir|False,10000000.0,1827
30,17,0,2288,142.54572745500843,True,,0.055315488049993644,ransac,17,True,False,E9|chir|False,10000000.0,1828
30,17,1,2288,0.29928555711842336,True,,0.029699192367050393,ransac,16,False,False,E9|chir|False,10000000.0,1829
30,18,1,2288,0.1287814830170975,True,,0.05426492596101246,ransac,15,False,False,E9|chir|False,10000000.0,1830
30,16,0,2288,30.373988123354888,True,,0.041669998385123884,ransac,16,True,False,E9|chir|False,10000000.0,1831
30,20,1,2288,0.1385234665688171,True,,0.05165274358428244,ransac,19,False,False,E9|chir|False,10000000.0,1832
30,18,1,2288,25.67939394613707,True,,0.049209489398960624,ransac,17,True,False,E9|chir|False,10000000.0,1833
30,20,1,2288,22.064268062008445,True,,0.05753026142043384,ransac,19,True,False,E9|chir|False,10000000.0,1834
30,19,1,2288,0.4942969022402798,True,,0.04397262839872543,ransac,17,False,False,E9|chir|False,10000000.0,1835
30,15,1,2288,0.3173474794763904,True,,0.04312266669659783,ransac,14,False,False,E9|chir|False,10000000.0,1836
30,19,0,2288,0.18381562788814843,True,,0.04055987614905843,ransac,19,False,False,E9|chir|False,10000000.0,1837
30,16,1,2288,0.22123364951481422,True,,0.03347603163759789,ransac,15,False,False,E9|chir|False,10000000.0,1838
30,16,1,2288,29.563005066228975,True,,0.03679151028029295,ransac,15,True,False,E9|chir|False,10000000.0,1839
30,18,1,2288,0.20042372554322907,True,,0.04825252714943473,ransac,17,False,False,E9|chir|False,10000000.0,1840
30,17,0,2288,0.36709346993107217,True,,0.040442164046990824,ransac,17,False,False,E9|chir|False,10000000.0,1841
30,16,0,2288,0.9608098098774618,True,,0.045158872766344116,ransac,16,False,False,E9|chir|False,10000000.0,1842
30,19,0,2288,57.398301505088654,True,,0.04989607311315039,ransac,19,True,False,E9|chir|False,10000000.0,1843
30,16,0,2288,63.69390168118997,True,,0.037828556016731074,ransac,16,True,False,E9|chir|False,10000000.0,1844
30,19,1,2288,32.69654840426679,True,,0.03248767522502505,ransac,18,True,False,E9|chir|False,10000000.0,1845
30,18,2,2288,101.02272618442652,True,,0.053106689142063235,ransac,18,True,False,E9|chir|False,10000000.0,1846
30,15,1,2288,118.34252300167307,True,,0.04562950505882669,ransac,15,True,False,E9|chir|False,10000000.0,1847
30,19,0,2288,0.02643937921933314,True,,0.06625013633651464,ransac,19,False,False,E9|chir|False,10000000.0,1848
30,16,1,2288,0.06966761125356419,True,,0.02254762883240198,ransac,15,False,False,E9|chir|False,10000000.0,1849
30,16,0,2288,0.5020776584124139,True,,0.057909403678946744,ransac,16,False,False,E9|chir|False,10000000.0,1850
30,20,1,2288,0.3389599277459277,True,,0.04773890329520789,ransac,19,False,False,E9|chir|False,10000000.0,1851
30,15,1,2288,0.71789052727201,True,,0.022539037347748134,ransac,13,False,False,E9|chir|False,10000000.0,1852
30,19,1,2288,116.93094895254772,True,,0.06906268332660423,ransac,18,True,False,E9|chir|False,10000000.0,1853
30,21,1,2288,0.3519296201876988,True,,0.040709895442627306,ransac,19,False,False,E9|chir|False,10000000.0,1854
30,15,1,2288,0.5745516561645191,True,,0.04665458936817989,ransac,14,False,False,E9|chir|False,10000000.0,1855
30,17,2,2288,65.28388059170875,True,,0.03731937042731265,ransac,15,True,False,E9|chir|False,10000000.0,1856
30,15,3,2288,0.7253483854098768,True,,0.039647273230539556,ransac,13,False,False,E9|chir|False,10000000.0,1857
30,20,1,2288,36.29574681272672,True,,0.04347380763745662,ransac,19,True,False,E9|chir|False,10000000.0,1858
30,16,0,2288,0.5045127932570035,True,,0.04011168054903056,ransac,16,False,False,E9|chir|False,10000000.0,1859
30,16,2,2288,7.6397598520264705,True,,0.03558238446988136,ransac,14,True,False,E9|chir|False,10000000.0,1860
30,19,1,2288,30.09329219411504,True,,0.07198556370789072,ransac,18,True,False,E9|chir|False,10000000.0,1861
30,18,0,2288,108.03212363546434,True,,0.06496858011371444,ransac,18,True,False,E9|chir|False,10000000.0,1862
30,19,0,2288,45.262969349399185,True,,0.03971872228903075,ransac,19,True,False,E9|chir|False,10000000.0,1863
30,17,1,2288,0.12516796401408387,True,,0.03512313888024619,ransac,16,False,False,E9|chir|False,10000000.0,1864
30,17,0,2288,0.6975524946172011,True,,0.0401789953890304,ransac,17,False,False,E9|chir|False,10000000.0,1865
30,17,1,2288,0.6846589450132832,True,,0.04664567848257911,ransac,16,False,False,E9|chir|False,10000000.0,1866
30,17,0,2288,59.290861343203765,True,,0.036070049780265546,ransac,16,True,False,E9|chir|False,10000000.0,1867
30,16,0,2288,0.6010004237926639,True,,0.0425804141243717,ransac,16,False,False,E9|chir|False,10000000.0,1868
30,17,1,2288,5.550245631851277,True,,0.0420817543920972,ransac,16,True,False,E9|chir|False,10000000.0,1869
30,18,1,2288,0.2668107915967142,True,,0.06355057819225317,ransac,17,False,False,E9|chir|False,10000000.0,1870
30,18,0,2288,74.47378053076285,True,,0.06030301956934169,ransac,18,True,False,E9|chir|False,10000000.0,1871
30,18,2,2288,0.46659107327748084,True,,0.05540182230305704,ransac,18,False,False,E9|chir|False,10000000.0,1872
30,19,1,2288,0.32854711236779915,True,,0.03557412749278887,ransac,18,False,False,E9|chir|False,10000000.0,1873
30,16,2,2288,41.357372991114396,True,,0.02944210819856118,ransac,16,True,False,E9|chir|False,10000000.0,1874
30,18,1,2288,21.32717781794463,True,,0.035978410656702854,ransac,17,True,False,E9|chir|False,10000000.0,1875
30,18,0,2288,130.18587380347589,True,,0.056896705151163976,ransac,18,True,False,E9|chir|False,10000000.0,1876
30,19,1,2288,1.9518360484276587,True,,0.056018551053236824,ransac,17,True,False,E9|chir|False,10000000.0,1877
30,17,0,2288,12.823470819611003,True,,0.04397774174791176,ransac,17,True,False,E9|chir|False,10000000.0,1878
30,16,1,2288,0.45670407746996255,True,,0.058639770360788934,ransac,15,False,False,E9|chir|False,10000000.0,1879
30,17,1,2288,135.71622305413146,True,,0.059814241249394905,ransac,16,True,False,E9|chir|False,10000000.0,1880
30,19,0,2288,0.07175533999366533,True,,0.06367439177091883,ransac,19,False,False,E9|chir|False,10000000.0,1881
30,15,0,2288,80.4148550899727,True,,0.03449350522632493,ransac,15,True,False,E9|chir|False,10000000.0,1882
30,15,0,2288,0.31870242355588746,True,,0.024379974456972417,ransac,15,False,False,E9|chir|False,10000000.0,1883
30,17,0,2288,12.61166591892628,True,,0.03219181184392333,ransac,17,True,False,E9|chir|False,10000000.0,1884
30,18,1,2288,0.2644017805061732,True,,0.04010295688908377,ransac,16,False,False,E9|chir|False,10000000.0,1885
30,18,0,2288,96.52257599715932,True,,0.051570208061607906,ransac,18,True,False,E9|chir|False,10000000.0,1886
30,15,2,2288,0.6315087330074692,True,,0.04543499956487209,ransac,12,False,False,E9|chir|False,10000000.0,1887
30,20,1,2288,0.39386175725008793,True,,0.033350121349032244,ransac,19,False,False,E9|chir|False,10000000.0,1888
30,18,5,2288,1.3970872025203636,True,,0.06950123609265803,ransac,14,False,False,E9|chir|False,10000000.0,1889
30,17,3,2288,0.7051659587430441,True,,0.06537019151125265,ransac,15,False,False,E9|chir|False,10000000.0,1890
30,18,1,2288,0.5636893067097476,True,,0.0527129218371187,ransac,17,False,False,E9|chir|False,10000000.0,1891
30,19,0,2288,0.34221731234996744,True,,0.06156607845658043,ransac,19,False,False,E9|chir|False,10000000.0,1892
30,18,0,2288,5.638411458509833,True,,0.06546933835613276,ransac,18,True,False,E9|chir|False,10000000.0,1893
30,18,0,2288,88.56883992314421,True,,0.037832830341388186,ransac,17,True,False,E9|chir|False,10000000.0,1894
30,18,0,2288,60.06558163364435,True,,0.061449374370401,ransac,17,True,False,E9|chir|False,10000000.0,1895
30,15,1,2288,72.33916703201724,True,,0.044255979798209444,ransac,14,True,False,E9|chir|False,10000000.0,1896
30,17,2,2288,1.9797354447919966,True,,0.057784125883084965,ransac,15,True,False,E9|chir|False,10000000.0,1897
30,18,0,2288,0.7103785080615498,True,,0.041574373232262776,ransac,17,False,False,E9|chir|False,10000000.0,1898
30,19,0,2288,0.4569191347425829,True,,0.05150011315120244,ransac,19,False,False,E9|chir|False,10000000.0,1899
30,18,2,2288,20.420026538713852,True,,0.043291635966341904,ransac,18,True,False,E9|chir|False,10000000.0,1900
30,17,2,2288,63.009083303247685,True,,0.03677944584596145,ransac,17,True,False,E9|chir|False,10000000.0,1901
30,17,1,2288,0.31611865193261773,True,,0.047455713316497686,ransac,16,False,False,E9|chir|False,10000000.0,1902
30,16,0,2288,0.24614261727025039,True,,0.03640537816024188,ransac,16,False,False,E9|chir|False,10000000.0,1903
30,18,3,2288,0.9291330492232033,True,,0.04961477545960558,ransac,16,False,False,E9|chir|False,10000000.0,1904
30,15,0,2288,121.72176866047803,True,,0.04856290675957687,ransac,15,True,False,E9|chir|False,10000000.0,1905
30,17,0,2288,0.3473584552462996,True,,0.04449250052141962,ransac,17,False,False,E9|chir|False,10000000.0,1906
30,16,1,2288,0.27316072642031575,True,,0.04269036963558653,ransac,15,True,False,E9|chir|False,10000000.0,1907
30,17,1,2288,83.14217010172807,True,,0.03548450675467593,ransac,15,True,False,E9|chir|False,10000000.0,1908
30,19,0,2288,0.33326060789778095,True,,0.06782296188492101,ransac,19,False,False,E9|chir|False,10000000.0,1909
30,19,0,2288,96.51617786031645,True,,0.04147087145386372,ransac,19,True,False,E9|chir|False,10000000.0,1910
30,17,2,2288,0.2096537124010472,True,,0.03731354310670256,ransac,17,False,False,E9|chir|False,10000000.0,1911
30,20,2,2288,0.3936535609898591,True,,0.028641588518865932,ransac,18,False,False,E9|chir|False,10000000.0,1912
30,14,1,2288,95.75001708875465,True,,0.04568087154616729,ransac,12,True,False,E9|chir|False,10000000.0,1913
30,19,0,2288,0.35738757816547934,True,,0.04796134093522702,ransac,19,False,False,E9|chir|False,10000000.0,1914
30,17,1,2288,16.037551655135182,True,,0.03320990891974115,ransac,16,True,False,E9|chir|False,10000000.0,1915
30,18,1,2288,0.19388195362898952,True,,0.039709247864342136,ransac,17,False,False,E9|chir|False,10000000.0,1916
30,20,1,2288,151.23654114703095,True,,0.03563542984977642,ransac,18,True,False,E9|chir|False,10000000.0,1917
30,16,1,2288,91.63630958351061,True,,0.04158070607875805,ransac,15,True,False,E9|chir|False,10000000.0,1918
30,19,1,2288,0.3437497985984311,True,,0.04660324626374292,ransac,18,False,False,E9|chir|False,10000000.0,1919
30,17,1,2288,0.5167680338077856,True,,0.028665077617300385,ransac,16,False,False,E9|chir|False,10000000.0,1920
30,17,1,2288,0.4870586908419514,True,,0.05199293978328743,ransac,16,False,False,E9|chir|False,10000000.0,1921
30,18,1,2288,0.26362221327950297,True,,0.048342795991095734,ransac,16,False,False,E9|chir|False,10000000.0,1922
30,18,1,2288,0.8098568733126623,True,,0.027430613432219326,ransac,17,False,False,E9|chir|False,10000000.0,1923
30,18,1,2288,0.4806719921470449,True,,0.057393834059471203,ransac,17,False,False,E9|chir|False,10000000.0,1924
30,19,1,2288,10.218806398312637,True,,0.03443583571617194,ransac,18,True,False,E9|chir|False,10000000.0,1925
30,16,0,2288,0.6047683827256425,True,,0.04934419024460216,ransac,16,False,False,E9|chir|False,10000000.0,1926
30,19,2,2288,0.21134152455695054,True,,0.04051206881137193,ransac,19,False,False,E9|chir|False,10000000.0,1927
30,18,1,2288,56.94139665853067,True,,0.052847698291356805,ransac,17,True,False,E9|chir|False,10000000.0,1928
30,19,2,2288,161.3611526077569,True,,0.06774829614899089,ransac,19,True,False,E9|chir|False,10000000.0,1929
30,18,2,2288,52.730163656656984,True,,0.05046285144893445,ransac,18,True,False,E9|chir|False,10000000.0,1930
30,18,0,2288,1.7804965081074615,True,,0.052056359326965486,ransac,18,True,False,E9|chir|False,10000000.0,1931
30,18,1,2288,19.02437128624938,True,,0.05991749382338852,ransac,17,True,False,E9|chir|False,10000000.0,1932
30,19,0,2288,63.51421774702161,True,,0.04912147653594695,ransac,18,True,False,E9|chir|False,10000000.0,1933
30,19,1,2288,0.05547882284218132,True,,0.04716570751236041,ransac,18,False,False,E9|chir|False,10000000.0,1934
30,17,0,2288,0.41612551703476197,True,,0.0513573829155642,ransac,17,False,False,E9|chir|False,10000000.0,1935
30,18,0,2288,0.2396342394993475,True,,0.04044913258854815,ransac,18,False,False,E9|chir|False,10000000.0,1936
30,18,1,2288,0.5243320339527114,True,,0.052241150393648086,ransac,17,False,False,E9|chir|False,10000000.0,1937
30,20,1,2288,0.33978777915236513,True,,0.04535558118621403,ransac,18,False,False,E9|chir|False,10000000.0,1938
30,18,1,2288,71.38050307902732,True,,0.03838818167138139,ransac,17,True,False,E9|chir|False,10000000.0,1939
30,15,2,2288,0.29946392737666105,True,,0.042079101931102925,ransac,15,False,False,E9|chir|False,10000000.0,1940
30,17,0,2288,0.3133238863527627,True,,0.057171678477972436,ransac,17,False,False,E9|chir|False,10000000.0,1941
30,20,3,2288,56.46701391336383,True,,0.06926137748317013,ransac,18,True,False,E9|chir|False,10000000.0,1942
30,20,2,2288,0.5215810088495899,True,,0.05161727175512625,ransac,20,False,False,E9|chir|False,10000000.0,1943
30,18,1,2288,0.2306531893909914,True,,0.045028932238619646,ransac,17,False,False,E9|chir|False,10000000.0,1944
30,16,0,2288,0.8437234771377013,True,,0.047938739467710274,ransac,16,False,False,E9|chir|False,10000000.0,1945
30,19,1,2288,46.41271594225439,True,,0.03823131211286605,ransac,17,True,False,E9|chir|False,10000000.0,1946
30,17,0,2288,92.35167038051047,True,,0.03665036592822853,ransac,17,True,False,E9|chir|False,10000000.0,1947
30,18,0,2288,0.3800867922132519,True,,0.05433686628351208,ransac,18,False,False,E9|chir|False,10000000.0,1948
30,19,0,2288,0.32460524932891716,True,,0.0583701695292741,ransac,19,False,False,E9|chir|False,10000000.0,1949
30,16,1,2288,9.226448143180935,True,,0.03231512989763889,ransac,15,True,False,E9|chir|False,10000000.0,1950
30,16,0,2288,50.819407725993514,True,,0.056855686640441834,ransac,16,True,False,E9|chir|False,10000000.0,1951
30,19,0,2288,146.52054113781904,True,,0.05914573021408538,ransac,19,True,False,E9|chir|False,10000000.0,1952
30,13,0,2288,0.3369033798251374,True,,0.030208562184601963,ransac,13,False,False,E9|chir|False,10000000.0,1953
30,19,2,2288,0.5898777354082315,True,,0.04724005959750911,ransac,17,False,False,E9|chir|False,10000000.0,1954
30,17,0,2288,0.18638343302144608,True,,0.052938992455381785,ransac,17,False,False,E9|chir|False,10000000.0,1955
30,17,1,2288,55.18646997147317,True,,0.03217801358053977,ransac,16,True,False,E9|chir|False,10000000.0,1956
30,19,1,2288,0.2854243509945695,True,,0.06027910697956009,ransac,19,False,False,E9|chir|False,10000000.0,1957
30,15,0,2288,0.6625302868852306,True,,0.05839713880899072,ransac,15,False,False,E9|chir|False,10000000.0,1958
30,19,2,2288,0.24552680333796717,True,,0.031177288138207304,ransac,17,False,False,E9|chir|False,10000000.0,1959
30,15,0,2288,0.4820310968219499,True,,0.0456043885822954,ransac,15,False,False,E9|chir|False,10000000.0,1960
30,19,0,2288,12.110051246675228,True,,0.057057394353243016,ransac,19,True,False,E9|chir|False,10000000.0,1961
30,15,0,2288,85.24470201971303,True,,0.029159757035484568,ransac,15,True,False,E9|chir|False,10000000.0,1962
30,17,0,2288,0.4251650135252313,True,,0.03791049550949644,ransac,17,False,False,E9|chir|False,10000000.0,1963
30,17,0,2288,50.317766264851606,True,,0.05849097033841371,ransac,16,True,False,E9|chir|False,10000000.0,1964
30,19,2,2288,30.449256492276692,True,,0.041773333633128226,ransac,17,True,False,E9|chir|False,10000000.0,1965
30,18,2,2288,0.37937245961299304,True,,0.0571873086963744,ransac,17,False,False,E9|chir|False,10000000.0,1966
30,19,0,2288,0.41927921054156847,True,,0.05209508981625753,ransac,18,False,False,E9|chir|False,10000000.0,1967
30,15,0,2288,0.7331399883601778,True,,0.045738975766540936,ransac,15,False,False,E9|chir|False,10000000.0,1968
30,16,0,2288,0.3255379067187742,True,,0.022193569328997746,ransac,15,False,False,E9|chir|False,10000000.0,1969
30,15,1,2288,130.8764374592133,True,,0.029888783890813148,ransac,14,True,False,E9|chir|False,10000000.0,1970
30,15,0,2288,137.413545769258,True,,0.03398596372319297,ransac,14,True,False,E9|chir|False,10000000.0,1971
30,18,2,2288,0.22307856835228224,True,,0.04541697771406525,ransac,18,False,False,E9|chir|False,10000000.0,1972
30,18,0,2288,0.4238313101154907,True,,0.04115498064258034,ransac,18,False,False,E9|chir|False,10000000.0,1973
30,16,3,2288,0.29787565258996657,True,,0.04792369626181362,ransac,14,False,False,E9|chir|False,10000000.0,1974
30,18,1,2288,57.28469224836247,True,,0.05965819864726487,ransac,16,True,False,E9|chir|False,10000000.0,1975
30,17,2,2288,93.11881182420217,True,,0.04645015933910103,ransac,15,True,False,E9|chir|False,10000000.0,1976
30,18,0,2288,56.27237006841447,True,,0.03839925382876652,ransac,18,True,False,E9|chir|False,10000000.0,1977
30,19,0,2288,0.4235962746524,True,,0.061173178635069395,ransac,19,False,False,E9|chir|False,10000000.0,1978
30,18,3,2288,109.88192091777134,True,,0.030909083720614215,ransac,15,True,False,E9|chir|False,10000000.0,1979
30,18,1,2288,0.6695657765591687,True,,0.035734477526176506,ransac,18,False,False,E9|chir|False,10000000.0,1980
30,17,4,2288,0.5142760710097407,True,,0.04226149003160038,ransac,17,False,False,E9|chir|False,10000000.0,1981
30,18,2,2288,0.4563402708135517,True,,0.028589880564111672,ransac,16,False,False,E9|chir|False,10000000.0,1982
30,14,1,2288,17.37250940743365,True,,0.031026798528307132,ransac,13,True,False,E9|chir|False,10000000.0,1983
30,18,2,2288,0.24921442027368418,True,,0.04042564538794628,ransac,16,False,False,E9|chir|False,10000000.0,1984
30,17,0,2288,36.59133907531988,True,,0.04240351771845182,ransac,17,True,False,E9|chir|False,10000000.0,1985
30,17,2,2288,0.5526574061178734,True,,0.04270504053415841,ransac,14,False,False,E9|chir|False,10000000.0,1986
30,14,0,2288,0.7428441453394122,True,,0.04947624585273319,ransac,14,False,False,E9|chir|False,10000000.0,1987
30,18,1,2288,34.803391863277696,True,,0.047255365151544285,ransac,17,True,False,E9|chir|False,10000000.0,1988
30,18,1,2288,46.72882500329028,True,,0.049819936550541184,ransac,17,True,False,E9|chir|False,10000000.0,1989
30,16,1,2288,65.55393480423662,True,,0.04157790700570375,ransac,14,True,False,E9|chir|False,10000000.0,1990
30,17,0,2288,0.7404893701932312,True,,0.04841266938675492,ransac,17,False,False,E9|chir|False,10000000.0,1991
30,19,2,2288,0.2755661019248986,True,,0.042569971640898534,ransac,17,False,False,E9|chir|False,10000000.0,1992
30,20,1,2288,134.0899279757529,True,,0.05659804088109532,ransac,18,True,False,E9|chir|False,10000000.0,1993
30,16,0,2288,0.6587549517841649,True,,0.04290381674692176,ransac,16,False,False,E9|chir|False,10000000.0,1994
30,18,0,2288,0.6311862895645405,True,,0.05829975420500417,ransac,18,False,False,E9|chir|False,10000000.0,1995
30,17,2,2288,96.085779425326,True,,0.0522456367762484,ransac,16,True,False,E9|chir|False,10000000.0,1996
30,15,1,2288,50.79583909879411,True,,0.0509974633183572,ransac,14,True,False,E9|chir|False,10000000.0,1997
30,20,1,2288,120.65088549649195,True,,0.051568323386575396,ransac,18,True,False,E9|chir|False,10000000.0,1998
30,19,2,2288,0.1716603564871518,True,,0.036756318747117524,ransac,17,False,False,E9|chir|False,10000000.0,1999
30,17,0,3232,0.2628982160165228,True,,0.04412835499059929,ransac,17,False,True,E9|chir|True,10000000.0,0
30,18,0,3280,0.3608270428833125,True,,0.034733792697048606,ransac,18,False,True,E9|chir|True,10000000.0,1
30,18,2,3248,0.31395035977800034,True,,0.0434284026687221,ransac,16,False,True,E9|chir|True,10000000.0,2
30,17,1,3296,0.9530449081682002,True,,0.051693487794044264,ransac,16,False,True,E9|chir|True,10000000.0,3
30,19,2,3264,1.4390013794110705,True,,0.06865627479726567,ransac,18,False,True,E9|chir|True,10000000.0,4
30,16,1,3280,0.17728419875289317,True,,0.04661846671783184,ransac,15,False,True,E9|chir|True,10000000.0,5
30,16,0,3328,0.34641082146065444,True,,0.0305070706343582,ransac,16,False,True,E9|chir|True,10000000.0,6
30,16,0,3296,0.5129747781106406,True,,0.03822310100297718,ransac,16,False,True,E9|chir|True,10000000.0,7
30,16,1,3248,1.0463928960492208,True,,0.043665481078810915,ransac,15,False,True,E9|chir|True,10000000.0,8
30,17,1,3248,0.2697000304013831,True,,0.03806465295319961,ransac,16,False,True,E9|chir|True,10000000.0,9
30,16,0,3296,0.1550482115433457,True,,0.0392807507677608,ransac,16,False,True,E9|chir|True,10000000.0,10
30,18,2,3280,0.4632629527555444,True,,0.06308652026117409,ransac,18,False,True,E9|chir|True,10000000.0,11
30,18,0,3248,0.7584358115782253,True,,0.04980480304208115,ransac,18,False,True,E9|chir|True,10000000.0,12
30,17,3,3296,0.15900947047890074,True,,0.03390494335553812,ransac,17,False,True,E9|chir|True,10000000.0,13
30,18,0,3312,0.4439888194652335,True,,0.053373078282337685,ransac,18,False,True,E9|chir|True,10000000.0,14
30,16,1,3280,0.8684559196484386,True,,0.05352334123475285,ransac,14,False,True,E9|chir|True,10000000.0,15
30,20,2,3296,0.5127531785900153,True,,0.05730444786090583,ransac,20,False,True,E9|chir|True,10000000.0,16
30,14,0,3280,0.6938223073611829,True,,0.02385234514898919,ransac,14,False,True,E9|chir|True,10000000.0,17
30,18,2,3280,0.523579791634976,True,,0.03814149408204313,ransac,18,False,True,E9|chir|True,10000000.0,18
30,18,1,3280,0.23599522657525898,True,,0.05445293835506466,ransac,16,False,True,E9|chir|True,10000000.0,19
30,17,0,3312,0.40124190286020406,True,,0.035513876928536546,ransac,17,False,True,E9|chir|True,10000000.0,20
30,16,0,3280,0.5272266885200635,True,,0.05036166798388304,ransac,16,False,True,E9|chir|True,10000000.0,21
30,16,0,3312,0.23362606773991815,True,,0.04182580793638103,ransac,16,False,True,E9|chir|True,10000000.0,22
30,18,2,3264,0.04545249723762739,True,,0.02700623858778533,ransac,18,False,True,E9|chir|True,10000000.0,23
30,14,1,3296,0.3155304376949932,True,,0.02914449102369571,ransac,13,False,True,E9|chir|True,10000000.0,24
30,21,0,3280,0.21794462608311835,True,,0.049865870753159916,ransac,20,False,True,E9|chir|True,10000000.0,25
30,20,2,3264,0.5822733249102867,True,,0.05144568517594023,ransac,18,False,True,E9|chir|True,10000000.0,26
30,17,0,3280,0.5800265213430804,True,,0.051816838039888534,ransac,17,False,True,E9|chir|True,10000000.0,27
30,17,1,3312,0.2785650656105182,True,,0.043288085202959355,ransac,16,False,True,E9|chir|True,10000000.0,28
30,18,3,3296,0.23452737117112915,True,,0.0371499540741291,ransac,15,False,True,E9|chir|True,10000000.0,29
30,17,1,3312,0.9849435418827723,True,,0.03704261885403102,ransac,15,False,True,E9|chir|True,10000000.0,30
30,21,1,3312,0.5014304709584689,True,,0.06375979515441488,ransac,20,False,True,E9|chir|True,10000000.0,31
30,19,1,3280,0.5672252618826743,True,,0.06141819353826352,ransac,18,False,True,E9|chir|True,10000000.0,32
30,19,1,3264,0.9029990166746164,True,,0.04984447982699285,ransac,18,False,True,E9|chir|True,10000000.0,33
30,16,1,3280,0.4637218436685286,True,,0.04192337684129938,ransac,15,False,True,E9|chir|True,10000000.0,34
30,19,3,3312,0.8076293371552088,True,,0.03416703864644001,ransac,17,False,True,E9|chir|True,10000000.0,35
30,19,2,3280,0.5374261644679607,True,,0.07461010705863469,ransac,18,False,True,E9|chir|True,10000000.0,36
30,15,0,3264,0.6518495546451453,True,,0.050158016949989635,ransac,15,False,True,E9|chir|True,10000000.0,37
30,20,1,3296,0.6847459257306974,True,,0.06451428074893943,ransac,19,False,True,E9|chir|True,10000000.0,38
30,19,0,3280,0.6421221563933907,True,,0.05056820911873174,ransac,19,False,True,E9|chir|True,10000000.0,39
30,18,0,3296,0.7512883307036694,True,,0.06111969440643977,ransac,18,False,True,E9|chir|True,10000000.0,40
30,21,2,3296,0.25005139398398135,True,,0.058948163454946446,ransac,20,False,True,E9|chir|True,10000000.0,41
30,18,1,3264,0.23822604934543734,True,,0.04827281415730125,ransac,17,False,True,E9|chir|True,10000000.0,42
30,16,1,3312,0.35665506132452446,True,,0.040820372125902074,ransac,15,False,True,E9|chir|True,10000000.0,43
30,17,0,3296,0.3357985180594033,True,,0.04078086897821547,ransac,16,False,True,E9|chir|True,10000000.0,44
30,14,2,3280,0.6555383160021464,True,,0.04041117456935508,ransac,12,False,True,E9|chir|True,10000000.0,45
30,19,2,3280,0.6281360673091,True,,0.04983537731401545,ransac,19,False,True,E9|chir|True,10000000.0,46
30,16,0,3312,0.5355768186103242,True,,0.037544391208278106,ransac,16,False,True,E9|chir|True,10000000.0,47
30,16,1,3312,0.5839291518040008,True,,0.041883099969152876,ransac,15,False,True,E9|chir|True,10000000.0,48
30,19,0,3312,0.6472485941618423,True,,0.052615849075177044,ransac,19,False,True,E9|chir|True,10000000.0,49
30,19,0,3312,0.4136886165319616,True,,0.04704555131957088,ransac,19,False,True,E9|chir|True,10000000.0,50
30,16,0,3248,0.6953688026224727,True,,0.04540299687212337,ransac,16,False,True,E9|chir|True,10000000.0,51
30,15,0,3280,0.21196991277601662,True,,0.035019087744210475,ransac,15,False,True,E9|chir|True,10000000.0,52
30,16,1,3312,0.6517973927398059,True,,0.0418625595536386,ransac,15,False,True,E9|chir|True,10000000.0,53
30,16,2,3280,0.5454215058906674,True,,0.02037890387897166,ransac,16,False,True,E9|chir|True,10000000.0,54
30,18,1,3280,0.4340393158005968,True,,0.03891944169922339,ransac,17,False,True,E9|chir|True,10000000.0,55
30,18,0,3232,0.24761761706307533,True,,0.04735818921197642,ransac,18,False,True,E9|chir|True,10000000.0,56
30,19,1,3296,0.1384169387529269,True,,0.05640011115621513,ransac,18,False,True,E9|chir|True,10000000.0,57
30,19,0,3296,0.612775478923605,True,,0.040657287968000666,ransac,19,False,True,E9|chir|True,10000000.0,58
30,18,0,3296,0.5715223586278175,True,,0.07797783282252607,ransac,18,False,True,E9|chir|True,10000000.0,59
30,16,1,3280,0.6481265926506941,True,,0.05553215738757903,ransac,15,False,True,E9|chir|True,10000000.0,60
30,17,1,3200,0.4025474693659085,True,,0.041162567187202646,ransac,16,False,True,E9|chir|True,10000000.0,61
30,17,0,3232,0.3932359706256382,True,,0.04745551483658363,ransac,17,False,True,E9|chir|True,10000000.0,62
30,15,1,3264,1.258718502178609,True,,0.0318075845213917,ransac,14,False,True,E9|chir|True,10000000.0,63
30,20,0,3232,0.5877984349134887,True,,0.0545846754817067,ransac,20,False,True,E9|chir|True,10000000.0,64
30,19,1,3248,0.397615575801937,True,,0.054155829759469455,ransac,17,False,True,E9|chir|True,10000000.0,65
30,19,0,3280,0.3937507770620182,True,,0.05333756421927511,ransac,19,False,True,E9|chir|True,10000000.0,66
30,19,1,3280,0.3226060296340197,True,,0.04506366378127636,ransac,18,False,True,E9|chir|True,10000000.0,67
30,17,0,3280,0.24121957913038147,True,,0.04154684495162906,ransac,17,False,True,E9|chir|True,10000000.0,68
30,17,2,3312,0.7459976780468051,True,,0.042930327386654595,ransac,14,False,True,E9|chir|True,10000000.0,69
30,19,1,3280,0.6649381483067371,True,,0.05023939182372158,ransac,18,False,True,E9|chir|True,10000000.0,70
30,15,1,3264,0.5059316836245519,True,,0.03185676075140721,ransac,14,False,True,E9|chir|True,10000000.0,71
30,19,1,3280,0.5607385789460552,True,,0.058991719157577324,ransac,18,False,True,E9|chir|True,10000000.0,72
30,17,0,3264,0.5050886918546579,True,,0.06837146697961773,ransac,17,False,True,E9|chir|True,10000000.0,73
30,17,1,3264,0.6597748867121181,True,,0.03361352266242047,ransac,17,False,True,E9|chir|True,10000000.0,74
30,18,0,3280,0.20352635171101385,True,,0.04586663331883754,ransac,17,False,True,E9|chir|True,10000000.0,75
30,15,1,3232,0.2719917490556261,True,,0.049906652959320924,ransac,13,False,True,E9|chir|True,10000000.0,76
30,15,1,3232,0.34743152887177875,True,,0.04636466716331039,ransac,14,False,True,E9|chir|True,10000000.0,77
30,19,2,3296,0.7193190646213679,True,,0.04696871002064773,ransac,19,False,True,E9|chir|True,10000000.0,78
30,18,3,3280,1.2058729084760353,True,,0.04913592558481888,ransac,16,False,True,E9|chir|True,10000000.0,79
30,17,2,3312,0.5728787754386808,True,,0.04836697024374421,ransac,14,False,True,E9|chir|True,10000000.0,80
30,14,1,3328,0.7836004530489394,True,,0.05211603944223168,ransac,13,False,True,E9|chir|True,10000000.0,81
30,17,1,3280,0.44631537154923917,True,,0.05078770440597368,ransac,16,False,True,E9|chir|True,10000000.0,82
30,17,0,3296,0.5915232353867028,True,,0.036377300379058015,ransac,16,False,True,E9|chir|True,10000000.0,83
30,15,0,3312,0.4526926822633788,True,,0.0374303607798284,ransac,15,False,True,E9|chir|True,10000000.0,84
30,18,0,3296,0.2766869572704017,True,,0.029359852200257854,ransac,18,False,True,E9|chir|True,10000000.0,85
30,19,0,3312,0.4343461341333085,True,,0.04660874680197371,ransac,18,False,True,E9|chir|True,10000000.0,86
30,17,1,3232,0.6907443123947298,True,,0.05530076968411656,ransac,16,False,True,E9|chir|True,10000000.0,87
30,16,1,3248,0.3723380498636521,True,,0.022956139848874214,ransac,15,False,True,E9|chir|True,10000000.0,88
30,20,1,3280,0.7216446054253645,True,,0.05837880448115756,ransac,19,False,True,E9|chir|True,10000000.0,89
30,17,1,3264,0.5733061717496492,True,,0.04960489411787518,ransac,15,False,True,E9|chir|True,10000000.0,90
30,15,1,3264,0.24351506956134822,True,,0.020758926762999844,ransac,14,False,True,E9|chir|True,10000000.0,91
30,17,0,3296,0.43067593466920223,True,,0.07063095712835046,ransac,17,False,True,E9|chir|True,10000000.0,92
30,17,1,3264,0.2088586796118015,True,,0.0574727368555463,ransac,15,False,True,E9|chir|True,10000000.0,93
30,17,2,3280,0.6255631621537525,True,,0.04107744480031526,ransac,15,False,True,E9|chir|True,10000000.0,94
30,19,0,3264,1.0446318893213455,True,,0.04532572411160606,ransac,18,False,True,E9|chir|True,10000000.0,95
30,15,1,3264,0.31423318831792396,True,,0.05467889521073779,ransac,14,False,True,E9|chir|True,10000000.0,96
30,18,0,3264,0.38114993359041033,True,,0.04580246755815541,ransac,18,False,True,E9|chir|True,10000000.0,97
30,17,2,3264,0.33026365578974287,True,,0.045409436733876346,ransac,14,False,True,E9|chir|True,10000000.0,98
30,19,1,3264,0.4775844877424767,True,,0.025474333304188607,ransac,18,False,True,E9|chir|True,10000000.0,99
30,15,1,3280,0.5564759636144769,True,,0.04638252802767659,ransac,14,False,True,E9|chir|True,10000000.0,100
30,18,1,3280,0.6864234626690287,True,,0.05995724580483533,ransac,17,False,True,E9|chir|True,10000000.0,101
30,15,1,3280,0.21382348453496286,True,,0.028059851006813137,ransac,14,False,True,E9|chir|True,10000000.0,102
30,17,2,3248,0.8202691264612855,True,,0.051007005274739094,ransac,17,False,True,E9|chir|True,10000000.0,103
30,18,2,3280,0.3451510115883486,True,,0.05062144687619483,ransac,15,False,True,E9|chir|True,10000000.0,104
30,17,1,3232,0.6194295871789877,True,,0.04174798394261053,ransac,16,False,True,E9|chir|True,10000000.0,105
30,17,1,3280,0.28838937182064855,True,,0.048348733268771635,ransac,16,False,True,E9|chir|True,10000000.0,106
30,18,2,3248,0.7347572988243681,True,,0.03555424179404658,ransac,16,False,True,E9|chir|True,10000000.0,107
30,17,2,3264,0.6535326042983567,True,,0.051049614436429844,ransac,17,False,True,E9|chir|True,10000000.0,108
30,18,3,3232,0.12807316034403,True,,0.048661785599983555,ransac,17,False,True,E9|chir|True,10000000.0,109
30,20,1,3264,0.584246502574877,True,,0.06675026252680225,ransac,19,False,True,E9|chir|True,10000000.0,110
30,18,1,3248,0.46721541413892625,True,,0.04799870969929597,ransac,16,False,True,E9|chir|True,10000000.0,111
30,17,1,3296,0.6361317149473533,True,,0.04015810295927911,ransac,16,False,True,E9|chir|True,10000000.0,112
30,20,1,3312,0.44981812410467653,True,,0.047510542254124426,ransac,18,False,True,E9|chir|True,10000000.0,113
30,17,0,3264,0.11635114514986274,True,,0.046124961981837756,ransac,17,False,True,E9|chir|True,10000000.0,114
30,17,0,3264,0.27412995227783815,True,,0.03711395295334272,ransac,17,False,True,E9|chir|True,10000000.0,115
30,18,1,3312,0.6030465146546464,True,,0.04677271346563995,ransac,17,False,True,E9|chir|True,10000000.0,116
30,18,0,3296,0.22870439467889817,True,,0.0571614580148157,ransac,18,False,True,E9|chir|True,10000000.0,117
30,16,0,3312,0.4556010194272559,True,,0.05733106294134883,ransac,16,False,True,E9|chir|True,10000000.0,118
30,18,0,3296,0.1826135956974606,True,,0.05124297917143321,ransac,18,False,True,E9|chir|True,10000000.0,119
30,18,3,3280,0.5805610564309371,True,,0.0457975702691164,ransac,16,False,True,E9|chir|True,10000000.0,120
30,17,0,3296,0.5867053278357993,True,,0.04695507911054095,ransac,17,False,True,E9|chir|True,10000000.0,121
30,18,0,3296,0.7424109129721417,True,,0.03877299680605716,ransac,18,False,True,E9|chir|True,10000000.0,122
30,20,1,3280,0.1688476046970189,True,,0.060688873941861655,ransac,19,False,True,E9|chir|True,10000000.0,123
30,17,1,3280,0.5964586016259197,True,,0.06597234965422642,ransac,16,False,True,E9|chir|True,10000000.0,124
30,16,0,3264,0.604825873719911,True,,0.04109296910105212,ransac,16,False,True,E9|chir|True,10000000.0,125
30,17,2,3248,0.3234389981488459,True,,0.03491353132666949,ransac,15,False,True,E9|chir|True,10000000.0,126
30,16,0,3264,0.43623570203489465,True,,0.06715020760250914,ransac,16,False,True,E9|chir|True,10000000.0,127
30,18,1,3280,0.3898058413683931,True,,0.047751545656797345,ransac,17,False,True,E9|chir|True,10000000.0,128
30,18,0,3248,0.13792556807302203,True,,0.04010666743574834,ransac,18,False,True,E9|chir|True,10000000.0,129
30,19,0,3312,0.5260150678684324,True,,0.056384405253204525,ransac,19,False,True,E9|chir|True,10000000.0,130
30,20,0,3280,0.5688034370592372,True,,0.054565381890187864,ransac,20,False,True,E9|chir|True,10000000.0,131
30,20,1,3264,0.35764177330981345,True,,0.05260788868962662,ransac,19,False,True,E9|chir|True,10000000.0,132
30,19,0,3264,0.16662488765194178,True,,0.040526227868159195,ransac,19,False,True,E9|chir|True,10000000.0,133
30,16,1,3264,0.26282523410943187,True,,0.04495045155898243,ransac,15,False,True,E9|chir|True,10000000.0,134
30,18,1,3296,0.444543832927475,True,,0.030720435640143096,ransac,17,False,True,E9|chir|True,10000000.0,135
30,19,0,3296,0.34353121240333245,True,,0.037940560800897714,ransac,19,False,True,E9|chir|True,10000000.0,136
30,20,2,3264,0.20224783196178564,True,,0.052188579547277354,ransac,20,False,True,E9|chir|True,10000000.0,137
30,17,2,3232,0.5953082546360993,True,,0.036847936250482896,ransac,14,False,True,E9|chir|True,10000000.0,138
30,20,0,3280,0.35709393776877335,True,,0.03286029928467647,ransac,19,False,True,E9|chir|True,10000000.0,139
30,17,0,3280,0.46936794453871417,True,,0.03289118624996855,ransac,16,False,True,E9|chir|True,10000000.0,140
30,18,0,3248,0.3937097249542289,True,,0.05154270053641087,ransac,18,False,True,E9|chir|True,10000000.0,141
30,20,0,3248,0.220993012953906,True,,0.03063024705150967,ransac,20,False,True,E9|chir|True,10000000.0,142
30,17,2,3296,0.7030041675384496,True,,0.0553647211083738,ransac,16,False,True,E9|chir|True,10000000.0,143
30,18,2,3280,0.6760719311112603,True,,0.04625452059259346,ransac,16,False,True,E9|chir|True,10000000.0,144
30,17,2,3312,0.273443767980794,True,,0.049839937484858765,ransac,15,False,True,E9|chir|True,10000000.0,145
30,19,2,3296,0.23098904173735993,True,,0.034292091467331344,ransac,19,False,True,E9|chir|True,10000000.0,146
30,17,0,3232,0.26951902164660024,True,,0.038117933193062656,ransac,17,False,True,E9|chir|True,10000000.0,147
30,16,1,3248,0.7239235910155511,True,,0.0517589009697498,ransac,15,False,True,E9|chir|True,10000000.0,148
30,14,0,3248,0.960029931420724,True,,0.051321292643987056,ransac,14,False,True,E9|chir|True,10000000.0,149
30,14,2,3280,0.11606955621496455,True,,0.021156034560194145,ransac,14,False,True,E9|chir|True,10000000.0,150
30,15,2,3296,0.3585944019540103,True,,0.04237160106180971,ransac,13,False,True,E9|chir|True,10000000.0,151
30,16,1,3280,0.7425259032057856,True,,0.026993308564501283,ransac,14,False,True,E9|chir|True,10000000.0,152
30,20,0,3312,0.1416913000783796,True,,0.05258065730826052,ransac,19,False,True,E9|chir|True,10000000.0,153
30,19,0,3312,0.38738687619356893,True,,0.05738381366072151,ransac,19,False,True,E9|chir|True,10000000.0,154
30,17,3,3296,0.6405441623073399,True,,0.06709909885906856,ransac,17,False,True,E9|chir|True,10000000.0,155
30,18,1,3296,0.2153512586429492,True,,0.04636379545948153,ransac,17,False,True,E9|chir|True,10000000.0,156
30,17,1,3296,0.5009800339902539,True,,0.02255015327070671,ransac,15,False,True,E9|chir|True,10000000.0,157
30,16,2,3312,0.474242721268328,True,,0.033821351267432895,ransac,16,False,True,E9|chir|True,10000000.0,158
30,17,1,3264,0.32151769060217406,True,,0.06057681396761131,ransac,16,False,True,E9|chir|True,10000000.0,159
30,16,2,3296,0.5915355390487406,True,,0.0451342907285811,ransac,16,False,True,E9|chir|True,10000000.0,160
30,16,2,3328,0.6113492386894464,True,,0.03874545652780506,ransac,14,False,True,E9|chir|True,10000000.0,161
30,16,1,3296,0.5178056126474142,True,,0.049075215170783455,ransac,15,False,True,E9|chir|True,10000000.0,162
30,18,1,3248,0.326360324706873,True,,0.04509585399201925,ransac,17,False,True,E9|chir|True,10000000.0,163
30,17,2,3248,0.5715513067444273,True,,0.041278004065965906,ransac,14,False,True,E9|chir|True,10000000.0,164
30,18,0,3280,0.36114530632382835,True,,0.05326333919368145,ransac,18,False,True,E9|chir|True,10000000.0,165
30,14,0,3248,0.31785743102690583,True,,0.048481666964330296,ransac,14,False,True,E9|chir|True,10000000.0,166
30,18,2,3280,0.6087527224336832,True,,0.053649726236757754,ransac,18,False,True,E9|chir|True,10000000.0,167
30,20,0,3280,0.10458103046328458,True,,0.059722195515848536,ransac,20,False,True,E9|chir|True,10000000.0,168
30,17,1,3312,0.2813770506494356,True,,0.03157548040356812,ransac,16,False,True,E9|chir|True,10000000.0,169
30,18,1,3264,0.7098132247071244,True,,0.04845634140674129,ransac,17,False,True,E9|chir|True,10000000.0,170
30,17,0,3280,0.4019583704670085,True,,0.05254224554348198,ransac,16,False,True,E9|chir|True,10000000.0,171
30,16,0,3296,0.5240879112265147,True,,0.0385551887920733,ransac,16,False,True,E9|chir|True,10000000.0,172
30,17,1,3216,0.22420219503207706,True,,0.046801786518894106,ransac,16,False,True,E9|chir|True,10000000.0,173
30,18,0,3328,0.7293016699427333,True,,0.047246519635696066,ransac,18,False,True,E9|chir|True,10000000.0,174
30,16,1,3264,0.013652694890026908,True,,0.030124045224759373,ransac,15,False,True,E9|chir|True,10000000.0,175
30,18,2,3312,0.19749997087939328,True,,0.04164475388265568,ransac,18,False,True,E9|chir|True,10000000.0,176
30,18,1,3248,0.35980421680079466,True,,0.04075289409955225,ransac,17,False,True,E9|chir|True,10000000.0,177
30,15,2,3280,0.7447793273566481,True,,0.035400434044396245,ransac,13,False,True,E9|chir|True,10000000.0,178
30,17,1,3280,0.6177171292759914,True,,0.03784503163062088,ransac,16,False,True,E9|chir|True,10000000.0,179
30,18,1,3312,0.2972041703608154,True,,0.04578852599611978,ransac,17,False,True,E9|chir|True,10000000.0,180
30,17,0,3312,0.972077046568327,True,,0.04533999543583199,ransac,17,False,True,E9|chir|True,10000000.0,181
30,17,1,3280,0.9735757814599247,True,,0.05755980081727073,ransac,16,False,True,E9|chir|True,10000000.0,182
30,18,0,3296,0.9860887868369432,True,,0.06558536747619367,ransac,18,False,True,E9|chir|True,10000000.0,183
30,18,1,3280,0.3051204648304988,True,,0.049894214317374445,ransac,17,False,True,E9|chir|True,10000000.0,184
30,19,1,3328,0.8322444862362501,True,,0.054343702267894776,ransac,17,False,True,E9|chir|True,10000000.0,185
30,18,1,3264,0.8308049579859522,True,,0.04156540187713798,ransac,17,False,True,E9|chir|True,10000000.0,186
30,19,2,3280,0.2773905609232713,True,,0.05052194916021564,ransac,16,False,True,E9|chir|True,10000000.0,187
30,16,1,3200,0.9201564422133637,True,,0.05683859342578485,ransac,15,False,True,E9|chir|True,10000000.0,188
30,20,1,3312,0.2575182922556521,True,,0.05074868522645038,ransac,19,False,True,E9|chir|True,10000000.0,189
30,18,0,3296,0.4522467292629717,True,,0.045922675939416395,ransac,18,False,True,E9|chir|True,10000000.0,190
30,18,3,3264,0.6375193044333044,True,,0.05796634843264179,ransac,15,False,True,E9|chir|True,10000000.0,191
30,16,0,3264,0.2687646733883383,True,,0.03967830682099165,ransac,16,False,True,E9|chir|True,10000000.0,192
30,18,1,3248,0.5864208798430265,True,,0.04454405223863455,ransac,17,False,True,E9|chir|True,10000000.0,193
30,19,0,3280,0.3893907557725646,True,,0.03211126692191188,ransac,19,False,True,E9|chir|True,10000000.0,194
30,15,1,3328,0.4892605259988091,True,,0.03400763187847124,ransac,14,False,True,E9|chir|True,10000000.0,195
30,16,0,3296,0.3024327116354817,True,,0.0503420588303445,ransac,16,False,True,E9|chir|True,10000000.0,196
30,18,1,3296,0.7600376397225501,True,,0.05188814731954169,ransac,16,False,True,E9|chir|True,10000000.0,197
30,18,0,3296,0.2496683449310905,True,,0.031237288879719088,ransac,17,False,True,E9|chir|True,10000000.0,198
30,18,1,3264,0.1759825507211668,True,,0.054147377141611525,ransac,17,False,True,E9|chir|True,10000000.0,199
30,19,0,3296,0.5856982504014527,True,,0.04317636775514302,ransac,19,False,True,E9|chir|True,10000000.0,200
30,17,0,3248,0.23250651318628135,True,,0.035302869865633496,ransac,17,False,True,E9|chir|True,10000000.0,201
30,17,0,3312,0.24726321355669867,True,,0.048443414228489676,ransac,17,False,True,E9|chir|True,10000000.0,202
30,15,1,3296,0.31109022649771884,True,,0.03390444955499259,ransac,14,False,True,E9|chir|True,10000000.0,203
30,18,2,3296,0.4452081626465566,True,,0.04308826664358794,ransac,16,False,True,E9|chir|True,10000000.0,204
30,16,0,3248,0.7325006297121475,True,,0.04923446129257439,ransac,16,False,True,E9|chir|True,10000000.0,205
30,17,0,3248,0.2828328860366698,True,,0.049975148590620515,ransac,16,False,True,E9|chir|True,10000000.0,206
30,18,2,3232,0.5239202360908838,True,,0.039748792298489516,ransac,16,False,True,E9|chir|True,10000000.0,207
30,16,1,3296,0.5865050208396237,True,,0.044296988235988245,ransac,15,False,True,E9|chir|True,10000000.0,208
30,17,0,3248,0.3930894887850705,True,,0.04868384270099323,ransac,17,False,True,E9|chir|True,10000000.0,209
30,18,1,3312,0.2583436099028701,True,,0.045102207305397816,ransac,17,False,True,E9|chir|True,10000000.0,210
30,18,0,3296,0.16784588218047647,True,,0.04677283639138113,ransac,17,False,True,E9|chir|True,10000000.0,211
30,19,0,3296,0.3413117038314362,True,,0.0488135638906936,ransac,19,False,True,E9|chir|True,10000000.0,212
30,20,1,3296,0.25323480394746417,True,,0.05663801660232653,ransac,18,False,True,E9|chir|True,10000000.0,213
30,17,0,3248,0.2804902318270182,True,,0.046634831164520156,ransac,17,False,True,E9|chir|True,10000000.0,214
30,20,0,3264,0.11174654305942411,True,,0.030082755266536927,ransac,20,False,True,E9|chir|True,10000000.0,215
30,16,4,3296,0.4853863074219619,True,,0.04350084747344174,ransac,13,False,True,E9|chir|True,10000000.0,216
30,17,0,3232,1.3428170107534811,True,,0.05732649310390445,ransac,17,False,True,E9|chir|True,10000000.0,217
30,19,0,3296,0.16601625251289948,True,,0.032385891261149845,ransac,18,False,True,E9|chir|True,10000000.0,218
30,17,2,3296,0.05993182988275579,True,,0.028546082468906425,ransac,14,False,True,E9|chir|True,10000000.0,219
30,19,2,3280,0.6011809232445596,True,,0.0508992245878538,ransac,19,False,True,E9|chir|True,10000000.0,220
30,19,0,3264,0.46436225014975663,True,,0.051900417262925026,ransac,19,False,True,E9|chir|True,10000000.0,221
30,17,3,3280,0.9066877907819318,True,,0.04434164241876194,ransac,16,False,True,E9|chir|True,10000000.0,222
30,17,2,3280,0.328729267969894,True,,0.03546027211648464,ransac,15,False,True,E9|chir|True,10000000.0,223
30,18,0,3312,0.14466803570612358,True,,0.0339328356652791,ransac,18,False,True,E9|chir|True,10000000.0,224
30,16,0,3296,0.1170919687675434,True,,0.03991510708457473,ransac,16,False,True,E9|chir|True,10000000.0,225
30,19,0,3296,0.21772661189502374,True,,0.04103749431765492,ransac,18,False,True,E9|chir|True,10000000.0,226
30,15,1,3296,0.2553198885712438,True,,0.03399783648422315,ransac,14,False,True,E9|chir|True,10000000.0,227
30,16,0,3248,0.30477906025321616,True,,0.05161611967946872,ransac,16,False,True,E9|chir|True,10000000.0,228
30,19,2,3312,0.3382495501973558,True,,0.03486471322615249,ransac,17,False,True,E9|chir|True,10000000.0,229
30,15,1,3280,0.4356040928379183,True,,0.03644686233731277,ransac,14,False,True,E9|chir|True,10000000.0,230
30,17,0,3296,0.583681204349723,True,,0.045445687986571705,ransac,17,False,True,E9|chir|True,10000000.0,231
30,16,1,3328,0.69422374075948,True,,0.03809438419497261,ransac,14,False,True,E9|chir|True,10000000.0,232
30,19,0,3264,0.6103231772904666,True,,0.05285735990386387,ransac,18,False,True,E9|chir|True,10000000.0,233
30,19,2,3280,0.46579209061670734,True,,0.044595550976073914,ransac,16,False,True,E9|chir|True,10000000.0,234
30,18,1,3248,0.36726053751368654,True,,0.04314116810449727,ransac,17,False,True,E9|chir|True,10000000.0,235
30,18,0,3280,0.47144782048962347,True,,0.04973431175188668,ransac,18,False,True,E9|chir|True,10000000.0,236
30,18,0,3264,0.17242394011845075,True,,0.0509061484245602,ransac,18,False,True,E9|chir|True,10000000.0,237
30,16,2,3328,0.4191643829615039,True,,0.030596262927585712,ransac,14,False,True,E9|chir|True,10000000.0,238
30,18,0,3328,0.4566008707120041,True,,0.03619601823036961,ransac,18,False,True,E9|chir|True,10000000.0,239
30,16,1,3312,0.5635838954751116,True,,0.04044902032153583,ransac,15,False,True,E9|chir|True,10000000.0,240
30,18,1,3296,0.533746347909393,True,,0.048383836988714526,ransac,17,False,True,E9|chir|True,10000000.0,241
30,19,3,3312,0.25004781284781225,True,,0.04933418382932983,ransac,17,False,True,E9|chir|True,10000000.0,242
30,13,1,3280,0.2016993052798973,True,,0.031190225296458162,ransac,12,False,True,E9|chir|True,10000000.0,243
30,17,0,3248,0.24540406979304205,True,,0.05309986602138549,ransac,17,False,True,E9|chir|True,10000000.0,244
30,15,1,3280,0.594364151613673,True,,0.034942332304896205,ransac,14,False,True,E9|chir|True,10000000.0,245
30,18,0,3296,0.0818154495071435,True,,0.03920415583297822,ransac,16,False,True,E9|chir|True,10000000.0,246
30,17,1,3312,0.39364501621354453,True,,0.04000442161022165,ransac,16,False,True,E9|chir|True,10000000.0,247
30,17,2,3280,0.469331290652004,True,,0.02284306096019824,ransac,16,False,True,E9|chir|True,10000000.0,248
30,20,1,3280,0.23580450891141783,True,,0.03231586860199571,ransac,19,False,True,E9|chir|True,10000000.0,249
30,16,1,3264,0.31956189765770604,True,,0.03213299668921411,ransac,15,False,True,E9|chir|True,10000000.0,250
30,18,0,3248,0.2584570311202704,True,,0.031703095831062914,ransac,18,False,True,E9|chir|True,10000000.0,251
30,17,0,3296,0.3864465489082903,True,,0.042456374214404846,ransac,17,False,True,E9|chir|True,10000000.0,252
30,17,0,3296,0.4587329614638649,True,,0.07364680972469476,ransac,17,False,True,E9|chir|True,10000000.0,253
30,17,5,3280,1.1414832161529183,True,,0.053428738388078836,ransac,13,False,True,E9|chir|True,10000000.0,254
30,16,1,3328,0.494359111432454,True,,0.05677334436292198,ransac,15,False,True,E9|chir|True,10000000.0,255
30,18,3,3328,0.74816807898088,True,,0.024691267652278127,ransac,16,False,True,E9|chir|True,10000000.0,256
30,18,0,3264,0.6789826243732485,True,,0.06347901645190253,ransac,17,False,True,E9|chir|True,10000000.0,257
30,17,2,3296,0.2410466055133353,True,,0.05347578894356235,ransac,17,False,True,E9|chir|True,10000000.0,258
30,17,0,3296,0.23036428271905415,True,,0.04834306666204266,ransac,16,False,True,E9|chir|True,10000000.0,259
30,15,0,3264,0.2404750204435671,True,,0.029783329494073956,ransac,14,False,True,E9|chir|True,10000000.0,260
30,16,0,3264,0.9091594768949728,True,,0.04204803963863158,ransac,16,False,True,E9|chir|True,10000000.0,261
30,16,1,3328,0.23900588642028547,True,,0.027368072159991857,ransac,15,False,True,E9|chir|True,10000000.0,262
30,18,1,3264,0.24770617725039468,True,,0.03606252190766525,ransac,17,False,True,E9|chir|True,10000000.0,263
30,19,0,3280,0.6207337869054513,True,,0.037738262541777055,ransac,19,False,True,E9|chir|True,10000000.0,264
30,13,0,3296,0.3906768477066669,True,,0.044021781137228766,ransac,13,False,True,E9|chir|True,10000000.0,265
30,18,1,3264,0.2139878766975011,True,,0.05800562705135305,ransac,17,False,True,E9|chir|True,10000000.0,266
30,19,1,3296,0.61484271606937,True,,0.05800960021988501,ransac,17,False,True,E9|chir|True,10000000.0,267
30,18,0,3280,0.20326071362135878,True,,0.047723910804862095,ransac,18,False,True,E9|chir|True,10000000.0,268
30,15,1,3264,0.6446415083597535,True,,0.04455333808070303,ransac,14,False,True,E9|chir|True,10000000.0,269
30,18,0,3232,0.30693100967607034,True,,0.05056248546826695,ransac,18,False,True,E9|chir|True,10000000.0,270
30,18,1,3280,0.5810874798980841,True,,0.050323888661252564,ransac,17,False,True,E9|chir|True,10000000.0,271
30,15,3,3264,0.16223517939160492,True,,0.0364891491479216,ransac,15,False,True,E9|chir|True,10000000.0,272
30,18,0,3296,0.2250261871339099,True,,0.04914511003352685,ransac,18,False,True,E9|chir|True,10000000.0,273
30,17,2,3280,1.093912612220563,True,,0.045364716987051926,ransac,17,False,True,E9|chir|True,10000000.0,274
30,18,1,3328,0.28080511573922096,True,,0.04918468461712827,ransac,17,False,True,E9|chir|True,10000000.0,275
30,18,1,3296,0.2957387004151584,True,,0.037952257085841,ransac,16,False,True,E9|chir|True,10000000.0,276
30,18,0,3264,0.031598859612347555,True,,0.055291006267204144,ransac,18,False,True,E9|chir|True,10000000.0,277
30,17,0,3264,0.2706382566701411,True,,0.03630208877835654,ransac,17,False,True,E9|chir|True,10000000.0,278
30,15,0,3264,0.4255650468333385,True,,0.04499772511823989,ransac,15,False,True,E9|chir|True,10000000.0,279
30,19,3,3328,0.7157971742503679,True,,0.06555133347280546,ransac,16,False,True,E9|chir|True,10000000.0,280
30,20,1,3296,0.2054425026948356,True,,0.040851488387419616,ransac,18,False,True,E9|chir|True,10000000.0,281
30,18,2,3296,0.6839525773925952,True,,0.03642571913136331,ransac,16,False,True,E9|chir|True,10000000.0,282
30,17,3,3280,0.3477794880429488,True,,0.038191643917815744,ransac,17,False,True,E9|chir|True,10000000.0,283
30,20,2,3248,0.26946902806035866,True,,0.04971455888903844,ransac,20,False,True,E9|chir|True,10000000.0,284
30,16,2,3312,1.3882294926743395,True,,0.04926651045871158,ransac,16,False,True,E9|chir|True,10000000.0,285
30,17,0,3296,0.32174167703808804,True,,0.02632084638629629,ransac,17,False,True,E9|chir|True,10000000.0,286
30,19,2,3264,0.3314361230170772,True,,0.052095932031912,ransac,19,False,True,E9|chir|True,10000000.0,287
30,17,0,3280,0.17301950319782358,True,,0.05471899277532257,ransac,17,False,True,E9|chir|True,10000000.0,288
30,18,0,3312,0.7526049816420123,True,,0.022686879786233804,ransac,18,False,True,E9|chir|True,10000000.0,289
30,17,1,3312,0.4414763857065659,True,,0.061050219782520544,ransac,16,False,True,E9|chir|True,10000000.0,290
30,15,0,3296,0.2999277093161885,True,,0.04598110655752318,ransac,15,False,True,E9|chir|True,10000000.0,291
30,18,0,3312,0.6269604705181,True,,0.04334264718271087,ransac,18,False,True,E9|chir|True,10000000.0,292
30,13,0,3280,0.8786041468996086,True,,0.0509795195308027,ransac,13,False,True,E9|chir|True,10000000.0,293
30,17,0,3248,0.4318078483189358,True,,0.0374259589639752,ransac,17,False,True,E9|chir|True,10000000.0,294
30,17,3,3296,0.7136405501055801,True,,0.03688175376771937,ransac,13,False,True,E9|chir|True,10000000.0,295
30,19,0,3328,0.7153376660595561,True,,0.06857426037073666,ransac,18,False,True,E9|chir|True,10000000.0,296
30,19,0,3264,0.8339044567525595,True,,0.04873432607341858,ransac,19,False,True,E9|chir|True,10000000.0,297
30,18,2,3232,0.3359638718881395,True,,0.04527264411755918,ransac,16,False,True,E9|chir|True,10000000.0,298
30,15,1,3232,0.7254645191661685,True,,0.03884119484765331,ransac,14,False,True,E9|chir|True,10000000.0,299
30,14,0,3296,0.055098959864469256,True,,0.03645445296567578,ransac,14,False,True,E9|chir|True,10000000.0,300
30,18,0,3296,0.5966886137293238,True,,0.05349798533511781,ransac,18,False,True,E9|chir|True,10000000.0,301
30,15,0,3264,0.7055672431200263,True,,0.058063417590855086,ransac,15,False,True,E9|chir|True,10000000.0,302
30,19,1,3280,0.6224316528604864,True,,0.03811357200641442,ransac,18,False,True,E9|chir|True,10000000.0,303
30,19,1,3328,0.2868282315440502,True,,0.06852124987784874,ransac,17,False,True,E9|chir|True,10000000.0,304
30,16,1,3280,0.4541459136779149,True,,0.04480503244893077,ransac,14,False,True,E9|chir|True,10000000.0,305
30,17,1,3296,0.10921022004453408,True,,0.033517027583637185,ransac,16,False,True,E9|chir|True,10000000.0,306
30,20,1,3264,0.5047734970435874,True,,0.05891085618446457,ransac,20,False,True,E9|chir|True,10000000.0,307
30,18,1,3248,0.1190631675593768,True,,0.028992532059727297,ransac,17,False,True,E9|chir|True,10000000.0,308
30,17,1,3264,0.20131065562754558,True,,0.025868206581197553,ransac,16,False,True,E9|chir|True,10000000.0,309
30,19,1,3248,0.3508545219271007,True,,0.059853568992389826,ransac,18,False,True,E9|chir|True,10000000.0,310
30,15,2,3248,0.3391141896081809,True,,0.027732469679598644,ransac,13,False,True,E9|chir|True,10000000.0,311
30,18,0,3264,0.29453152936820737,True,,0.04387065710461327,ransac,18,False,True,E9|chir|True,10000000.0,312
30,18,1,3296,0.3595150233154061,True,,0.03667528675319147,ransac,17,False,True,E9|chir|True,10000000.0,313
30,18,1,3312,0.4201378119201065,True,,0.046876580000103994,ransac,16,False,True,E9|chir|True,10000000.0,314
30,15,0,3280,0.15079099821623188,True,,0.04548768352229341,ransac,15,False,True,E9|chir|True,10000000.0,315
30,19,3,3248,0.24906362058931475,True,,0.023545223072275898,ransac,16,False,True,E9|chir|True,10000000.0,316
30,19,0,3296,0.629372602222209,True,,0.047591893178650826,ransac,19,False,True,E9|chir|True,10000000.0,317
30,16,0,3312,0.7311585068721441,True,,0.03375537570590807,ransac,16,False,True,E9|chir|True,10000000.0,318
30,17,0,3312,0.916529165400184,True,,0.04635027054787131,ransac,16,False,True,E9|chir|True,10000000.0,319
30,16,1,3264,0.7667016846960356,True,,0.03297018518832883,ransac,15,False,True,E9|chir|True,10000000.0,320
30,19,0,3280,0.5841941854406113,True,,0.043750529866714453,ransac,19,False,True,E9|chir|True,10000000.0,321
30,15,0,3296,0.47419035067879745,True,,0.031524217463399506,ransac,15,False,True,E9|chir|True,10000000.0,322
30,17,0,3280,0.7389377292292206,True,,0.05130105414795717,ransac,17,False,True,E9|chir|True,10000000.0,323
30,18,2,3296,0.3576386618976476,True,,0.06733669437488905,ransac,18,False,True,E9|chir|True,10000000.0,324
30,19,1,3248,0.11366494334925334,True,,0.06425132489494317,ransac,18,False,True,E9|chir|True,10000000.0,325
30,18,0,3312,0.19733120182521405,True,,0.04784478478408576,ransac,18,False,True,E9|chir|True,10000000.0,326
30,15,0,3232,0.5774659526005206,True,,0.04299866026963272,ransac,14,False,True,E9|chir|True,10000000.0,327
30,19,2,3280,0.6236963818522685,True,,0.07687118891611004,ransac,19,False,True,E9|chir|True,10000000.0,328
30,18,0,3264,0.5188888123413735,True,,0.036448760213287,ransac,18,False,True,E9|chir|True,10000000.0,329
30,17,1,3280,0.40080566851476523,True,,0.03220999731644955,ransac,16,False,True,E9|chir|True,10000000.0,330
30,17,2,3296,0.6575970598423554,True,,0.043706761921257914,ransac,17,False,True,E9|chir|True,10000000.0,331
30,15,1,3264,0.20617385911262603,True,,0.030454390414134436,ransac,14,False,True,E9|chir|True,10000000.0,332
30,18,2,3216,0.16131106564556394,True,,0.06084480622003986,ransac,18,False,True,E9|chir|True,10000000.0,333
30,19,0,3200,0.40859124926902735,True,,0.05765008662482437,ransac,19,False,True,E9|chir|True,10000000.0,334
30,20,2,3312,0.6420170784272473,True,,0.050118625508305266,ransac,18,False,True,E9|chir|True,10000000.0,335
30,18,1,3248,0.11873016912370689,True,,0.05035142696013555,ransac,17,False,True,E9|chir|True,10000000.0,336
30,18,1,3296,0.1146175759195004,True,,0.049158023537100144,ransac,17,False,True,E9|chir|True,10000000.0,337
30,15,0,3296,0.7887259894724405,True,,0.049714639992899066,ransac,15,False,True,E9|chir|True,10000000.0,338
30,15,1,3296,0.651319637727965,True,,0.048491464076307396,ransac,14,False,True,E9|chir|True,10000000.0,339
30,17,0,3296,0.7872404126203298,True,,0.029196258844642362,ransac,16,False,True,E9|chir|True,10000000.0,340
30,19,1,3248,0.6325568523541167,True,,0.04634793296747688,ransac,17,False,True,E9|chir|True,10000000.0,341
30,15,1,3280,1.048029942652431,True,,0.04565649021548817,ransac,14,False,True,E9|chir|True,10000000.0,342
30,17,1,3296,0.8042257693126849,True,,0.04367103893089141,ransac,16,False,True,E9|chir|True,10000000.0,343
30,16,2,3312,0.5017599285683785,True,,0.02380070673222101,ransac,14,False,True,E9|chir|True,10000000.0,344
30,17,0,3264,0.5862820499034356,True,,0.041775659283199144,ransac,17,False,True,E9|chir|True,10000000.0,345
30,20,1,3296,0.08767686907332395,True,,0.050697918658660024,ransac,19,False,True,E9|chir|True,10000000.0,346
30,17,1,3296,0.2033849821597433,True,,0.03393524441259509,ransac,16,False,True,E9|chir|True,10000000.0,347
30,18,1,3248,0.5636747172904475,True,,0.04498708022213336,ransac,17,False,True,E9|chir|True,10000000.0,348
30,13,2,3280,0.33823111854556964,True,,0.05596072317027973,ransac,11,False,True,E9|chir|True,10000000.0,349
30,19,1,3264,0.6276386686828606,True,,0.06455756873506158,ransac,18,False,True,E9|chir|True,10000000.0,350
30,15,0,3264,0.45981144940470053,True,,0.050082381666875314,ransac,15,False,True,E9|chir|True,10000000.0,351
30,15,1,3280,0.09072529539039371,True,,0.0187857599285568,ransac,14,False,True,E9|chir|True,10000000.0,352
30,18,1,3296,0.9103762255159595,True,,0.057439698933378316,ransac,17,False,True,E9|chir|True,10000000.0,353
30,17,2,3248,0.7541164601983066,True,,0.047851996665458245,ransac,14,False,True,E9|chir|True,10000000.0,354
30,20,0,3328,0.40526132083174604,True,,0.05334944695296029,ransac,19,False,True,E9|chir|True,10000000.0,355
30,17,2,3248,0.6606198029246516,True,,0.059896466544251084,ransac,16,False,True,E9|chir|True,10000000.0,356
30,18,1,3312,0.5320540258662451,True,,0.024286556311420838,ransac,16,False,True,E9|chir|True,10000000.0,357
30,17,2,3296,0.5323581844561933,True,,0.04170436619878078,ransac,15,False,True,E9|chir|True,10000000.0,358
30,15,2,3264,0.35107457588478613,True,,0.05244089170949009,ransac,13,False,True,E9|chir|True,10000000.0,359
30,17,0,3232,0.2150878247713163,True,,0.04456679124326359,ransac,16,False,True,E9|chir|True,10000000.0,360
30,14,0,3280,0.612184194311142,True,,0.04257371900678519,ransac,14,False,True,E9|chir|True,10000000.0,361
30,18,1,3248,0.09291075807961016,True,,0.04305673120594761,ransac,17,False,True,E9|chir|True,10000000.0,362
30,17,0,3280,0.42421998422171603,True,,0.052061507620593125,ransac,17,False,True,E9|chir|True,10000000.0,363
30,18,1,3280,0.2580802749808636,True,,0.031046732651630365,ransac,17,False,True,E9|chir|True,10000000.0,364
30,18,1,3280,0.2858153232141675,True,,0.031653962450063876,ransac,17,False,True,E9|chir|True,10000000.0,365
30,17,1,3328,0.7104730686890948,True,,0.048330071463278286,ransac,16,False,True,E9|chir|True,10000000.0,366
30,19,0,3264,0.8181659869974659,True,,0.06405037910443867,ransac,18,False,True,E9|chir|True,10000000.0,367
30,17,0,3296,0.33010982660763605,True,,0.06097524083081038,ransac,17,False,True,E9|chir|True,10000000.0,368
30,19,0,3296,0.4999412737779876,True,,0.07156921582510853,ransac,19,False,True,E9|chir|True,10000000.0,369
30,18,3,3280,0.4788242802997862,True,,0.04602096358570909,ransac,16,False,True,E9|chir|True,10000000.0,370
30,18,1,3296,0.5267331081597464,True,,0.03724941616334731,ransac,16,False,True,E9|chir|True,10000000.0,371
30,18,0,3296,0.17173121190887033,True,,0.04742240536565401,ransac,18,False,True,E9|chir|True,10000000.0,372
30,17,3,3312,0.4328525830422013,True,,0.04149565765720194,ransac,17,False,True,E9|chir|True,10000000.0,373
30,18,2,3264,0.6125456031162485,True,,0.04281415713974851,ransac,17,False,True,E9|chir|True,10000000.0,374
30,18,1,3248,0.31858186030945096,True,,0.03893702350496123,ransac,17,False,True,E9|chir|True,10000000.0,375
30,17,2,3312,0.8127070597126771,True,,0.07430078059446242,ransac,17,False,True,E9|chir|True,10000000.0,376
30,19,0,3232,1.0100456997944827,True,,0.06323828198884844,ransac,19,False,True,E9|chir|True,10000000.0,377
30,17,2,3216,0.26667754140284616,True,,0.051268504333831115,ransac,17,False,True,E9|chir|True,10000000.0,378
30,18,0,3296,0.7171822688944014,True,,0.042749359454690154,ransac,18,False,True,E9|chir|True,10000000.0,379
30,16,3,3280,0.057557740130963264,True,,0.044117421045603046,ransac,16,False,True,E9|chir|True,10000000.0,380
30,17,1,3248,0.4021457651024329,True,,0.05015192742749614,ransac,16,False,True,E9|chir|True,10000000.0,381
30,18,0,3264,0.0697557347846207,True,,0.045493433652945246,ransac,18,False,True,E9|chir|True,10000000.0,382
30,16,0,3280,0.19745717833758586,True,,0.038557953736499,ransac,16,False,True,E9|chir|True,10000000.0,383
30,18,0,3296,0.15375909466571727,True,,0.05606808065389149,ransac,18,False,True,E9|chir|True,10000000.0,384
30,14,0,3296,0.32899982018788604,True,,0.03930914620169239,ransac,14,False,True,E9|chir|True,10000000.0,385
30,20,4,3296,0.5266270158464664,True,,0.03350437077570623,ransac,17,False,True,E9|chir|True,10000000.0,386
30,18,0,3280,0.2799824546164713,True,,0.06301674674987306,ransac,18,False,True,E9|chir|True,10000000.0,387
30,19,1,3328,0.719486888722239,True,,0.0426264688913547,ransac,18,False,True,E9|chir|True,10000000.0,388
30,16,0,3296,0.17909817509650394,True,,0.03436432243629294,ransac,16,False,True,E9|chir|True,10000000.0,389
30,17,2,3264,0.2285011096216626,True,,0.03713393157198225,ransac,15,False,True,E9|chir|True,10000000.0,390
30,19,1,3280,0.27680505769566405,True,,0.04310086700075618,ransac,18,False,True,E9|chir|True,10000000.0,391
30,17,2,3232,0.41973745597968776,True,,0.034600414696514335,ransac,17,False,True,E9|chir|True,10000000.0,392
30,19,0,3232,0.636029617279228,True,,0.057448587135729756,ransac,19,False,True,E9|chir|True,10000000.0,393
30,18,1,3312,0.3844802466366843,True,,0.051467988085955686,ransac,17,False,True,E9|chir|True,10000000.0,394
30,16,1,3312,0.2715329333715947,True,,0.05302490824130943,ransac,15,False,True,E9|chir|True,10000000.0,395
30,15,1,3328,0.37660053125567655,True,,0.01728498481470835,ransac,14,False,True,E9|chir|True,10000000.0,396
30,20,2,3232,0.5079900154321292,True,,0.04939464737982301,ransac,18,False,True,E9|chir|True,10000000.0,397
30,16,2,3296,0.17083605274286165,True,,0.03680104103924203,ransac,16,False,True,E9|chir|True,10000000.0,398
30,19,2,3312,0.2153176896031151,True,,0.038121959380057954,ransac,19,False,True,E9|chir|True,10000000.0,399
30,17,1,3264,0.9555215941418259,True,,0.04708335534043413,ransac,16,False,True,E9|chir|True,10000000.0,400
30,17,0,3280,0.4527905033745132,True,,0.0628505148420708,ransac,17,False,True,E9|chir|True,10000000.0,401
30,17,2,3264,0.35672906959794726,True,,0.049331351009436426,ransac,15,False,True,E9|chir|True,10000000.0,402
30,19,1,3312,0.4328424235514208,True,,0.05875839813694399,ransac,18,False,True,E9|chir|True,10000000.0,403
30,17,0,3264,0.43560643737446897,True,,0.061520886143541065,ransac,17,False,True,E9|chir|True,10000000.0,404
30,20,2,3280,0.3620543305167461,True,,0.0518868436645966,ransac,15,False,True,E9|chir|True,10000000.0,405
30,19,0,3296,0.17971363734824675,True,,0.03958700872813802,ransac,19,False,True,E9|chir|True,10000000.0,406
30,18,0,3280,0.13516045280024333,True,,0.06362791242432556,ransac,18,False,True,E9|chir|True,10000000.0,407
30,17,0,3264,0.425072257370725,True,,0.037352377763647804,ransac,17,False,True,E9|chir|True,10000000.0,408
30,17,3,3296,1.067840008538228,True,,0.053112560702870175,ransac,15,False,True,E9|chir|True,10000000.0,409
30,18,2,3328,0.407461922289028,True,,0.05157038100488541,ransac,18,False,True,E9|chir|True,10000000.0,410
30,18,0,3280,0.6058616783432361,True,,0.050721239047698895,ransac,18,False,True,E9|chir|True,10000000.0,411
30,19,1,3328,0.3240224236418674,True,,0.03619101753364457,ransac,17,False,True,E9|chir|True,10000000.0,412
30,17,1,3264,0.32339908118293303,True,,0.04933932868206474,ransac,16,False,True,E9|chir|True,10000000.0,413
30,15,0,3280,0.1445280733948015,True,,0.02875632862036744,ransac,15,False,True,E9|chir|True,10000000.0,414
30,18,2,3296,0.4774385440554341,True,,0.05183755444561507,ransac,18,False,True,E9|chir|True,10000000.0,415
30,17,2,3296,0.48171760707134953,True,,0.05392089878040873,ransac,15,False,True,E9|chir|True,10000000.0,416
30,14,2,3312,0.1247289518448274,True,,0.04913980767477975,ransac,12,False,True,E9|chir|True,10000000.0,417
30,15,0,3296,1.0512535946432313,True,,0.04091746581593287,ransac,14,False,True,E9|chir|True,10000000.0,418
30,18,2,3328,0.4302984289566868,True,,0.041727213506438765,ransac,16,False,True,E9|chir|True,10000000.0,419
30,16,0,3296,0.5516152735296944,True,,0.03368965507956554,ransac,16,False,True,E9|chir|True,10000000.0,420
30,18,0,3264,0.5132523040322615,True,,0.04732322903576369,ransac,18,False,True,E9|chir|True,10000000.0,421
30,18,1,3312,0.1389491765894619,True,,0.041851653079267116,ransac,16,False,True,E9|chir|True,10000000.0,422
30,15,2,3216,0.4226761427139585,True,,0.03919327502795601,ransac,15,False,True,E9|chir|True,10000000.0,423
30,18,0,3296,0.2687688953801781,True,,0.06706636063111822,ransac,17,False,True,E9|chir|True,10000000.0,424
30,15,1,3264,0.3495950755798406,True,,0.0466495663787113,ransac,14,False,True,E9|chir|True,10000000.0,425
30,19,1,3216,0.2020811493459387,True,,0.04951735662847651,ransac,18,False,True,E9|chir|True,10000000.0,426
30,18,0,3296,0.3702794234621399,True,,0.034419302555983855,ransac,18,False,True,E9|chir|True,10000000.0,427
30,20,0,3280,0.7962068894993026,True,,0.041858658489555625,ransac,19,False,True,E9|chir|True,10000000.0,428
30,16,1,3280,0.9436145652930661,True,,0.05673317641063815,ransac,15,False,True,E9|chir|True,10000000.0,429
30,18,1,3280,0.4412063172184304,True,,0.05167025688132701,ransac,16,False,True,E9|chir|True,10000000.0,430
30,17,0,3264,0.6065788647399453,True,,0.050615215601971436,ransac,17,False,True,E9|chir|True,10000000.0,431
30,17,0,3280,0.5650719235206668,True,,0.05000983162512343,ransac,17,False,True,E9|chir|True,10000000.0,432
30,18,0,3312,0.24309533189358035,True,,0.04305198778744286,ransac,18,False,True,E9|chir|True,10000000.0,433
30,18,0,3296,0.7174637834053089,True,,0.060981992785439296,ransac,18,False,True,E9|chir|True,10000000.0,434
30,17,0,3312,0.4983073796086069,True,,0.06497586933115695,ransac,17,False,True,E9|chir|True,10000000.0,435
30,20,2,3264,0.6396527046765439,True,,0.05285642198172112,ransac,18,False,True,E9|chir|True,10000000.0,436
30,18,2,3248,0.5447258873322373,True,,0.04462420848340422,ransac,18,False,True,E9|chir|True,10000000.0,437
30,17,0,3328,0.7055790591347236,True,,0.04866928674741253,ransac,17,False,True,E9|chir|True,10000000.0,438
30,19,1,3280,0.5998673715035564,True,,0.037863866294338994,ransac,18,False,True,E9|chir|True,10000000.0,439
30,16,0,3296,0.3926079688233904,True,,0.04972987696941228,ransac,16,False,True,E9|chir|True,10000000.0,440
30,20,1,3312,0.7788675522952849,True,,0.06009800468915582,ransac,18,False,True,E9|chir|True,10000000.0,441
30,15,2,3296,0.425901213794895,True,,0.04505458660156503,ransac,15,False,True,E9|chir|True,10000000.0,442
30,16,1,3248,0.5256517169493506,True,,0.0473433138141337,ransac,15,False,True,E9|chir|True,10000000.0,443
30,15,1,3296,0.6200995178156271,True,,0.030094052143696395,ransac,14,False,True,E9|chir|True,10000000.0,444
30,19,0,3296,0.617769851040164,True,,0.04054253448376351,ransac,19,False,True,E9|chir|True,10000000.0,445
30,20,1,3280,0.17184342767770297,True,,0.047268943094419404,ransac,18,False,True,E9|chir|True,10000000.0,446
30,19,3,3216,0.41494225151558467,True,,0.03779301422154707,ransac,17,False,True,E9|chir|True,10000000.0,447
30,18,1,3296,0.7477227494943177,True,,0.03783597214202648,ransac,17,False,True,E9|chir|True,10000000.0,448
30,19,1,3280,1.137778214389722,True,,0.040746585584052517,ransac,18,False,True,E9|chir|True,10000000.0,449
30,16,1,3312,0.30536385846412645,True,,0.0534883941840877,ransac,15,False,True,E9|chir|True,10000000.0,450
30,18,0,3312,0.3581609867418575,True,,0.04009160542711912,ransac,18,False,True,E9|chir|True,10000000.0,451
30,20,2,3280,0.8659883600982974,True,,0.0653227591486577,ransac,20,False,True,E9|chir|True,10000000.0,452
30,19,1,3296,0.6159292463370627,True,,0.03662303653033396,ransac,16,False,True,E9|chir|True,10000000.0,453
30,20,1,3296,0.3758990598756134,True,,0.044642619661726266,ransac,18,False,True,E9|chir|True,10000000.0,454
30,16,0,3328,0.8481032915057766,True,,0.03308366388402261,ransac,16,False,True,E9|chir|True,10000000.0,455
30,14,0,3312,0.4278482296542599,True,,0.027451005933991846,ransac,14,False,True,E9|chir|True,10000000.0,456
30,16,0,3296,0.29478839678062796,True,,0.029684642525042167,ransac,16,False,True,E9|chir|True,10000000.0,457
30,17,2,3296,0.5336209756374032,True,,0.06613647026408147,ransac,15,False,True,E9|chir|True,10000000.0,458
30,18,1,3264,0.6948342779067451,True,,0.05695514957794686,ransac,16,False,True,E9|chir|True,10000000.0,459
30,16,2,3264,1.0581917256697535,True,,0.047046735103113566,ransac,14,False,True,E9|chir|True,10000000.0,460
30,16,0,3232,0.3279866387569398,True,,0.047770713493670375,ransac,16,False,True,E9|chir|True,10000000.0,461
30,15,0,3216,0.4500791251602611,True,,0.03395611278028301,ransac,14,False,True,E9|chir|True,10000000.0,462
30,15,0,3296,0.26457853625988814,True,,0.02919287265704249,ransac,15,False,True,E9|chir|True,10000000.0,463
30,19,0,3296,0.22207967163913514,True,,0.03987620731130205,ransac,19,False,True,E9|chir|True,10000000.0,464
30,21,0,3280,0.1858647056285791,True,,0.05831027757443349,ransac,20,False,True,E9|chir|True,10000000.0,465
30,13,1,3296,0.5651943068974336,True,,0.03543392526564015,ransac,12,False,True,E9|chir|True,10000000.0,466
30,17,1,3296,0.21747438565724797,True,,0.048310004419406714,ransac,16,False,True,E9|chir|True,10000000.0,467
30,19,3,3280,0.49857481434424944,True,,0.03670098224253495,ransac,17,False,True,E9|chir|True,10000000.0,468
30,18,0,3232,0.5459948186074504,True,,0.05600909984906492,ransac,18,False,True,E9|chir|True,10000000.0,469
30,17,0,3296,0.989786562469887,True,,0.0474201487963981,ransac,17,False,True,E9|chir|True,10000000.0,470
30,16,2,3264,0.7653923752051291,True,,0.033713055082573974,ransac,16,False,True,E9|chir|True,10000000.0,471
30,17,2,3248,1.8429667713013342,True,,0.03618580984563074,ransac,15,False,True,E9|chir|True,10000000.0,472
30,19,1,3296,0.2858387599500556,True,,0.03345570720705403,ransac,17,False,True,E9|chir|True,10000000.0,473
30,18,2,3296,0.2534863017342946,True,,0.04608112956634966,ransac,16,False,True,E9|chir|True,10000000.0,474
30,14,2,3312,0.4525638704362914,True,,0.03967691534699937,ransac,12,False,True,E9|chir|True,10000000.0,475
30,15,1,3248,0.5686505040780532,True,,0.06284449958946771,ransac,14,False,True,E9|chir|True,10000000.0,476
30,18,0,3264,0.5035259444347008,True,,0.054841113750358036,ransac,18,False,True,E9|chir|True,10000000.0,477
30,17,1,3312,0.5853626182401243,True,,0.027597278031933764,ransac,16,False,True,E9|chir|True,10000000.0,478
30,16,1,3280,0.8704727985283165,True,,0.028487372025289552,ransac,15,False,True,E9|chir|True,10000000.0,479
30,18,0,3264,0.14270988438764923,True,,0.0530325699873437,ransac,18,False,True,E9|chir|True,10000000.0,480
30,18,1,3280,0.43133687964195533,True,,0.039833256031880454,ransac,17,False,True,E9|chir|True,10000000.0,481
30,19,1,3296,0.3401582467359149,True,,0.050636796951654565,ransac,18,False,True,E9|chir|True,10000000.0,482
30,17,1,3264,0.7904954273965078,True,,0.032895740591719985,ransac,15,False,True,E9|chir|True,10000000.0,483
30,19,1,3264,0.243543041440263,True,,0.0266772309170291,ransac,16,False,True,E9|chir|True,10000000.0,484
30,14,3,3280,0.0831586507074982,True,,0.04379141832290495,ransac,14,False,True,E9|chir|True,10000000.0,485
30,19,0,3296,0.2521638444296363,True,,0.052181541214669724,ransac,19,False,True,E9|chir|True,10000000.0,486
30,16,2,3232,0.4765127161641299,True,,0.04007783594917394,ransac,14,False,True,E9|chir|True,10000000.0,487
30,18,0,3280,0.6673825304727351,True,,0.04354369984503976,ransac,16,False,True,E9|chir|True,10000000.0,488
30,19,1,3280,0.39007777048137526,True,,0.050157785512909635,ransac,18,False,True,E9|chir|True,10000000.0,489
30,17,0,3248,0.7100248739514816,True,,0.041377606823912526,ransac,17,False,True,E9|chir|True,10000000.0,490
30,17,1,3280,0.349707318212053,True,,0.035235591175748,ransac,15,False,True,E9|chir|True,10000000.0,491
30,17,0,3264,0.7999049582724489,True,,0.03423726554482284,ransac,17,False,True,E9|chir|True,10000000.0,492
30,17,1,3312,0.38626950150568967,True,,0.04243856364636858,ransac,16,False,True,E9|chir|True,10000000.0,493
30,17,1,3264,0.09447367981104678,True,,0.041346357773306905,ransac,16,False,True,E9|chir|True,10000000.0,494
30,22,1,3312,0.258874928740298,True,,0.034491911408151055,ransac,19,False,True,E9|chir|True,10000000.0,495
30,20,1,3328,0.5675750711529253,True,,0.0444345046397124,ransac,18,False,True,E9|chir|True,10000000.0,496
30,18,2,3296,0.6115583687804083,True,,0.04944285769245373,ransac,15,False,True,E9|chir|True,10000000.0,497
30,17,0,3248,0.6321351789987733,True,,0.04567300551429368,ransac,17,False,True,E9|chir|True,10000000.0,498
30,16,2,3280,0.4863889053052958,True,,0.03816066480688391,ransac,12,False,True,E9|chir|True,10000000.0,499
30,17,0,3296,0.306364224703766,True,,0.03565846853076241,ransac,16,False,True,E9|chir|True,10000000.0,500
30,16,1,3296,0.31356436167647417,True,,0.03641644605837091,ransac,15,False,True,E9|chir|True,10000000.0,501
30,16,1,3248,0.16242137239535417,True,,0.04621577976648996,ransac,15,False,True,E9|chir|True,10000000.0,502
30,18,1,3296,0.8964170483152647,True,,0.045874437730955814,ransac,17,False,True,E9|chir|True,10000000.0,503
30,16,0,3296,0.13417360629703928,True,,0.04432401418569213,ransac,16,False,True,E9|chir|True,10000000.0,504
30,15,1,3312,0.7619778490995816,True,,0.024511473025910033,ransac,14,False,True,E9|chir|True,10000000.0,505
30,19,1,3296,0.3307328004537228,True,,0.04859998340567823,ransac,17,False,True,E9|chir|True,10000000.0,506
30,19,1,3312,1.208618954346121,True,,0.060452592839485404,ransac,18,False,True,E9|chir|True,10000000.0,507
30,18,1,3280,0.5824705617750721,True,,0.04870713567073028,ransac,17,False,True,E9|chir|True,10000000.0,508
30,17,0,3296,0.4791580851883486,True,,0.05492725033133068,ransac,17,False,True,E9|chir|True,10000000.0,509
30,19,2,3280,0.49675168592078517,True,,0.047583539633514596,ransac,16,False,True,E9|chir|True,10000000.0,510
30,16,1,3280,0.923532508773106,True,,0.030051477094708044,ransac,15,False,True,E9|chir|True,10000000.0,511
30,18,0,3280,0.7385081903121115,True,,0.05040761764933739,ransac,18,False,True,E9|chir|True,10000000.0,512
30,19,1,3280,0.45526696098658403,True,,0.048273341917105514,ransac,18,False,True,E9|chir|True,10000000.0,513
30,17,1,3264,0.23072692214226548,True,,0.05592706893177865,ransac,16,False,True,E9|chir|True,10000000.0,514
30,18,1,3296,1.1118901428787882,True,,0.042290380067407984,ransac,15,False,True,E9|chir|True,10000000.0,515
30,16,3,3280,0.463481388575156,True,,0.05667753704355412,ransac,14,False,True,E9|chir|True,10000000.0,516
30,16,0,3248,0.32561002463694927,True,,0.04655866788774203,ransac,16,False,True,E9|chir|True,10000000.0,517
30,18,2,3264,0.07397602036534294,True,,0.05216049720042516,ransac,16,False,True,E9|chir|True,10000000.0,518
30,17,0,3296,0.35853755699524903,True,,0.051188033289339706,ransac,17,False,True,E9|chir|True,10000000.0,519
30,19,2,3264,0.6943908990375564,True,,0.058401748266802535,ransac,19,False,True,E9|chir|True,10000000.0,520
30,19,4,3280,0.23289135467273078,True,,0.04715760017253719,ransac,15,False,True,E9|chir|True,10000000.0,521
30,18,1,3312,0.2950694938502742,True,,0.04019123545898056,ransac,16,False,True,E9|chir|True,10000000.0,522
30,20,2,3296,0.08369146123434033,True,,0.035224751432831,ransac,18,False,True,E9|chir|True,10000000.0,523
30,16,0,3296,0.1686893931287729,True,,0.045133764849769754,ransac,16,False,True,E9|chir|True,10000000.0,524
30,18,2,3264,0.18428369506615905,True,,0.05236420330437104,ransac,18,False,True,E9|chir|True,10000000.0,525
30,19,0,3328,0.6593451302626184,True,,0.0459324690755839,ransac,19,False,True,E9|chir|True,10000000.0,526
30,18,1,3312,1.248346889284984,True,,0.06950500811123532,ransac,17,False,True,E9|chir|True,10000000.0,527
30,17,0,3296,0.5182597651417928,True,,0.055238032196593304,ransac,17,False,True,E9|chir|True,10000000.0,528
30,18,1,3184,0.3832265187602275,True,,0.040776656854991086,ransac,17,False,True,E9|chir|True,10000000.0,529
30,19,0,3328,0.1934163237316581,True,,0.049786207631195296,ransac,19,False,True,E9|chir|True,10000000.0,530
30,15,0,3280,0.21302238971526888,True,,0.04135213594543409,ransac,15,False,True,E9|chir|True,10000000.0,531
30,17,1,3312,0.7846374671928219,True,,0.05472713676549771,ransac,16,False,True,E9|chir|True,10000000.0,532
30,18,2,3280,0.48224468923939506,True,,0.04099394253056769,ransac,16,False,True,E9|chir|True,10000000.0,533
30,16,0,3280,0.7412899663662941,True,,0.05265774634557343,ransac,16,False,True,E9|chir|True,10000000.0,534
30,19,1,3248,0.1585267244653016,True,,0.05752734599183057,ransac,18,False,True,E9|chir|True,10000000.0,535
30,16,3,3280,0.22651559663309143,True,,0.04524039924568308,ransac,13,False,True,E9|chir|True,10000000.0,536
30,16,1,3296,0.10734107862880063,True,,0.03731926749631854,ransac,15,False,True,E9|chir|True,10000000.0,537
30,16,0,3264,0.18699279045569253,True,,0.03589644355033701,ransac,16,False,True,E9|chir|True,10000000.0,538
30,19,0,3312,0.23073386031877843,True,,0.0378226504034678,ransac,19,False,True,E9|chir|True,10000000.0,539
30,18,0,3184,0.35386203282856915,True,,0.030209246844345804,ransac,18,False,True,E9|chir|True,10000000.0,540
30,18,0,3280,0.44913085022207583,True,,0.04524870897137486,ransac,18,False,True,E9|chir|True,10000000.0,541
30,17,0,3264,0.2582135951582115,True,,0.05603957861798676,ransac,16,False,True,E9|chir|True,10000000.0,542
30,16,0,3312,0.7506012196019887,True,,0.03448275103818418,ransac,16,False,True,E9|chir|True,10000000.0,543
30,14,0,3264,0.10670313363024611,True,,0.0367351753478407,ransac,14,False,True,E9|chir|True,10000000.0,544
30,16,4,3264,0.6084261842762698,True,,0.03251163211917872,ransac,14,False,True,E9|chir|True,10000000.0,545
30,19,1,3328,0.6626638661429913,True,,0.046924649219839965,ransac,18,False,True,E9|chir|True,10000000.0,546
30,19,1,3312,0.46453300985658286,True,,0.035468066397246235,ransac,18,False,True,E9|chir|True,10000000.0,547
30,18,0,3296,0.64583056326733,True,,0.05041430923333793,ransac,18,False,True,E9|chir|True,10000000.0,548
30,17,0,3280,0.33261571555018854,True,,0.06461896273188267,ransac,17,False,True,E9|chir|True,10000000.0,549
30,16,0,3248,0.395668881272958,True,,0.04827253056497215,ransac,16,False,True,E9|chir|True,10000000.0,550
30,19,1,3280,1.0842977053092804,True,,0.04753657636145931,ransac,18,False,True,E9|chir|True,10000000.0,551
30,20,4,3264,0.6054204260557622,True,,0.06505192975617156,ransac,17,False,True,E9|chir|True,10000000.0,552
30,16,1,3296,0.3115600077932498,True,,0.046146372305055826,ransac,15,False,True,E9|chir|True,10000000.0,553
30,18,2,3232,0.27408065737417886,True,,0.04891582343532204,ransac,17,False,True,E9|chir|True,10000000.0,554
30,15,0,3312,0.7067478795165494,True,,0.04365770938956577,ransac,15,False,True,E9|chir|True,10000000.0,555
30,18,1,3328,0.589818129843283,True,,0.0506267964867009,ransac,17,False,True,E9|chir|True,10000000.0,556
30,17,0,3216,0.4559000153729876,True,,0.05853361780621088,ransac,16,False,True,E9|chir|True,10000000.0,557
30,16,0,3296,1.413025645214823,True,,0.05461622410136068,ransac,14,False,True,E9|chir|True,10000000.0,558
30,17,2,3264,0.029400411879131054,True,,0.05699060952031043,ransac,15,False,True,E9|chir|True,10000000.0,559
30,18,0,3264,1.012172506202015,True,,0.04387595538974596,ransac,18,False,True,E9|chir|True,10000000.0,560
30,17,0,3232,0.30949462633749625,True,,0.04542894862322207,ransac,17,False,True,E9|chir|True,10000000.0,561
30,18,1,3248,0.43754055758835936,True,,0.03929372523353704,ransac,17,False,True,E9|chir|True,10000000.0,562
30,16,0,3280,0.2133649989693803,True,,0.04008327494020111,ransac,16,False,True,E9|chir|True,10000000.0,563
30,17,3,3296,0.5554341037974266,True,,0.04009404551798366,ransac,14,False,True,E9|chir|True,10000000.0,564
30,18,2,3296,0.7117300304240352,True,,0.023775365677483777,ransac,15,False,True,E9|chir|True,10000000.0,565
30,19,0,3248,0.49109731887449776,True,,0.04349514726524265,ransac,19,False,True,E9|chir|True,10000000.0,566
30,19,0,3328,0.37286936389828274,True,,0.032210188812539564,ransac,19,False,True,E9|chir|True,10000000.0,567
30,18,1,3280,0.4333856687946743,True,,0.033844463093379844,ransac,17,False,True,E9|chir|True,10000000.0,568
30,18,1,3312,0.17966347374720834,True,,0.036484501156260785,ransac,17,False,True,E9|chir|True,10000000.0,569
30,19,0,3232,0.6558124974223503,True,,0.06173519976636615,ransac,17,False,True,E9|chir|True,10000000.0,570
30,19,1,3296,0.4840890651704319,True,,0.057983241019237554,ransac,17,False,True,E9|chir|True,10000000.0,571
30,16,1,3312,0.49274616708982805,True,,0.045428103548264834,ransac,15,False,True,E9|chir|True,10000000.0,572
30,18,0,3328,0.27323268568583997,True,,0.04643428454765869,ransac,18,False,True,E9|chir|True,10000000.0,573
30,18,2,3280,1.1168521554177506,True,,0.05541639266752081,ransac,18,False,True,E9|chir|True,10000000.0,574
30,15,3,3248,0.4729119410508781,True,,0.04874877173068179,ransac,13,False,True,E9|chir|True,10000000.0,575
30,16,1,3312,0.224744291718057,True,,0.036296255791232676,ransac,15,False,True,E9|chir|True,10000000.0,576
30,18,2,3296,0.22296414412080526,True,,0.04472572649844963,ransac,16,False,True,E9|chir|True,10000000.0,577
30,18,3,3296,0.42634890503869244,True,,0.03242954466350793,ransac,14,False,True,E9|chir|True,10000000.0,578
30,19,0,3312,0.2666836599781192,True,,0.04423732448461433,ransac,19,False,True,E9|chir|True,10000000.0,579
30,19,3,3264,0.16925089639113985,True,,0.03006269763485131,ransac,17,False,True,E9|chir|True,10000000.0,580
30,19,2,3328,0.23116513985891246,True,,0.04496498182482387,ransac,19,False,True,E9|chir|True,10000000.0,581
30,17,0,3296,0.3801353692694126,True,,0.04721509422164657,ransac,16,False,True,E9|chir|True,10000000.0,582
30,15,0,3264,0.4679939079268368,True,,0.03801950887303092,ransac,13,False,True,E9|chir|True,10000000.0,583
30,19,1,3280,0.1755376300848041,True,,0.04246989353158612,ransac,17,False,True,E9|chir|True,10000000.0,584
30,19,1,3248,0.3780457351547861,True,,0.05388529000259041,ransac,18,False,True,E9|chir|True,10000000.0,585
30,19,3,3312,0.5814746460742362,True,,0.04397917952628499,ransac,16,False,True,E9|chir|True,10000000.0,586
30,19,1,3296,0.2320240015892733,True,,0.047766274759761425,ransac,18,False,True,E9|chir|True,10000000.0,587
30,18,2,3280,0.7765692302008584,True,,0.05442852065143428,ransac,17,False,True,E9|chir|True,10000000.0,588
30,19,4,3280,0.44524025984802734,True,,0.06560894662959917,ransac,16,False,True,E9|chir|True,10000000.0,589
30,19,3,3296,0.48250978124684707,True,,0.03011236086515351,ransac,17,False,True,E9|chir|True,10000000.0,590
30,20,1,3280,0.814384733821086,True,,0.055514040175141124,ransac,19,False,True,E9|chir|True,10000000.0,591
30,20,0,3296,0.7399531360081057,True,,0.06614580949364554,ransac,20,False,True,E9|chir|True,10000000.0,592
30,17,2,3264,0.7667131680095765,True,,0.051445181689138364,ransac,17,False,True,E9|chir|True,10000000.0,593
30,14,0,3264,0.41104533013353656,True,,0.031459304429019404,ransac,14,False,True,E9|chir|True,10000000.0,594
30,18,2,3296,0.5416414499324079,True,,0.05546021484845836,ransac,18,False,True,E9|chir|True,10000000.0,595
30,17,1,3264,0.15960583817882257,True,,0.05555897760500561,ransac,16,False,True,E9|chir|True,10000000.0,596
30,15,1,3264,0.5338148999253639,True,,0.036600842694362125,ransac,14,False,True,E9|chir|True,10000000.0,597
30,18,2,3216,0.53811984072589,True,,0.0433580653471938,ransac,16,False,True,E9|chir|True,10000000.0,598
30,19,2,3264,0.5558867155490878,True,,0.027072064505257724,ransac,17,False,True,E9|chir|True,10000000.0,599
30,15,0,3264,0.4024526365680402,True,,0.04107836346582167,ransac,15,False,True,E9|chir|True,10000000.0,600
30,18,0,3328,0.1666793375689186,True,,0.048881403445869304,ransac,18,False,True,E9|chir|True,10000000.0,601
30,17,1,3264,0.2651287382004878,True,,0.052430363438510236,ransac,16,False,True,E9|chir|True,10000000.0,602
30,20,1,3248,0.20187226821295773,True,,0.032849104484913155,ransac,17,False,True,E9|chir|True,10000000.0,603
30,19,0,3280,0.46960888717977695,True,,0.042005796473207596,ransac,19,False,True,E9|chir|True,10000000.0,604
30,18,0,3248,0.39191088827902737,True,,0.04325961924584843,ransac,18,False,True,E9|chir|True,10000000.0,605
30,17,1,3264,0.37155027716812616,True,,0.04725351262861354,ransac,15,False,True,E9|chir|True,10000000.0,606
30,17,1,3280,0.744804652909508,True,,0.05245511047342823,ransac,16,False,True,E9|chir|True,10000000.0,607
30,16,0,3280,0.5049251486230146,True,,0.03607613348058784,ransac,16,False,True,E9|chir|True,10000000.0,608
30,19,1,3296,0.5033402258107458,True,,0.032335395317061734,ransac,18,False,True,E9|chir|True,10000000.0,609
30,19,2,3280,1.1003589594082093,True,,0.048877620194513326,ransac,17,False,True,E9|chir|True,10000000.0,610
30,17,4,3328,0.21590866363401148,True,,0.024670402811796173,ransac,14,False,True,E9|chir|True,10000000.0,611
30,14,0,3312,0.7361584439775835,True,,0.043897570809816516,ransac,14,False,True,E9|chir|True,10000000.0,612
30,19,0,3280,0.3811975275060679,True,,0.06176027184941296,ransac,19,False,True,E9|chir|True,10000000.0,613
30,16,1,3296,0.42681482657907854,True,,0.03680949524955911,ransac,14,False,True,E9|chir|True,10000000.0,614
30,18,0,3296,0.4345356538653036,True,,0.045607970891680866,ransac,18,False,True,E9|chir|True,10000000.0,615
30,16,0,3248,0.2449324498058807,True,,0.033452099330550704,ransac,16,False,True,E9|chir|True,10000000.0,616
30,18,0,3264,0.3639835908563024,True,,0.06426566951631627,ransac,18,False,True,E9|chir|True,10000000.0,617
30,17,2,3280,0.2061492037152105,True,,0.039287276357923256,ransac,15,False,True,E9|chir|True,10000000.0,618
30,20,0,3248,0.21204548199520598,True,,0.044969186006455567,ransac,20,False,True,E9|chir|True,10000000.0,619
30,18,0,3296,0.4720576358870776,True,,0.03929636900325138,ransac,18,False,True,E9|chir|True,10000000.0,620
30,17,0,3248,0.5545702673332229,True,,0.04372184392664193,ransac,17,False,True,E9|chir|True,10000000.0,621
30,17,0,3264,0.7078668604554622,True,,0.049877336969063164,ransac,17,False,True,E9|chir|True,10000000.0,622
30,17,0,3296,0.379831271190334,True,,0.04671690226437776,ransac,17,False,True,E9|chir|True,10000000.0,623
30,20,2,3280,0.4103534716918363,True,,0.060028014529148375,ransac,20,False,True,E9|chir|True,10000000.0,624
30,16,0,3312,0.10312627693223461,True,,0.030047896427923906,ransac,16,False,True,E9|chir|True,10000000.0,625
30,17,1,3264,0.4163039869905447,True,,0.0656956071607023,ransac,16,False,True,E9|chir|True,10000000.0,626
30,19,0,3264,0.5019623192893888,True,,0.05794239198691306,ransac,18,False,True,E9|chir|True,10000000.0,627
30,17,0,3200,0.621047602825928,True,,0.04235453323414714,ransac,17,False,True,E9|chir|True,10000000.0,628
30,17,1,3296,0.5030054042065478,True,,0.037858885075247206,ransac,15,False,True,E9|chir|True,10000000.0,629
30,18,0,3328,0.3929315595624005,True,,0.029454021976640276,ransac,18,False,True,E9|chir|True,10000000.0,630
30,20,2,3296,0.574340962422018,True,,0.051614934941262784,ransac,18,False,True,E9|chir|True,10000000.0,631
30,18,3,3264,0.27744947860930463,True,,0.05720830409546744,ransac,15,False,True,E9|chir|True,10000000.0,632
30,16,1,3312,0.6817485209513964,True,,0.049538038265358554,ransac,16,False,True,E9|chir|True,10000000.0,633
30,16,0,3248,0.19186906010100216,True,,0.028852617722349427,ransac,16,False,True,E9|chir|True,10000000.0,634
30,19,3,3264,0.3095240914389675,True,,0.03265707699495361,ransac,16,False,True,E9|chir|True,10000000.0,635
30,17,1,3280,0.9827133797399271,True,,0.03642661996543145,ransac,16,False,True,E9|chir|True,10000000.0,636
30,18,0,3312,0.8173771219831306,True,,0.035867763450245026,ransac,18,False,True,E9|chir|True,10000000.0,637
30,17,2,3296,0.6514042412309767,True,,0.04713513339690459,ransac,17,False,True,E9|chir|True,10000000.0,638
30,15,0,3264,0.2816781528741324,True,,0.055189219611460616,ransac,15,False,True,E9|chir|True,10000000.0,639
30,15,0,3264,0.5898138698008399,True,,0.05273354137159309,ransac,15,False,True,E9|chir|True,10000000.0,640
30,20,1,3200,1.1456601496026324,True,,0.0506508388584105,ransac,19,False,True,E9|chir|True,10000000.0,641
30,17,0,3312,0.1655027046530834,True,,0.047471654311963686,ransac,17,False,True,E9|chir|True,10000000.0,642
30,19,0,3264,0.41888987819856327,True,,0.03860425914246916,ransac,18,False,True,E9|chir|True,10000000.0,643
30,19,1,3280,0.3059185560946194,True,,0.046798451655469774,ransac,18,False,True,E9|chir|True,10000000.0,644
30,17,0,3232,0.2577103342547631,True,,0.029950395453883984,ransac,17,False,True,E9|chir|True,10000000.0,645
30,17,0,3296,0.6943910126446933,True,,0.04786246749702961,ransac,17,False,True,E9|chir|True,10000000.0,646
30,17,1,3264,0.7744715096713779,True,,0.05221750090716336,ransac,16,False,True,E9|chir|True,10000000.0,647
30,17,0,3296,0.6471086480472986,True,,0.04850551804552254,ransac,17,False,True,E9|chir|True,10000000.0,648
30,17,0,3296,0.30255658755154574,True,,0.033141925429414076,ransac,17,False,True,E9|chir|True,10000000.0,649
30,17,2,3248,0.17923611167429582,True,,0.044271822342503125,ransac,15,False,True,E9|chir|True,10000000.0,650
30,15,2,3280,0.39951647795141554,True,,0.04361847184722102,ransac,15,False,True,E9|chir|True,10000000.0,651
30,17,0,3280,0.18443002702635125,True,,0.04455713646901829,ransac,16,False,True,E9|chir|True,10000000.0,652
30,20,1,3248,0.7440894009300606,True,,0.05511233360377128,ransac,19,False,True,E9|chir|True,10000000.0,653
30,17,0,3296,0.2941065281733887,True,,0.055846892264431486,ransac,17,False,True,E9|chir|True,10000000.0,654
30,19,3,3248,0.5440356660527769,True,,0.046365401786831406,ransac,16,False,True,E9|chir|True,10000000.0,655
30,16,1,3296,0.5268152905746978,True,,0.03777731964873063,ransac,15,False,True,E9|chir|True,10000000.0,656
30,19,0,3296,0.11249899696975489,True,,0.05494845785072929,ransac,18,False,True,E9|chir|True,10000000.0,657
30,18,1,3248,0.3483884661853532,True,,0.032374925415453164,ransac,17,False,True,E9|chir|True,10000000.0,658
30,18,3,3328,0.2789084882731033,True,,0.042154823803102585,ransac,16,False,True,E9|chir|True,10000000.0,659
30,18,0,3312,0.8667571162574442,True,,0.06223004466003784,ransac,18,False,True,E9|chir|True,10000000.0,660
30,18,0,3280,0.8009302448623933,True,,0.05956850223508971,ransac,18,False,True,E9|chir|True,10000000.0,661
30,18,1,3280,0.1503031997115024,True,,0.05283680963416285,ransac,16,False,True,E9|chir|True,10000000.0,662
30,18,0,3264,0.30198647268038437,True,,0.0388111827553718,ransac,18,False,True,E9|chir|True,10000000.0,663
30,18,0,3216,0.20055041736854112,True,,0.051196338150494854,ransac,17,False,True,E9|chir|True,10000000.0,664
30,18,2,3296,0.6639293047534102,True,,0.039720348192938806,ransac,18,False,True,E9|chir|True,10000000.0,665
30,17,0,3280,0.42273580381054504,True,,0.0629908479204394,ransac,17,False,True,E9|chir|True,10000000.0,666
30,17,2,3280,0.5238680069918066,True,,0.043481909812727086,ransac,16,False,True,E9|chir|True,10000000.0,667
30,16,0,3248,0.4806722191136255,True,,0.05153775593841126,ransac,15,False,True,E9|chir|True,10000000.0,668
30,17,0,3232,0.5055116592203157,True,,0.04435507831566994,ransac,17,False,True,E9|chir|True,10000000.0,669
30,18,1,3280,0.13023731693720242,True,,0.04561557718560465,ransac,17,False,True,E9|chir|True,10000000.0,670
30,18,2,3264,0.39869289930753926,True,,0.0601399506508844,ransac,17,False,True,E9|chir|True,10000000.0,671
30,19,1,3328,0.296377768937384,True,,0.05267387344456189,ransac,18,False,True,E9|chir|True,10000000.0,672
30,17,1,3280,0.1762547305055146,True,,0.04924419332400458,ransac,16,False,True,E9|chir|True,10000000.0,673
30,18,0,3264,0.638962670916617,True,,0.05196055842963821,ransac,18,False,True,E9|chir|True,10000000.0,674
30,16,0,3280,0.3308302822848403,True,,0.03421559423425718,ransac,15,False,True,E9|chir|True,10000000.0,675
30,17,0,3296,0.5306407116609101,True,,0.048916588771101895,ransac,17,False,True,E9|chir|True,10000000.0,676
30,19,0,3264,0.09910694812855342,True,,0.043129594375646035,ransac,19,False,True,E9|chir|True,10000000.0,677
30,19,1,3312,0.9109716862148108,True,,0.03846987942329208,ransac,17,False,True,E9|chir|True,10000000.0,678
30,17,0,3280,0.6023078083839191,True,,0.05108803520222134,ransac,16,False,True,E9|chir|True,10000000.0,679
30,16,1,3296,0.361177890477817,True,,0.042236419026925806,ransac,14,False,True,E9|chir|True,10000000.0,680
30,19,2,3296,0.3704432133654328,True,,0.05427610003906409,ransac,17,False,True,E9|chir|True,10000000.0,681
30,17,1,3264,0.2949851767118891,True,,0.03329440967608511,ransac,16,False,True,E9|chir|True,10000000.0,682
30,17,1,3232,0.6084243827389354,True,,0.03687030964495567,ransac,16,False,True,E9|chir|True,10000000.0,683
30,16,2,3248,0.44193818981560884,True,,0.04800010188017319,ransac,16,False,True,E9|chir|True,10000000.0,684
30,19,0,3264,0.5167515263438,True,,0.07602319476059377,ransac,19,False,True,E9|chir|True,10000000.0,685
30,17,0,3296,0.5566239662757373,True,,0.046724059960615266,ransac,16,False,True,E9|chir|True,10000000.0,686
30,18,1,3280,0.48598445444234367,True,,0.026800401899790573,ransac,17,False,True,E9|chir|True,10000000.0,687
30,14,0,3216,0.21473630679538364,True,,0.04713317522129993,ransac,14,False,True,E9|chir|True,10000000.0,688
30,16,2,3296,0.5124552340893475,True,,0.027964753689077658,ransac,14,False,True,E9|chir|True,10000000.0,689
30,18,1,3296,0.07318376993707715,True,,0.019133452092848394,ransac,17,False,True,E9|chir|True,10000000.0,690
30,19,1,3312,0.4681588955239483,True,,0.03510462381109092,ransac,18,False,True,E9|chir|True,10000000.0,691
30,17,1,3264,0.4659159667822302,True,,0.03976555957598123,ransac,16,False,True,E9|chir|True,10000000.0,692
30,20,0,3280,0.9554505797887284,True,,0.040103333638640895,ransac,20,False,True,E9|chir|True,10000000.0,693
30,20,1,3312,0.6044119896525678,True,,0.04776960361104415,ransac,18,False,True,E9|chir|True,10000000.0,694
30,17,1,3296,0.6629705631584508,True,,0.04428074719594718,ransac,16,False,True,E9|chir|True,10000000.0,695
30,17,1,3248,0.41622343115220584,True,,0.041525804151862786,ransac,14,False,True,E9|chir|True,10000000.0,696
30,17,1,3264,0.21787190633689638,True,,0.03546517333668413,ransac,15,False,True,E9|chir|True,10000000.0,697
30,16,1,3280,0.28606388850632075,True,,0.043685395411223814,ransac,15,False,True,E9|chir|True,10000000.0,698
30,13,0,3248,0.2796062744737298,True,,0.038610460505124795,ransac,13,False,True,E9|chir|True,10000000.0,699
30,16,0,3232,0.43237180452301444,True,,0.05836841193237741,ransac,15,False,True,E9|chir|True,10000000.0,700
30,18,1,3280,0.3635595742977535,True,,0.05605283810161486,ransac,16,False,True,E9|chir|True,10000000.0,701
30,19,1,3296,0.3374365500608079,True,,0.05453479711567065,ransac,17,False,True,E9|chir|True,10000000.0,702
30,20,1,3264,0.18838150190969755,True,,0.038841171464148956,ransac,18,False,True,E9|chir|True,10000000.0,703
30,17,0,3296,0.7288268913084924,True,,0.05109581608740692,ransac,17,False,True,E9|chir|True,10000000.0,704
30,13,0,3312,0.5065848779911791,True,,0.029347382554249384,ransac,13,False,True,E9|chir|True,10000000.0,705
30,17,3,3264,0.4471144759066019,True,,0.0673691288386553,ransac,15,False,True,E9|chir|True,10000000.0,706
30,17,1,3296,0.5558888673867984,True,,0.03632859747745316,ransac,16,False,True,E9|chir|True,10000000.0,707
30,16,1,3312,0.9074222765936147,True,,0.052961591515284345,ransac,14,False,True,E9|chir|True,10000000.0,708
30,19,2,3280,0.5186901728377488,True,,0.0393230046859287,ransac,17,False,True,E9|chir|True,10000000.0,709
30,19,1,3248,0.5500587731537255,True,,0.0349817820160204,ransac,17,False,True,E9|chir|True,10000000.0,710
30,15,1,3296,0.4205822620626176,True,,0.03571024645599306,ransac,14,False,True,E9|chir|True,10000000.0,711
30,19,4,3248,0.579525566304565,True,,0.05789816244482299,ransac,15,False,True,E9|chir|True,10000000.0,712
30,19,2,3328,0.5726049849259168,True,,0.04445894879802118,ransac,17,False,True,E9|chir|True,10000000.0,713
30,18,1,3280,0.41935066891281414,True,,0.044484583980239564,ransac,17,False,True,E9|chir|True,10000000.0,714
30,19,1,3280,0.2806624052448249,True,,0.03410130210427041,ransac,18,False,True,E9|chir|True,10000000.0,715
30,17,1,3296,0.4273136395593075,True,,0.027632013995167338,ransac,15,False,True,E9|chir|True,10000000.0,716
30,12,0,3296,0.8013277209947091,True,,0.047355295331879925,ransac,11,False,True,E9|chir|True,10000000.0,717
30,17,1,3296,0.48695321921722823,True,,0.04203799722872568,ransac,16,False,True,E9|chir|True,10000000.0,718
30,17,1,3200,0.2620021500151937,True,,0.04284592063244359,ransac,16,False,True,E9|chir|True,10000000.0,719
30,17,0,3280,0.4375645125702806,True,,0.03685599430126766,ransac,17,False,True,E9|chir|True,10000000.0,720
30,18,2,3280,0.3004919745666621,True,,0.048346702022996166,ransac,16,False,True,E9|chir|True,10000000.0,721
30,17,0,3296,0.3450300046966728,True,,0.05342370043433655,ransac,17,False,True,E9|chir|True,10000000.0,722
30,18,1,3216,0.2631246838865104,True,,0.03663170176634472,ransac,16,False,True,E9|chir|True,10000000.0,723
30,17,0,3264,0.527935371410525,True,,0.05016398384848529,ransac,17,False,True,E9|chir|True,10000000.0,724
30,18,1,3296,0.806010952272957,True,,0.05524148502256574,ransac,17,False,True,E9|chir|True,10000000.0,725
30,20,0,3296,0.11673983260943564,True,,0.050919151357879666,ransac,19,False,True,E9|chir|True,10000000.0,726
30,17,2,3296,0.19387217002249513,True,,0.03490183669328264,ransac,17,False,True,E9|chir|True,10000000.0,727
30,18,2,3232,0.29087024638865266,True,,0.04827207449973883,ransac,15,False,True,E9|chir|True,10000000.0,728
30,18,2,3328,0.22076165590085697,True,,0.04690347822844812,ransac,18,False,True,E9|chir|True,10000000.0,729
30,17,0,3280,0.30936857971447956,True,,0.047094194163664144,ransac,16,False,True,E9|chir|True,10000000.0,730
30,18,2,3280,0.37500695290464553,True,,0.039069581621508455,ransac,15,False,True,E9|chir|True,10000000.0,731
30,19,0,3248,0.5425654095239739,True,,0.061403765719634615,ransac,19,False,True,E9|chir|True,10000000.0,732
30,15,1,3296,0.28339631260005865,True,,0.047493258962384516,ransac,13,False,True,E9|chir|True,10000000.0,733
30,15,0,3264,0.3215735308149143,True,,0.023145765054568723,ransac,15,False,True,E9|chir|True,10000000.0,734
30,17,2,3312,0.41275097778118996,True,,0.057854238898200745,ransac,17,False,True,E9|chir|True,10000000.0,735
30,18,1,3328,0.3706488528264511,True,,0.033623386598146045,ransac,17,False,True,E9|chir|True,10000000.0,736
30,19,0,3232,0.3565135357861454,True,,0.05146957931247109,ransac,18,False,True,E9|chir|True,10000000.0,737
30,21,2,3248,0.05882602491746293,True,,0.06251789721682456,ransac,20,False,True,E9|chir|True,10000000.0,738
30,16,1,3248,0.4427299530691733,True,,0.03792283349824655,ransac,15,False,True,E9|chir|True,10000000.0,739
30,12,2,3312,0.4952073486955993,True,,0.02338431767109756,ransac,12,False,True,E9|chir|True,10000000.0,740
30,18,2,3312,0.3061078651465708,True,,0.04246265427133995,ransac,16,False,True,E9|chir|True,10000000.0,741
30,17,2,3296,0.23598466175020996,True,,0.03976066124654719,ransac,15,False,True,E9|chir|True,10000000.0,742
30,18,2,3264,0.6279212328883732,True,,0.051483382943940253,ransac,15,False,True,E9|chir|True,10000000.0,743
30,16,1,3264,0.39640661300576285,True,,0.040537440501776496,ransac,15,False,True,E9|chir|True,10000000.0,744
30,20,1,3312,0.07017839884080997,True,,0.05334455008706264,ransac,18,False,True,E9|chir|True,10000000.0,745
30,17,0,3248,0.4566820380886814,True,,0.04409199717990407,ransac,17,False,True,E9|chir|True,10000000.0,746
30,17,0,3264,0.47505168257379243,True,,0.028978016451803333,ransac,16,False,True,E9|chir|True,10000000.0,747
30,18,3,3264,0.15722069676384742,True,,0.05648864759731769,ransac,18,False,True,E9|chir|True,10000000.0,748
30,19,0,3232,0.29117090946070634,True,,0.06131680896600597,ransac,18,False,True,E9|chir|True,10000000.0,749
30,19,2,3280,0.498615168938129,True,,0.04102538095245575,ransac,16,False,True,E9|chir|True,10000000.0,750
30,19,1,3264,0.32519521923963557,True,,0.045714708572256575,ransac,18,False,True,E9|chir|True,10000000.0,751
30,20,0,3280,0.32561591177516036,True,,0.06121371307627245,ransac,20,False,True,E9|chir|True,10000000.0,752
30,17,0,3280,0.5240986536175231,True,,0.030397677131421965,ransac,17,False,True,E9|chir|True,10000000.0,753
30,19,0,3280,0.11884357335975068,True,,0.037100416894433344,ransac,17,False,True,E9|chir|True,10000000.0,754
30,17,2,3280,0.09848134038900244,True,,0.030401453676969052,ransac,15,False,True,E9|chir|True,10000000.0,755
30,17,3,3264,0.20714238927289289,True,,0.044472510326880654,ransac,14,False,True,E9|chir|True,10000000.0,756
30,19,2,3280,0.8045744140293446,True,,0.052787390238135556,ransac,19,False,True,E9|chir|True,10000000.0,757
30,15,0,3312,0.5649244210127139,True,,0.05938888704152128,ransac,15,False,True,E9|chir|True,10000000.0,758
30,15,0,3328,0.891361516335199,True,,0.03074895210684953,ransac,15,False,True,E9|chir|True,10000000.0,759
30,17,0,3264,0.8102492718124336,True,,0.043613354197916884,ransac,17,False,True,E9|chir|True,10000000.0,760
30,18,0,3280,0.8412001241529349,True,,0.04086184079177047,ransac,18,False,True,E9|chir|True,10000000.0,761
30,18,2,3296,0.56550600856777,True,,0.040977242452608385,ransac,16,False,True,E9|chir|True,10000000.0,762
30,17,0,3296,0.57423921441246,True,,0.05066211387884791,ransac,17,False,True,E9|chir|True,10000000.0,763
30,12,0,3232,0.802693051460648,True,,0.02181595391774857,ransac,12,False,True,E9|chir|True,10000000.0,764
30,18,3,3232,0.14940512007874454,True,,0.03757945199173508,ransac,16,False,True,E9|chir|True,10000000.0,765
30,17,1,3232,0.5507675421154626,True,,0.03652659642315756,ransac,15,False,True,E9|chir|True,10000000.0,766
30,19,0,3280,0.6044481112810658,True,,0.058012473103372875,ransac,19,False,True,E9|chir|True,10000000.0,767
30,16,2,3296,0.1824079024346917,True,,0.04602546847430119,ransac,16,False,True,E9|chir|True,10000000.0,768
30,17,1,3280,0.6051417191916836,True,,0.03369411054603645,ransac,16,False,True,E9|chir|True,10000000.0,769
30,16,0,3264,0.4028481694563475,True,,0.03894728723435209,ransac,16,False,True,E9|chir|True,10000000.0,770
30,17,1,3296,0.5864095576854351,True,,0.027238371916324274,ransac,15,False,True,E9|chir|True,10000000.0,771
30,16,0,3312,0.4816178748752554,True,,0.046610363062810335,ransac,16,False,True,E9|chir|True,10000000.0,772
30,18,2,3248,0.2456775677427017,True,,0.0481159778590558,ransac,18,False,True,E9|chir|True,10000000.0,773
30,16,0,3312,0.9628649728617361,True,,0.042963694769990034,ransac,16,False,True,E9|chir|True,10000000.0,774
30,19,3,3248,0.47888937708419105,True,,0.0427953338680954,ransac,17,False,True,E9|chir|True,10000000.0,775
30,16,3,3312,0.09028687759058805,True,,0.04200286618421615,ransac,14,False,True,E9|chir|True,10000000.0,776
30,19,1,3296,0.477204758153855,True,,0.053906092965435755,ransac,17,False,True,E9|chir|True,10000000.0,777
30,15,2,3232,0.7121230079084253,True,,0.05233341908593257,ransac,15,False,True,E9|chir|True,10000000.0,778
30,17,0,3264,0.36683824110476865,True,,0.029041953993467373,ransac,16,False,True,E9|chir|True,10000000.0,779
30,19,0,3264,0.5856107723959988,True,,0.05375151870177255,ransac,19,False,True,E9|chir|True,10000000.0,780
30,19,1,3232,0.3781835502242011,True,,0.04961141460442009,ransac,18,False,True,E9|chir|True,10000000.0,781
30,19,1,3264,0.4739023290936765,True,,0.04747763746026505,ransac,17,False,True,E9|chir|True,10000000.0,782
30,20,1,3312,0.3534275438690338,True,,0.05791266421614921,ransac,18,False,True,E9|chir|True,10000000.0,783
30,21,2,3296,0.15161610635217118,True,,0.056919128248421845,ransac,19,False,True,E9|chir|True,10000000.0,784
30,17,2,3296,0.4613527067771249,True,,0.03773277259260066,ransac,17,False,True,E9|chir|True,10000000.0,785
30,17,3,3312,0.5471174764439558,True,,0.025304194863208427,ransac,15,False,True,E9|chir|True,10000000.0,786
30,17,1,3280,0.3125264255037325,True,,0.06948261055284917,ransac,16,False,True,E9|chir|True,10000000.0,787
30,18,2,3248,0.48024545613272196,True,,0.06608908199301286,ransac,18,False,True,E9|chir|True,10000000.0,788
30,17,0,3312,0.33294457833960045,True,,0.03237832145854456,ransac,17,False,True,E9|chir|True,10000000.0,789
30,18,0,3280,0.42243108083536235,True,,0.03863449740491122,ransac,17,False,True,E9|chir|True,10000000.0,790
30,18,2,3264,0.53241633511506,True,,0.04388885384891209,ransac,16,False,True,E9|chir|True,10000000.0,791
30,16,0,3280,0.4258141039585763,True,,0.05048983446139322,ransac,16,False,True,E9|chir|True,10000000.0,792
30,16,1,3280,0.3246154504706391,True,,0.04353735267618872,ransac,14,False,True,E9|chir|True,10000000.0,793
30,18,0,3280,0.2785814133701121,True,,0.05587464121099879,ransac,18,False,True,E9|chir|True,10000000.0,794
30,16,1,3216,0.18054252995847855,True,,0.042604734771584295,ransac,15,False,True,E9|chir|True,10000000.0,795
30,17,1,3296,0.45933180785901995,True,,0.06801932815774588,ransac,16,False,True,E9|chir|True,10000000.0,796
30,19,1,3248,0.6848591166570244,True,,0.05689055907212445,ransac,18,False,True,E9|chir|True,10000000.0,797
30,17,0,3280,0.734395100008047,True,,0.03939401175103467,ransac,17,False,True,E9|chir|True,10000000.0,798
30,19,3,3280,0.27272588888427646,True,,0.04927787972924334,ransac,16,False,True,E9|chir|True,10000000.0,799
30,14,1,3248,0.30053705869568875,True,,0.04670339420573781,ransac,13,False,True,E9|chir|True,10000000.0,800
30,17,0,3296,0.061453101909263556,True,,0.04612782181185327,ransac,17,False,True,E9|chir|True,10000000.0,801
30,18,3,3264,0.6833194751419026,True,,0.0593167379901696,ransac,18,False,True,E9|chir|True,10000000.0,802
30,18,1,3296,0.4385823206539043,True,,0.06478582784982925,ransac,17,False,True,E9|chir|True,10000000.0,803
30,14,1,3264,0.3569602198215562,True,,0.03740645983186961,ransac,13,False,True,E9|chir|True,10000000.0,804
30,18,1,3312,0.40705919972732396,True,,0.04604755783544829,ransac,17,False,True,E9|chir|True,10000000.0,805
30,18,1,3248,0.13883071473668493,True,,0.039936606255939915,ransac,17,False,True,E9|chir|True,10000000.0,806
30,19,2,3280,0.21463341910959616,True,,0.04946052322472417,ransac,17,False,True,E9|chir|True,10000000.0,807
30,15,1,3280,0.39790532724877464,True,,0.03860093284184249,ransac,14,False,True,E9|chir|True,10000000.0,808
30,16,0,3264,0.9400876737548371,True,,0.056271981937550265,ransac,16,False,True,E9|chir|True,10000000.0,809
30,18,2,3280,0.2221348255177898,True,,0.05010666462368785,ransac,18,False,True,E9|chir|True,10000000.0,810
30,19,1,3248,0.3594029064800657,True,,0.04801375106582656,ransac,18,False,True,E9|chir|True,10000000.0,811
30,17,0,3264,0.34409922774110224,True,,0.035363603166392595,ransac,17,False,True,E9|chir|True,10000000.0,812
30,20,2,3328,0.5301049483616039,True,,0.043694941734930846,ransac,18,False,True,E9|chir|True,10000000.0,813
30,21,2,3296,0.2408859552416838,True,,0.05719631749300768,ransac,18,False,True,E9|chir|True,10000000.0,814
30,15,0,3280,0.24758177064061768,True,,0.051191208825948825,ransac,15,False,True,E9|chir|True,10000000.0,815
30,18,1,3296,0.8754608309062396,True,,0.034793983897514986,ransac,17,False,True,E9|chir|True,10000000.0,816
30,19,0,3280,0.6752633213577511,True,,0.044539541707997204,ransac,19,False,True,E9|chir|True,10000000.0,817
30,17,0,3280,0.7520823616520808,True,,0.060133912789377394,ransac,17,False,True,E9|chir|True,10000000.0,818
30,17,0,3280,0.39365950748652745,True,,0.04585061027240616,ransac,16,False,True,E9|chir|True,10000000.0,819
30,20,1,3296,0.22163862088317415,True,,0.03845467147020601,ransac,19,False,True,E9|chir|True,10000000.0,820
30,16,0,3296,0.7271809481940649,True,,0.04503107703252453,ransac,16,False,True,E9|chir|True,10000000.0,821
30,20,0,3264,0.46981701582287744,True,,0.0294155853607504,ransac,20,False,True,E9|chir|True,10000000.0,822
30,17,1,3296,0.5215307736477541,True,,0.04009345020594921,ransac,16,False,True,E9|chir|True,10000000.0,823
30,16,1,3312,0.11207539051192873,True,,0.04480023131336046,ransac,14,False,True,E9|chir|True,10000000.0,824
30,19,0,3312,0.27170653052635013,True,,0.02831632416617963,ransac,19,False,True,E9|chir|True,10000000.0,825
30,15,1,3312,0.34967174030210985,True,,0.045234585580003026,ransac,14,False,True,E9|chir|True,10000000.0,826
30,18,2,3248,0.48176182771025094,True,,0.049846046478585884,ransac,18,False,True,E9|chir|True,10000000.0,827
30,17,1,3280,0.33945633011676396,True,,0.04482167155402713,ransac,16,False,True,E9|chir|True,10000000.0,828
30,16,2,3296,0.7734686560732217,True,,0.06527391156154949,ransac,16,False,True,E9|chir|True,10000000.0,829
30,18,0,3264,0.9093053248612932,True,,0.05932171838431481,ransac,17,False,True,E9|chir|True,10000000.0,830
30,19,0,3280,0.46366848684487466,True,,0.04103793206190998,ransac,19,False,True,E9|chir|True,10000000.0,831
30,19,0,3248,0.2621628979875423,True,,0.05224736841153305,ransac,18,False,True,E9|chir|True,10000000.0,832
30,18,2,3312,1.4415762636009317,True,,0.06710337122350267,ransac,15,False,True,E9|chir|True,10000000.0,833
30,19,1,3312,0.4076961046400908,True,,0.05071043247331634,ransac,18,False,True,E9|chir|True,10000000.0,834
30,17,4,3264,1.320703301452105,True,,0.041483744558091167,ransac,13,False,True,E9|chir|True,10000000.0,835
30,17,1,3296,0.4281973198648362,True,,0.03597685199646138,ransac,15,False,True,E9|chir|True,10000000.0,836
30,17,1,3264,0.2771324903737967,True,,0.04865324310175272,ransac,15,False,True,E9|chir|True,10000000.0,837
30,15,1,3200,0.5739541218098058,True,,0.035849681005034426,ransac,14,False,True,E9|chir|True,10000000.0,838
30,19,1,3296,0.350977284239288,True,,0.06029766942653525,ransac,18,False,True,E9|chir|True,10000000.0,839
30,15,1,3312,0.9961417201853512,True,,0.055889199253362276,ransac,13,False,True,E9|chir|True,10000000.0,840
30,15,2,3264,0.33800736412591653,True,,0.03920442932506134,ransac,14,False,True,E9|chir|True,10000000.0,841
30,20,0,3296,0.13606684340460243,True,,0.05572385234582199,ransac,20,False,True,E9|chir|True,10000000.0,842
30,19,0,3312,0.512068092742029,True,,0.036580053250483115,ransac,19,False,True,E9|chir|True,10000000.0,843
30,17,3,3264,0.4830358921025237,True,,0.03279870063344228,ransac,14,False,True,E9|chir|True,10000000.0,844
30,15,2,3296,0.3970218279910643,True,,0.03780800719414236,ransac,15,False,True,E9|chir|True,10000000.0,845
30,15,2,3312,0.34163990369989605,True,,0.02610302357854926,ransac,15,False,True,E9|chir|True,10000000.0,846
30,16,0,3248,0.44081027799187655,True,,0.04860810929287019,ransac,16,False,True,E9|chir|True,10000000.0,847
30,18,1,3312,0.35712188225840374,True,,0.030550689371278625,ransac,17,False,True,E9|chir|True,10000000.0,848
30,19,0,3296,0.48672108470721326,True,,0.03942510924887214,ransac,19,False,True,E9|chir|True,10000000.0,849
30,19,1,3232,0.8965310091533895,True,,0.034877352756912346,ransac,18,False,True,E9|chir|True,10000000.0,850
30,17,2,3296,0.2595739429448911,True,,0.03010471871888828,ransac,17,False,True,E9|chir|True,10000000.0,851
30,18,1,3280,0.40876334020675553,True,,0.030387456954701027,ransac,17,False,True,E9|chir|True,10000000.0,852
30,19,0,3248,0.48896402796855115,True,,0.05237756856130809,ransac,19,False,True,E9|chir|True,10000000.0,853
30,15,1,3248,0.5067023861694591,True,,0.04188437868820784,ransac,14,False,True,E9|chir|True,10000000.0,854
30,17,1,3248,0.37054675443832463,True,,0.04257804002919564,ransac,16,False,True,E9|chir|True,10000000.0,855
30,18,0,3264,0.1720368744345829,True,,0.053870918502482025,ransac,18,False,True,E9|chir|True,10000000.0,856
30,17,2,3296,0.1193020870761144,True,,0.042871068760397084,ransac,14,False,True,E9|chir|True,10000000.0,857
30,18,2,3264,0.7881616846143769,True,,0.050221214776797495,ransac,16,False,True,E9|chir|True,10000000.0,858
30,16,0,3296,0.28978170901474104,True,,0.053917037430582244,ransac,16,False,True,E9|chir|True,10000000.0,859
30,19,1,3296,0.7855480459936418,True,,0.05418407411006654,ransac,18,False,True,E9|chir|True,10000000.0,860
30,16,2,3280,0.40462744574210496,True,,0.03878936560031655,ransac,14,False,True,E9|chir|True,10000000.0,861
30,16,0,3200,0.4271422908576708,True,,0.05469166326933596,ransac,16,False,True,E9|chir|True,10000000.0,862
30,17,0,3280,0.6141993164277575,True,,0.042665301166266434,ransac,17,False,True,E9|chir|True,10000000.0,863
30,14,1,3264,0.28326312287417643,True,,0.05265648045804798,ransac,14,False,True,E9|chir|True,10000000.0,864
30,16,0,3280,0.11766978646647516,True,,0.030412993259255814,ransac,16,False,True,E9|chir|True,10000000.0,865
30,18,2,3232,0.48713286930256067,True,,0.04424026898382764,ransac,18,False,True,E9|chir|True,10000000.0,866
30,16,2,3280,0.5845247744959399,True,,0.036183652485405914,ransac,14,False,True,E9|chir|True,10000000.0,867
30,17,1,3248,0.19227517663198135,True,,0.05454508251263475,ransac,17,False,True,E9|chir|True,10000000.0,868
30,18,1,3264,0.3998761619644081,True,,0.03856831578056844,ransac,17,False,True,E9|chir|True,10000000.0,869
30,19,1,3296,0.5051860366775459,True,,0.02967859330955368,ransac,17,False,True,E9|chir|True,10000000.0,870
30,16,0,3232,0.5372893850221844,True,,0.04180729136876293,ransac,16,False,True,E9|chir|True,10000000.0,871
30,19,0,3264,0.17460037921946472,True,,0.043275451861346764,ransac,19,False,True,E9|chir|True,10000000.0,872
30,19,2,3296,0.18026147417802407,True,,0.05518369113052367,ransac,19,False,True,E9|chir|True,10000000.0,873
30,17,1,3264,0.20960199297081486,True,,0.04753090805993446,ransac,15,False,True,E9|chir|True,10000000.0,874
30,17,2,3264,0.275224322463278,True,,0.04102281031747562,ransac,17,False,True,E9|chir|True,10000000.0,875
30,20,1,3248,0.42207995096163115,True,,0.057271614426926194,ransac,18,False,True,E9|chir|True,10000000.0,876
30,16,1,3280,0.7284665522194402,True,,0.04222676077945712,ransac,15,False,True,E9|chir|True,10000000.0,877
30,17,1,3264,0.6071486420956025,True,,0.05908530681422114,ransac,16,False,True,E9|chir|True,10000000.0,878
30,15,0,3280,0.29824647068261473,True,,0.053242080502747154,ransac,14,False,True,E9|chir|True,10000000.0,879
30,20,1,3296,0.2829024761705031,True,,0.07126343146560864,ransac,19,False,True,E9|chir|True,10000000.0,880
30,18,0,3216,0.3593048247056998,True,,0.04990722602272787,ransac,18,False,True,E9|chir|True,10000000.0,881
30,17,1,3232,0.20527639210032503,True,,0.03759944554925419,ransac,16,False,True,E9|chir|True,10000000.0,882
30,21,1,3296,0.3896421783730717,True,,0.043590726241491205,ransac,19,False,True,E9|chir|True,10000000.0,883
30,19,1,3296,0.33957805442887756,True,,0.067547019057471,ransac,18,False,True,E9|chir|True,10000000.0,884
30,16,0,3296,0.581967964901678,True,,0.04510271896890488,ransac,16,False,True,E9|chir|True,10000000.0,885
30,17,2,3232,0.3594453683291637,True,,0.03239307894461962,ransac,15,False,True,E9|chir|True,10000000.0,886
30,16,0,3264,0.3349347867043693,True,,0.04460418626010208,ransac,15,False,True,E9|chir|True,10000000.0,887
30,18,2,3296,0.09189464717433357,True,,0.03240161121216416,ransac,16,False,True,E9|chir|True,10000000.0,888
30,15,1,3264,0.17631606747852074,True,,0.034971708716010984,ransac,14,False,True,E9|chir|True,10000000.0,889
30,16,0,3248,1.1887701931918924,True,,0.030363729530703307,ransac,16,False,True,E9|chir|True,10000000.0,890
30,16,1,3264,0.30359442171816786,True,,0.04618016087343023,ransac,15,False,True,E9|chir|True,10000000.0,891
30,18,0,3280,0.38155812536544015,True,,0.05876117941860241,ransac,18,False,True,E9|chir|True,10000000.0,892
30,20,0,3312,0.47866491275457346,True,,0.05927807230574298,ransac,19,False,True,E9|chir|True,10000000.0,893
30,18,3,3248,0.6356125646013,True,,0.04282482793765406,ransac,14,False,True,E9|chir|True,10000000.0,894
30,17,0,3280,0.10321095412098472,True,,0.029170088117830853,ransac,17,False,True,E9|chir|True,10000000.0,895
30,16,0,3296,0.718014044962247,True,,0.059723678926074227,ransac,15,False,True,E9|chir|True,10000000.0,896
30,18,1,3312,0.36130076199327915,True,,0.04354804330736069,ransac,17,False,True,E9|chir|True,10000000.0,897
30,17,0,3280,0.739050402185233,True,,0.04246584744521454,ransac,17,False,True,E9|chir|True,10000000.0,898
30,16,0,3328,0.6174018304668694,True,,0.03661259200934349,ransac,16,False,True,E9|chir|True,10000000.0,899
30,16,1,3280,0.4423434544647348,True,,0.050912735883917856,ransac,14,False,True,E9|chir|True,10000000.0,900
30,18,0,3312,0.7926154997339704,True,,0.05889030810612181,ransac,18,False,True,E9|chir|True,10000000.0,901
30,18,2,3264,0.46901854555648215,True,,0.05508985137244955,ransac,16,False,True,E9|chir|True,10000000.0,902
30,17,1,3264,0.11041251551035597,True,,0.039724444139772275,ransac,16,False,True,E9|chir|True,10000000.0,903
30,18,0,3296,0.5327088703543158,True,,0.039312376946351583,ransac,18,False,True,E9|chir|True,10000000.0,904
30,18,1,3280,0.5331962600323972,True,,0.04337440189339363,ransac,17,False,True,E9|chir|True,10000000.0,905
30,16,1,3312,0.48494183763244486,True,,0.033692751374173165,ransac,15,False,True,E9|chir|True,10000000.0,906
30,17,1,3280,0.9114681333814272,True,,0.02932752755671122,ransac,16,False,True,E9|chir|True,10000000.0,907
30,19,0,3296,0.16197652212294775,True,,0.02624378798561041,ransac,19,False,True,E9|chir|True,10000000.0,908
30,16,0,3264,0.3870564561988127,True,,0.040189513793048665,ransac,16,False,True,E9|chir|True,10000000.0,909
30,15,0,3232,0.7049052374332965,True,,0.05953482415484542,ransac,15,False,True,E9|chir|True,10000000.0,910
30,16,2,3328,0.771504940079628,True,,0.05734457157518924,ransac,14,False,True,E9|chir|True,10000000.0,911
30,18,0,3280,0.22372906309128446,True,,0.04864421675546358,ransac,18,False,True,E9|chir|True,10000000.0,912
30,19,1,3280,0.24179612611652232,True,,0.053937345869149465,ransac,18,False,True,E9|chir|True,10000000.0,913
30,18,1,3280,0.4084067287426882,True,,0.05574514646357649,ransac,16,False,True,E9|chir|True,10000000.0,914
30,15,1,3280,0.29449259463436006,True,,0.023013188970106648,ransac,14,False,True,E9|chir|True,10000000.0,915
30,17,1,3296,0.5852844000241635,True,,0.049483471057715875,ransac,16,False,True,E9|chir|True,10000000.0,916
30,18,1,3328,0.4445311099555805,True,,0.04078031789751956,ransac,17,False,True,E9|chir|True,10000000.0,917
30,18,0,3232,0.5687751526024449,True,,0.03735071190250301,ransac,18,False,True,E9|chir|True,10000000.0,918
30,18,2,3264,0.540885935208143,True,,0.05734610129014236,ransac,16,False,True,E9|chir|True,10000000.0,919
30,18,2,3312,0.3260205389303476,True,,0.04811570430299598,ransac,16,False,True,E9|chir|True,10000000.0,920
30,19,0,3296,0.5879044979583401,True,,0.04528072073166591,ransac,19,False,True,E9|chir|True,10000000.0,921
30,17,0,3184,0.5663056033687944,True,,0.033795083184972805,ransac,17,False,True,E9|chir|True,10000000.0,922
30,20,1,3216,0.26146532450856325,True,,0.04106664478498802,ransac,19,False,True,E9|chir|True,10000000.0,923
30,15,1,3296,0.5391063546230891,True,,0.019721203462654036,ransac,14,False,True,E9|chir|True,10000000.0,924
30,19,1,3280,0.19623649688996767,True,,0.0357283677107199,ransac,17,False,True,E9|chir|True,10000000.0,925
30,20,1,3248,0.3645830236753915,True,,0.04605017870560119,ransac,19,False,True,E9|chir|True,10000000.0,926
30,17,1,3264,0.24773114896948992,True,,0.053727535511151656,ransac,16,False,True,E9|chir|True,10000000.0,927
30,15,0,3232,0.19958974625916834,True,,0.02334928929510288,ransac,15,False,True,E9|chir|True,10000000.0,928
30,17,1,3296,0.13477524187201845,True,,0.05525721227545674,ransac,16,False,True,E9|chir|True,10000000.0,929
30,19,0,3296,0.4934466218853053,True,,0.03985265088456411,ransac,18,False,True,E9|chir|True,10000000.0,930
30,21,3,3264,0.41639057269381524,True,,0.04543260492576156,ransac,18,False,True,E9|chir|True,10000000.0,931
30,16,5,3280,0.5820637083151164,True,,0.05122752202728689,ransac,12,False,True,E9|chir|True,10000000.0,932
30,15,2,3264,0.9886906772238863,True,,0.043216937664449576,ransac,15,False,True,E9|chir|True,10000000.0,933
30,20,2,3312,0.7874821338206361,True,,0.05041068270640465,ransac,17,False,True,E9|chir|True,10000000.0,934
30,15,0,3264,1.1651604866186893,True,,0.06278823087381649,ransac,14,False,True,E9|chir|True,10000000.0,935
30,17,0,3264,0.5265713823626447,True,,0.042234360303082814,ransac,17,False,True,E9|chir|True,10000000.0,936
30,14,1,3296,0.5574690690237769,True,,0.03659608293100979,ransac,11,False,True,E9|chir|True,10000000.0,937
30,17,0,3264,0.17550828743993416,True,,0.044694222695114486,ransac,17,False,True,E9|chir|True,10000000.0,938
30,19,0,3232,0.229390671237638,True,,0.05094869128901079,ransac,18,False,True,E9|chir|True,10000000.0,939
30,19,3,3328,0.28584370538637405,True,,0.033933921889027364,ransac,16,False,True,E9|chir|True,10000000.0,940
30,20,3,3248,0.3832951603411677,True,,0.04246525413206617,ransac,18,False,True,E9|chir|True,10000000.0,941
30,19,0,3280,0.4818325270977138,True,,0.0521809473831323,ransac,19,False,True,E9|chir|True,10000000.0,942
30,18,2,3264,0.10383731536464923,True,,0.047239030266059835,ransac,18,False,True,E9|chir|True,10000000.0,943
30,20,2,3280,0.19957311047865112,True,,0.0682486073469084,ransac,19,False,True,E9|chir|True,10000000.0,944
30,19,1,3312,0.9006731751872754,True,,0.057210702167837094,ransac,18,False,True,E9|chir|True,10000000.0,945
30,16,1,3296,0.2879867433005718,True,,0.034187067225958274,ransac,15,False,True,E9|chir|True,10000000.0,946
30,19,1,3296,0.7339847958263299,True,,0.062411559194454166,ransac,18,False,True,E9|chir|True,10000000.0,947
30,17,0,3312,0.31684804429793106,True,,0.05144167093458026,ransac,17,False,True,E9|chir|True,10000000.0,948
30,17,2,3296,0.7094915550439074,True,,0.06042101360026665,ransac,15,False,True,E9|chir|True,10000000.0,949
30,17,1,3280,0.32936485456956116,True,,0.04693660968374389,ransac,16,False,True,E9|chir|True,10000000.0,950
30,18,0,3280,0.08693649924327759,True,,0.06763178799392404,ransac,17,False,True,E9|chir|True,10000000.0,951
30,18,1,3280,0.49606193782192076,True,,0.05932791596951938,ransac,17,False,True,E9|chir|True,10000000.0,952
30,16,2,3248,0.6293147737408334,True,,0.049845084073725315,ransac,16,False,True,E9|chir|True,10000000.0,953
30,16,1,3296,0.8111097650987455,True,,0.041951717636922035,ransac,15,False,True,E9|chir|True,10000000.0,954
30,20,1,3312,0.12522429744072922,True,,0.04833364961414776,ransac,18,False,True,E9|chir|True,10000000.0,955
30,17,1,3264,0.6264101482964147,True,,0.046746767212925325,ransac,16,False,True,E9|chir|True,10000000.0,956
30,17,2,3312,0.4879922874109659,True,,0.042760699196526135,ransac,17,False,True,E9|chir|True,10000000.0,957
30,16,1,3264,0.4032077888491403,True,,0.04508849140695042,ransac,15,False,True,E9|chir|True,10000000.0,958
30,19,0,3312,0.11154125332076802,True,,0.05109665131881361,ransac,19,False,True,E9|chir|True,10000000.0,959
30,17,1,3312,0.3767853666251031,True,,0.04498893295159994,ransac,16,False,True,E9|chir|True,10000000.0,960
30,17,2,3264,0.23234530469153553,True,,0.03442134250773462,ransac,15,False,True,E9|chir|True,10000000.0,961
30,17,0,3232,0.6178852019118635,True,,0.0475385383211724,ransac,17,False,True,E9|chir|True,10000000.0,962
30,16,1,3280,0.1560239871692384,True,,0.045044814328974996,ransac,15,False,True,E9|chir|True,10000000.0,963
30,16,2,3296,0.9248452003598956,True,,0.032900439140280915,ransac,16,False,True,E9|chir|True,10000000.0,964
30,18,0,3296,0.1730751273228953,True,,0.0493789538886484,ransac,18,False,True,E9|chir|True,10000000.0,965
30,17,0,3328,0.33725741685730304,True,,0.04050124228110031,ransac,17,False,True,E9|chir|True,10000000.0,966
30,19,0,3264,0.8754093572040746,True,,0.05536497188478977,ransac,16,False,True,E9|chir|True,10000000.0,967
30,19,0,3264,0.11108949978037906,True,,0.03526900145853988,ransac,19,False,True,E9|chir|True,10000000.0,968
30,20,0,3280,0.2769757176209091,True,,0.0577674880472579,ransac,20,False,True,E9|chir|True,10000000.0,969
30,20,0,3312,0.3547469661636974,True,,0.0649169020128083,ransac,20,False,True,E9|chir|True,10000000.0,970
30,17,1,3248,0.46840060539243916,True,,0.04947432035673996,ransac,16,False,True,E9|chir|True,10000000.0,971
30,20,4,3248,0.6468914121365764,True,,0.044046410750975866,ransac,17,False,True,E9|chir|True,10000000.0,972
30,15,1,3264,0.6056365155206208,True,,0.04642141351466828,ransac,14,False,True,E9|chir|True,10000000.0,973
30,18,0,3296,0.5356677460839561,True,,0.03549085476938853,ransac,18,False,True,E9|chir|True,10000000.0,974
30,17,0,3264,0.745904642980568,True,,0.04076528683825826,ransac,17,False,True,E9|chir|True,10000000.0,975
30,16,0,3264,0.4595651016005975,True,,0.0708371389868184,ransac,16,False,True,E9|chir|True,10000000.0,976
30,17,1,3312,0.8799478747795954,True,,0.04790792787837119,ransac,16,False,True,E9|chir|True,10000000.0,977
30,20,2,3296,0.4530584647103584,True,,0.051773075701207615,ransac,20,False,True,E9|chir|True,10000000.0,978
30,18,1,3248,0.5793767075115391,True,,0.05787409177974658,ransac,17,False,True,E9|chir|True,10000000.0,979
30,18,3,3264,0.5358798639587444,True,,0.04819892271180594,ransac,18,False,True,E9|chir|True,10000000.0,980
30,18,0,3280,0.6971939173456942,True,,0.039896131693630925,ransac,18,False,True,E9|chir|True,10000000.0,981
30,16,1,3280,0.5287518086454139,True,,0.052470606914762574,ransac,14,False,True,E9|chir|True,10000000.0,982
30,20,1,3280,0.12620069451473903,True,,0.043296883992737116,ransac,19,False,True,E9|chir|True,10000000.0,983
30,15,1,3296,0.39241222360827155,True,,0.041107553187104816,ransac,14,False,True,E9|chir|True,10000000.0,984
30,18,0,3296,0.34026016490522654,True,,0.04664021643947795,ransac,18,False,True,E9|chir|True,10000000.0,985
30,16,1,3264,0.5928374734181694,True,,0.04198468442815694,ransac,15,False,True,E9|chir|True,10000000.0,986
30,18,0,3312,0.7773655071742549,True,,0.03665574671088083,ransac,18,False,True,E9|chir|True,10000000.0,987
30,16,0,3296,1.1031609116962384,True,,0.05708914228833772,ransac,16,False,True,E9|chir|True,10000000.0,988
30,16,0,3264,0.1617103422071628,True,,0.046960350815891484,ransac,16,False,True,E9|chir|True,10000000.0,989
30,18,0,3232,0.17598306140349831,True,,0.04265684727475188,ransac,18,False,True,E9|chir|True,10000000.0,990
30,17,0,3280,0.6342778528736273,True,,0.048225433032940246,ransac,17,False,True,E9|chir|True,10000000.0,991
30,20,1,3312,0.5738990433074584,True,,0.05434530822600586,ransac,19,False,True,E9|chir|True,10000000.0,992
30,20,2,3264,1.0168961617118506,True,,0.03840968383567434,ransac,20,False,True,E9|chir|True,10000000.0,993
30,16,2,3248,0.6483252891023791,True,,0.05909929769184878,ransac,14,False,True,E9|chir|True,10000000.0,994
30,17,2,3280,0.5308663175458944,True,,0.034966344551783275,ransac,15,False,True,E9|chir|True,10000000.0,995
30,18,0,3280,0.7447738855301773,True,,0.04232753451007875,ransac,17,False,True,E9|chir|True,10000000.0,996
30,18,0,3296,0.2552509624382069,True,,0.04849312941168893,ransac,17,False,True,E9|chir|True,10000000.0,997
30,20,0,3248,0.1932580849415705,True,,0.05635221195295751,ransac,20,False,True,E9|chir|True,10000000.0,998
30,21,0,3264,0.6321169692787433,True,,0.05129476407561681,ransac,20,False,True,E9|chir|True,10000000.0,999
30,18,2,3280,0.42820087956479075,True,,0.04953195003514078,ransac,15,False,True,E9|chir|True,10000000.0,1000
30,20,2,3248,0.6306382535321599,True,,0.04866335671168418,ransac,20,False,True,E9|chir|True,10000000.0,1001
30,19,0,3264,0.6900178631403976,True,,0.038256454052450595,ransac,19,False,True,E9|chir|True,10000000.0,1002
30,19,2,3216,0.34536120524030794,True,,0.060269317894301316,ransac,19,False,True,E9|chir|True,10000000.0,1003
30,17,0,3312,0.7242820787083618,True,,0.05337987687624065,ransac,17,False,True,E9|chir|True,10000000.0,1004
30,15,1,3280,0.7393379955308005,True,,0.036110047408578,ransac,14,False,True,E9|chir|True,10000000.0,1005
30,18,1,3280,0.643784699296054,True,,0.03547057448091329,ransac,17,False,True,E9|chir|True,10000000.0,1006
30,18,1,3248,0.24031886755463178,True,,0.050981641396455175,ransac,17,False,True,E9|chir|True,10000000.0,1007
30,16,0,3280,0.3001392724010678,True,,0.027213466824812054,ransac,16,False,True,E9|chir|True,10000000.0,1008
30,16,1,3280,0.33352018110849685,True,,0.030894082176106574,ransac,15,False,True,E9|chir|True,10000000.0,1009
30,20,2,3296,0.10243819698165373,True,,0.052802425369542404,ransac,19,False,True,E9|chir|True,10000000.0,1010
30,19,1,3264,0.46510085907104576,True,,0.027476529290138156,ransac,18,False,True,E9|chir|True,10000000.0,1011
30,19,2,3280,0.5850799118569272,True,,0.05149551266686112,ransac,17,False,True,E9|chir|True,10000000.0,1012
30,17,2,3232,0.425774654120465,True,,0.03706364675850365,ransac,17,False,True,E9|chir|True,10000000.0,1013
30,19,3,3264,0.3700924357709768,True,,0.06254569545522357,ransac,16,False,True,E9|chir|True,10000000.0,1014
30,17,1,3264,0.11895877627000699,True,,0.03945274098783081,ransac,17,False,True,E9|chir|True,10000000.0,1015
30,18,1,3296,0.8695852025326887,True,,0.0458492060866177,ransac,16,False,True,E9|chir|True,10000000.0,1016
30,16,0,3248,0.971827460684351,True,,0.03187700537065063,ransac,16,False,True,E9|chir|True,10000000.0,1017
30,14,1,3296,0.30337311267064004,True,,0.03984690767128503,ransac,13,False,True,E9|chir|True,10000000.0,1018
30,19,1,3264,0.48597956271560216,True,,0.02962945572110757,ransac,18,False,True,E9|chir|True,10000000.0,1019
30,17,1,3312,0.3300039004138041,True,,0.0327009294090753,ransac,16,False,True,E9|chir|True,10000000.0,1020
30,17,0,3296,0.9184736006318699,True,,0.03714179506264387,ransac,17,False,True,E9|chir|True,10000000.0,1021
30,20,0,3264,0.9207981227304867,True,,0.05137275256918515,ransac,20,False,True,E9|chir|True,10000000.0,1022
30,17,1,3264,0.32090317858185596,True,,0.03002114718811757,ransac,17,False,True,E9|chir|True,10000000.0,1023
30,17,1,3312,0.9236239917789245,True,,0.05738869654270676,ransac,16,False,True,E9|chir|True,10000000.0,1024
30,18,1,3280,0.9525951854119233,True,,0.050891558373852064,ransac,17,False,True,E9|chir|True,10000000.0,1025
30,17,0,3248,0.5918557600726974,True,,0.04716258950381847,ransac,17,False,True,E9|chir|True,10000000.0,1026
30,16,0,3264,0.5005728615809613,True,,0.035137249996465655,ransac,16,False,True,E9|chir|True,10000000.0,1027
30,21,1,3264,0.24732643595013012,True,,0.055741229633313245,ransac,20,False,True,E9|chir|True,10000000.0,1028
30,17,0,3264,0.7930638241325415,True,,0.049259247325712636,ransac,15,False,True,E9|chir|True,10000000.0,1029
30,18,3,3264,0.3761686667071213,True,,0.04465606785510734,ransac,16,False,True,E9|chir|True,10000000.0,1030
30,19,1,3264,0.9659081158970906,True,,0.0360597833127797,ransac,18,False,True,E9|chir|True,10000000.0,1031
30,18,2,3280,0.33119204490790044,True,,0.03842687530383892,ransac,16,False,True,E9|chir|True,10000000.0,1032
30,18,0,3264,0.19282589295846903,True,,0.04870008383338047,ransac,18,False,True,E9|chir|True,10000000.0,1033
30,15,1,3312,0.5170804455085053,True,,0.027094233980277313,ransac,14,False,True,E9|chir|True,10000000.0,1034
30,18,1,3312,0.16370702905022497,True,,0.06307805574103992,ransac,17,False,True,E9|chir|True,10000000.0,1035
30,19,1,3328,0.154230556280931,True,,0.05348596275214292,ransac,18,False,True,E9|chir|True,10000000.0,1036
30,19,0,3296,0.41133943096696207,True,,0.04883831709298412,ransac,19,False,True,E9|chir|True,10000000.0,1037
30,15,1,3232,0.10136685460406386,True,,0.04318763051220358,ransac,14,False,True,E9|chir|True,10000000.0,1038
30,17,2,3248,0.9461833722672334,True,,0.06330410118542304,ransac,17,False,True,E9|chir|True,10000000.0,1039
30,19,1,3312,0.2723319673898045,True,,0.060224131438371714,ransac,18,False,True,E9|chir|True,10000000.0,1040
30,15,0,3248,0.5523302347390051,True,,0.05072691813993375,ransac,15,False,True,E9|chir|True,10000000.0,1041
30,18,0,3296,0.4327344273369328,True,,0.04853564484829545,ransac,18,False,True,E9|chir|True,10000000.0,1042
30,17,0,3312,0.44148182106739997,True,,0.05103022215247863,ransac,17,False,True,E9|chir|True,10000000.0,1043
30,17,1,3296,0.8474697004816433,True,,0.04720922662491276,ransac,16,False,True,E9|chir|True,10000000.0,1044
30,19,2,3312,0.31149804792845215,True,,0.05881365840008271,ransac,17,False,True,E9|chir|True,10000000.0,1045
30,17,1,3248,0.48108066938659255,True,,0.03933590746810706,ransac,16,False,True,E9|chir|True,10000000.0,1046
30,17,0,3264,0.40129803036279993,True,,0.02679566000584571,ransac,17,False,True,E9|chir|True,10000000.0,1047
30,14,1,3200,0.4036807974940514,True,,0.04912693793526858,ransac,13,False,True,E9|chir|True,10000000.0,1048
30,18,0,3248,0.03571565935633654,True,,0.039968486560693406,ransac,18,False,True,E9|chir|True,10000000.0,1049
30,19,5,3232,0.9925015012485484,True,,0.037737015784962226,ransac,15,False,True,E9|chir|True,10000000.0,1050
30,18,1,3312,0.25007995165265956,True,,0.05212310763222069,ransac,16,False,True,E9|chir|True,10000000.0,1051
30,18,0,3248,0.2531964054894229,True,,0.04740912787363553,ransac,18,False,True,E9|chir|True,10000000.0,1052
30,16,3,3280,0.2940030866668675,True,,0.05200818939146612,ransac,14,False,True,E9|chir|True,10000000.0,1053
30,16,0,3328,0.551807382848261,True,,0.028339023348166677,ransac,16,False,True,E9|chir|True,10000000.0,1054
30,17,0,3296,0.22056579458190026,True,,0.056270256182450164,ransac,17,False,True,E9|chir|True,10000000.0,1055
30,16,2,3296,0.4449004311188134,True,,0.039798674320406124,ransac,16,False,True,E9|chir|True,10000000.0,1056
30,18,1,3312,0.3783034554836962,True,,0.04982847197122999,ransac,17,False,True,E9|chir|True,10000000.0,1057
30,16,2,3248,0.986419337890766,True,,0.049520436772710875,ransac,14,False,True,E9|chir|True,10000000.0,1058
30,16,1,3328,0.2913755645977245,True,,0.04343713095735284,ransac,15,False,True,E9|chir|True,10000000.0,1059
30,15,0,3296,0.48743301963712066,True,,0.031322786930539706,ransac,15,False,True,E9|chir|True,10000000.0,1060
30,19,0,3296,0.3964801407878518,True,,0.04186736475958322,ransac,19,False,True,E9|chir|True,10000000.0,1061
30,19,0,3312,0.12199334581521308,True,,0.047957691599585295,ransac,19,False,True,E9|chir|True,10000000.0,1062
30,18,0,3296,0.4165866225739071,True,,0.029531358765502506,ransac,18,False,True,E9|chir|True,10000000.0,1063
30,17,4,3280,0.347012295302126,True,,0.03587648512154649,ransac,13,False,True,E9|chir|True,10000000.0,1064
30,14,0,3280,0.1446656745950666,True,,0.0223324528243036,ransac,14,False,True,E9|chir|True,10000000.0,1065
30,16,1,3312,0.5343447127279319,True,,0.03144988589495369,ransac,15,False,True,E9|chir|True,10000000.0,1066
30,18,1,3280,0.2629305575624489,True,,0.03492959564614924,ransac,17,False,True,E9|chir|True,10000000.0,1067
30,19,1,3248,0.1826104959945174,True,,0.04883682010549213,ransac,18,False,True,E9|chir|True,10000000.0,1068
30,17,0,3280,0.5827264961196543,True,,0.04236919695127013,ransac,17,False,True,E9|chir|True,10000000.0,1069
30,16,1,3280,0.8582428662229994,True,,0.07215434275282531,ransac,16,False,True,E9|chir|True,10000000.0,1070
30,19,0,3312,0.10870207294914704,True,,0.05756963750194972,ransac,19,False,True,E9|chir|True,10000000.0,1071
30,19,0,3296,0.5525626618936681,True,,0.05900293362031609,ransac,19,False,True,E9|chir|True,10000000.0,1072
30,18,1,3264,0.25659776668382284,True,,0.048784343746420586,ransac,17,False,True,E9|chir|True,10000000.0,1073
30,19,0,3328,0.386681872132604,True,,0.05359692136831951,ransac,18,False,True,E9|chir|True,10000000.0,1074
30,16,3,3296,0.321536289570994,True,,0.04274877332522811,ransac,14,False,True,E9|chir|True,10000000.0,1075
30,19,0,3296,0.4193795238269292,True,,0.058801265149279094,ransac,19,False,True,E9|chir|True,10000000.0,1076
30,19,2,3296,0.7068646729828053,True,,0.059451572038704596,ransac,17,False,True,E9|chir|True,10000000.0,1077
30,18,0,3248,0.5163059386012222,True,,0.05957245423305607,ransac,18,False,True,E9|chir|True,10000000.0,1078
30,17,0,3296,0.20658450746176976,True,,0.053868302289853315,ransac,16,False,True,E9|chir|True,10000000.0,1079
30,17,3,3312,0.26427614335962374,True,,0.036481534688084426,ransac,14,False,True,E9|chir|True,10000000.0,1080
30,20,0,3280,0.4786615322618723,True,,0.04602904406798985,ransac,20,False,True,E9|chir|True,10000000.0,1081
30,18,2,3296,0.49861773735478215,True,,0.0469678241807683,ransac,18,False,True,E9|chir|True,10000000.0,1082
30,16,1,3248,0.4902480491688036,True,,0.03018620482730267,ransac,15,False,True,E9|chir|True,10000000.0,1083
30,18,0,3296,0.7034434055797117,True,,0.036755018120332335,ransac,18,False,True,E9|chir|True,10000000.0,1084
30,17,2,3232,0.08287324245994598,True,,0.03345775155263741,ransac,15,False,True,E9|chir|True,10000000.0,1085
30,16,1,3312,0.10840408933432347,True,,0.044013753917552315,ransac,15,False,True,E9|chir|True,10000000.0,1086
30,17,0,3312,0.782506052419938,True,,0.044684107214947366,ransac,17,False,True,E9|chir|True,10000000.0,1087
30,19,1,3312,0.4776373097440747,True,,0.04908242542202426,ransac,18,False,True,E9|chir|True,10000000.0,1088
30,18,1,3296,0.3284245589424403,True,,0.038649422557906626,ransac,16,False,True,E9|chir|True,10000000.0,1089
30,17,1,3280,0.4726435298434884,True,,0.03128906300292533,ransac,16,False,True,E9|chir|True,10000000.0,1090
30,19,0,3232,0.9198604721525178,True,,0.048091856116894746,ransac,19,False,True,E9|chir|True,10000000.0,1091
30,17,0,3280,0.2656086478378535,True,,0.04299993323850192,ransac,17,False,True,E9|chir|True,10000000.0,1092
30,18,0,3296,0.20619640371283623,True,,0.042132310314876735,ransac,18,False,True,E9|chir|True,10000000.0,1093
30,17,1,3280,0.6268268922077596,True,,0.05586575084029741,ransac,16,False,True,E9|chir|True,10000000.0,1094
30,18,1,3280,0.5181880239061145,True,,0.03918701126815564,ransac,16,False,True,E9|chir|True,10000000.0,1095
30,19,2,3296,0.08770981933466031,True,,0.04882289332363408,ransac,17,False,True,E9|chir|True,10000000.0,1096
30,17,2,3280,0.4986128446708755,True,,0.03107002948453349,ransac,17,False,True,E9|chir|True,10000000.0,1097
30,18,1,3280,0.4012744642953061,True,,0.048956805953665423,ransac,17,False,True,E9|chir|True,10000000.0,1098
30,16,1,3296,0.6024696993220383,True,,0.05304966605895609,ransac,15,False,True,E9|chir|True,10000000.0,1099
30,18,0,3296,0.36102898139191925,True,,0.05619367270222081,ransac,18,False,True,E9|chir|True,10000000.0,1100
30,17,2,3296,0.23844795018832163,True,,0.03258362261103676,ransac,17,False,True,E9|chir|True,10000000.0,1101
30,18,2,3232,0.2252035852508931,True,,0.051369844264208174,ransac,17,False,True,E9|chir|True,10000000.0,1102
30,17,0,3296,0.5229410039720154,True,,0.04311521445266805,ransac,17,False,True,E9|chir|True,10000000.0,1103
30,15,1,3216,0.13367477537456987,True,,0.051480069864908655,ransac,14,False,True,E9|chir|True,10000000.0,1104
30,15,0,3280,0.18198477264885393,True,,0.040976248370095454,ransac,15,False,True,E9|chir|True,10000000.0,1105
30,18,1,3280,0.35277096841253963,True,,0.033789302253354025,ransac,17,False,True,E9|chir|True,10000000.0,1106
30,17,1,3232,0.2789351241700681,True,,0.038111728655762296,ransac,16,False,True,E9|chir|True,10000000.0,1107
30,19,1,3248,0.7757503972197081,True,,0.0732770942614013,ransac,17,False,True,E9|chir|True,10000000.0,1108
30,17,1,3280,0.3613479080880723,True,,0.04541165073168088,ransac,16,False,True,E9|chir|True,10000000.0,1109
30,18,1,3264,0.6370022900800064,True,,0.05014262220264769,ransac,17,False,True,E9|chir|True,10000000.0,1110
30,18,0,3296,0.2983093301020492,True,,0.028601610999791357,ransac,17,False,True,E9|chir|True,10000000.0,1111
30,19,2,3264,0.5051452896398098,True,,0.05935008690674768,ransac,19,False,True,E9|chir|True,10000000.0,1112
30,18,0,3264,0.27478433613012504,True,,0.05158252080946504,ransac,18,False,True,E9|chir|True,10000000.0,1113
30,17,0,3328,0.34997129080730516,True,,0.03144806853828348,ransac,17,False,True,E9|chir|True,10000000.0,1114
30,20,2,3264,0.04227818177646466,True,,0.05319337320008901,ransac,19,False,True,E9|chir|True,10000000.0,1115
30,18,1,3296,0.27004518358647767,True,,0.045919377865356596,ransac,17,False,True,E9|chir|True,10000000.0,1116
30,16,1,3296,1.0141829762946197,True,,0.04022929465095352,ransac,15,False,True,E9|chir|True,10000000.0,1117
30,15,0,3264,0.7933947509570384,True,,0.042013918425376634,ransac,15,False,True,E9|chir|True,10000000.0,1118
30,16,1,3312,0.46628276848711375,True,,0.0463901426156709,ransac,15,False,True,E9|chir|True,10000000.0,1119
30,16,3,3232,0.4764652037262462,True,,0.06490134992848448,ransac,14,False,True,E9|chir|True,10000000.0,1120
30,20,1,3312,0.4755931402360896,True,,0.0539842498320186,ransac,18,False,True,E9|chir|True,10000000.0,1121
30,16,0,3312,0.17486831424848567,True,,0.04148405820156056,ransac,16,False,True,E9|chir|True,10000000.0,1122
30,16,1,3296,0.16948090327393994,True,,0.03857650045398111,ransac,15,False,True,E9|chir|True,10000000.0,1123
30,15,1,3264,0.12125071866630209,True,,0.030100549118956522,ransac,14,False,True,E9|chir|True,10000000.0,1124
30,18,0,3264,0.16385451455228742,True,,0.04930098714818846,ransac,18,False,True,E9|chir|True,10000000.0,1125
30,17,1,3280,0.9009429248572163,True,,0.0572192599405708,ransac,16,False,True,E9|chir|True,10000000.0,1126
30,17,1,3280,0.3876823776201318,True,,0.03344424962698954,ransac,16,False,True,E9|chir|True,10000000.0,1127
30,18,1,3296,0.7665188513568318,True,,0.03502847034208641,ransac,16,False,True,E9|chir|True,10000000.0,1128
30,16,1,3280,0.18217187626032932,True,,0.04997693562075871,ransac,15,False,True,E9|chir|True,10000000.0,1129
30,18,0,3296,0.7711668796201054,True,,0.045376669743475206,ransac,17,False,True,E9|chir|True,10000000.0,1130
30,18,1,3232,0.22599112173824112,True,,0.05676097073223265,ransac,17,False,True,E9|chir|True,10000000.0,1131
30,17,0,3248,0.14193830904479277,True,,0.07437123790451132,ransac,17,False,True,E9|chir|True,10000000.0,1132
30,18,0,3328,0.7330987235311924,True,,0.04472701868386902,ransac,18,False,True,E9|chir|True,10000000.0,1133
30,14,1,3312,0.4230040924170029,True,,0.02126299335081117,ransac,13,False,True,E9|chir|True,10000000.0,1134
30,19,2,3296,0.018898131477145634,True,,0.04792803569523428,ransac,18,False,True,E9|chir|True,10000000.0,1135
30,17,3,3280,0.6300797946310532,True,,0.05395873289727326,ransac,14,False,True,E9|chir|True,10000000.0,1136
30,19,0,3312,0.4074172599528002,True,,0.04198798429575243,ransac,19,False,True,E9|chir|True,10000000.0,1137
30,19,1,3296,0.31537854537461013,True,,0.050864763871186144,ransac,18,False,True,E9|chir|True,10000000.0,1138
30,18,1,3280,0.5195423578915139,True,,0.050112207669492315,ransac,17,False,True,E9|chir|True,10000000.0,1139
30,19,2,3264,0.8179342290608757,True,,0.04427288523497172,ransac,19,False,True,E9|chir|True,10000000.0,1140
30,19,0,3280,0.09298046472804775,True,,0.042655054789208516,ransac,19,False,True,E9|chir|True,10000000.0,1141
30,16,0,3312,0.3252469769796417,True,,0.04323212281565603,ransac,16,False,True,E9|chir|True,10000000.0,1142
30,17,1,3248,0.2936673770064263,True,,0.025748050706827747,ransac,15,False,True,E9|chir|True,10000000.0,1143
30,16,0,3312,0.23432733569852746,True,,0.02955858785242048,ransac,16,False,True,E9|chir|True,10000000.0,1144
30,16,0,3280,0.6504384437937745,True,,0.04457265300055124,ransac,16,False,True,E9|chir|True,10000000.0,1145
30,17,1,3296,0.16822262277209563,True,,0.05570126858608776,ransac,16,False,True,E9|chir|True,10000000.0,1146
30,18,0,3312,0.3565207292097156,True,,0.05278022653772646,ransac,18,False,True,E9|chir|True,10000000.0,1147
30,18,1,3328,0.45915321493238537,True,,0.04465287270728937,ransac,16,False,True,E9|chir|True,10000000.0,1148
30,20,0,3280,0.3930444300043914,True,,0.0683438767150256,ransac,19,False,True,E9|chir|True,10000000.0,1149
30,18,1,3280,0.441992010511143,True,,0.04888345484691557,ransac,17,False,True,E9|chir|True,10000000.0,1150
30,17,2,3264,0.4687790492651102,True,,0.049936791811439576,ransac,16,False,True,E9|chir|True,10000000.0,1151
30,19,1,3280,0.2841278272247087,True,,0.04829515204712969,ransac,18,False,True,E9|chir|True,10000000.0,1152
30,20,0,3296,0.8595823473506912,True,,0.0456761727063657,ransac,19,False,True,E9|chir|True,10000000.0,1153
30,15,1,3232,0.40415222401482953,True,,0.026205694228468888,ransac,13,False,True,E9|chir|True,10000000.0,1154
30,18,1,3328,0.1341868802949933,True,,0.040699563684849,ransac,17,False,True,E9|chir|True,10000000.0,1155
30,20,2,3280,0.4039270883006258,True,,0.04249584728554611,ransac,20,False,True,E9|chir|True,10000000.0,1156
30,17,2,3280,0.6651341696108226,True,,0.06682767502363626,ransac,17,False,True,E9|chir|True,10000000.0,1157
30,19,1,3280,0.3642785424093383,True,,0.050311926675126135,ransac,18,False,True,E9|chir|True,10000000.0,1158
30,16,1,3328,0.3098288364879051,True,,0.05146039443498258,ransac,14,False,True,E9|chir|True,10000000.0,1159
30,19,1,3232,0.26843678028920126,True,,0.05784519665386797,ransac,18,False,True,E9|chir|True,10000000.0,1160
30,17,0,3280,0.5557059394199393,True,,0.03193576183114036,ransac,17,False,True,E9|chir|True,10000000.0,1161
30,19,0,3216,0.177443141687513,True,,0.039682310167903946,ransac,19,False,True,E9|chir|True,10000000.0,1162
30,17,1,3312,1.0711188508166325,True,,0.05174271498557627,ransac,16,False,True,E9|chir|True,10000000.0,1163
30,19,1,3280,0.4297752562672849,True,,0.04770262300421536,ransac,18,False,True,E9|chir|True,10000000.0,1164
30,17,1,3296,0.33186339940076826,True,,0.04551118557684844,ransac,15,False,True,E9|chir|True,10000000.0,1165
30,18,0,3312,0.4687777107220843,True,,0.054066156026699626,ransac,18,False,True,E9|chir|True,10000000.0,1166
30,17,0,3264,0.26041094492848,True,,0.03824215178836371,ransac,15,False,True,E9|chir|True,10000000.0,1167
30,19,3,3280,0.019335607667034252,True,,0.04591970645468833,ransac,17,False,True,E9|chir|True,10000000.0,1168
30,20,1,3280,0.6326146355492845,True,,0.045767925184923404,ransac,19,False,True,E9|chir|True,10000000.0,1169
30,18,0,3280,0.2755997785952536,True,,0.06596302141543302,ransac,18,False,True,E9|chir|True,10000000.0,1170
30,17,0,3232,0.13339667766903035,True,,0.04783841267510421,ransac,17,False,True,E9|chir|True,10000000.0,1171
30,19,0,3296,0.3992757096401237,True,,0.05657755823504129,ransac,19,False,True,E9|chir|True,10000000.0,1172
30,18,1,3280,0.36566761349149357,True,,0.05861816461047056,ransac,17,False,True,E9|chir|True,10000000.0,1173
30,18,1,3312,0.18820624700444666,True,,0.04242666872610872,ransac,17,False,True,E9|chir|True,10000000.0,1174
30,18,0,3280,0.6206328030777808,True,,0.03255838606419302,ransac,18,False,True,E9|chir|True,10000000.0,1175
30,17,0,3280,0.3531431154309197,True,,0.048903205037017804,ransac,17,False,True,E9|chir|True,10000000.0,1176
30,18,0,3296,0.06815209392971143,True,,0.05127171570290597,ransac,18,False,True,E9|chir|True,10000000.0,1177
30,17,1,3296,0.5758535258087536,True,,0.04124311834631259,ransac,15,False,True,E9|chir|True,10000000.0,1178
30,19,0,3280,0.16980441721253242,True,,0.03565854002619215,ransac,19,False,True,E9|chir|True,10000000.0,1179
30,16,1,3312,0.0523080328217779,True,,0.042085028404972497,ransac,15,False,True,E9|chir|True,10000000.0,1180
30,19,0,3312,0.6119702170103312,True,,0.05790482667675446,ransac,19,False,True,E9|chir|True,10000000.0,1181
30,19,0,3280,0.21526362084475278,True,,0.04241021739503128,ransac,19,False,True,E9|chir|True,10000000.0,1182
30,18,1,3248,0.9096474947673449,True,,0.04658617259685544,ransac,17,False,True,E9|chir|True,10000000.0,1183
30,17,1,3232,0.37015260301447794,True,,0.04761270434914646,ransac,15,False,True,E9|chir|True,10000000.0,1184
30,18,1,3328,0.16694227672153317,True,,0.05624789432770706,ransac,17,False,True,E9|chir|True,10000000.0,1185
30,13,1,3280,0.5030414774481526,True,,0.02183653710649303,ransac,12,False,True,E9|chir|True,10000000.0,1186
30,18,1,3280,0.5216310371106618,True,,0.042111893828668846,ransac,16,False,True,E9|chir|True,10000000.0,1187
30,19,0,3280,0.18289639048499556,True,,0.052927216182035754,ransac,19,False,True,E9|chir|True,10000000.0,1188
30,16,1,3296,0.648117473608696,True,,0.034979979269980914,ransac,15,False,True,E9|chir|True,10000000.0,1189
30,17,0,3312,0.7278516132952318,True,,0.05605704644974445,ransac,16,False,True,E9|chir|True,10000000.0,1190
30,18,0,3280,0.42578613336902066,True,,0.04382910518995344,ransac,18,False,True,E9|chir|True,10000000.0,1191
30,19,1,3280,0.5210994837764963,True,,0.0262340445300421,ransac,18,False,True,E9|chir|True,10000000.0,1192
30,17,1,3248,0.35432430053045744,True,,0.04703598606799197,ransac,16,False,True,E9|chir|True,10000000.0,1193
30,18,1,3264,0.7810700615837602,True,,0.05638756558786198,ransac,17,False,True,E9|chir|True,10000000.0,1194
30,15,0,3296,0.3299485160649921,True,,0.05958347565822507,ransac,15,False,True,E9|chir|True,10000000.0,1195
30,20,2,3296,0.640378687327185,True,,0.05617114223438069,ransac,18,False,True,E9|chir|True,10000000.0,1196
30,20,0,3312,0.6569546624554908,True,,0.05756984720295826,ransac,19,False,True,E9|chir|True,10000000.0,1197
30,19,2,3280,0.724954381671241,True,,0.046861367134613786,ransac,18,False,True,E9|chir|True,10000000.0,1198
30,16,1,3232,0.33322103576379525,True,,0.0411908875084382,ransac,15,False,True,E9|chir|True,10000000.0,1199
30,19,3,3264,0.32283357039193683,True,,0.0402320621011472,ransac,17,False,True,E9|chir|True,10000000.0,1200
30,18,1,3280,0.199401070446937,True,,0.05172794988434677,ransac,16,False,True,E9|chir|True,10000000.0,1201
30,17,0,3312,0.4154543528333616,True,,0.04798874970442898,ransac,17,False,True,E9|chir|True,10000000.0,1202
30,19,0,3312,0.5991771132379513,True,,0.044339975757053035,ransac,19,False,True,E9|chir|True,10000000.0,1203
30,18,0,3296,0.5698059624924492,True,,0.034886920681139535,ransac,17,False,True,E9|chir|True,10000000.0,1204
30,15,0,3296,0.38649999944190305,True,,0.0472737548364559,ransac,15,False,True,E9|chir|True,10000000.0,1205
30,18,1,3280,0.7804733143936248,True,,0.0555165527094403,ransac,16,False,True,E9|chir|True,10000000.0,1206
30,17,1,3296,0.43500249393765533,True,,0.03711409440573232,ransac,16,False,True,E9|chir|True,10000000.0,1207
30,16,0,3312,0.11156858508515217,True,,0.04318327785900319,ransac,16,False,True,E9|chir|True,10000000.0,1208
30,18,2,3296,0.8398818286175916,True,,0.0371839621715594,ransac,17,False,True,E9|chir|True,10000000.0,1209
30,18,2,3264,0.5832815439733443,True,,0.05842626684287963,ransac,18,False,True,E9|chir|True,10000000.0,1210
30,17,2,3296,0.2018665834218749,True,,0.05164963985506188,ransac,17,False,True,E9|chir|True,10000000.0,1211
30,19,3,3280,0.7823779116559206,True,,0.05800902111530152,ransac,19,False,True,E9|chir|True,10000000.0,1212
30,19,1,3296,0.4640635600138251,True,,0.06595181009671658,ransac,19,False,True,E9|chir|True,10000000.0,1213
30,18,0,3280,0.6109146339258943,True,,0.04158230169641002,ransac,18,False,True,E9|chir|True,10000000.0,1214
30,19,1,3280,0.6105218953231093,True,,0.05464718141597255,ransac,18,False,True,E9|chir|True,10000000.0,1215
30,19,1,3296,0.9392630530437904,True,,0.05389569085732314,ransac,17,False,True,E9|chir|True,10000000.0,1216
30,17,0,3296,0.597089572103817,True,,0.03449137686752385,ransac,17,False,True,E9|chir|True,10000000.0,1217
30,16,0,3248,0.42324359860397026,True,,0.05090258046870468,ransac,16,False,True,E9|chir|True,10000000.0,1218
30,20,0,3248,0.5501701793876955,True,,0.047449128859756086,ransac,20,False,True,E9|chir|True,10000000.0,1219
30,17,0,3280,0.9206896192359929,True,,0.05882273028551131,ransac,17,False,True,E9|chir|True,10000000.0,1220
30,19,1,3280,0.7371787277706479,True,,0.05587451947534828,ransac,18,False,True,E9|chir|True,10000000.0,1221
30,20,2,3264,0.15221247822080997,True,,0.05195566149273652,ransac,20,False,True,E9|chir|True,10000000.0,1222
30,17,0,3296,0.7937188819021204,True,,0.07253339253566585,ransac,17,False,True,E9|chir|True,10000000.0,1223
30,19,0,3280,0.7960264381396485,True,,0.0654487563659767,ransac,19,False,True,E9|chir|True,10000000.0,1224
30,17,1,3296,0.8808308269263674,True,,0.032987493354613005,ransac,16,False,True,E9|chir|True,10000000.0,1225
30,19,0,3296,0.5711053825598825,True,,0.05312620037490174,ransac,19,False,True,E9|chir|True,10000000.0,1226
30,18,2,3296,0.4761115762453083,True,,0.05391336020160871,ransac,17,False,True,E9|chir|True,10000000.0,1227
30,20,2,3232,0.34175782784526415,True,,0.05745078884470372,ransac,20,False,True,E9|chir|True,10000000.0,1228
30,18,0,3296,0.2892005058069801,True,,0.05783454749651453,ransac,17,False,True,E9|chir|True,10000000.0,1229
30,16,1,3280,0.4788823944004193,True,,0.042924630630224433,ransac,15,False,True,E9|chir|True,10000000.0,1230
30,20,1,3296,0.19577636689160613,True,,0.03920904105731746,ransac,19,False,True,E9|chir|True,10000000.0,1231
30,16,2,3296,0.31939610704903176,True,,0.043354797568589315,ransac,16,False,True,E9|chir|True,10000000.0,1232
30,18,0,3328,0.42069375823697497,True,,0.053519806686209426,ransac,18,False,True,E9|chir|True,10000000.0,1233
30,17,1,3280,0.2186257027571303,True,,0.05216422118582822,ransac,16,False,True,E9|chir|True,10000000.0,1234
30,19,1,3296,0.724670622497324,True,,0.040195690641150854,ransac,16,False,True,E9|chir|True,10000000.0,1235
30,17,0,3200,0.41704111774115443,True,,0.045297170163708746,ransac,17,False,True,E9|chir|True,10000000.0,1236
30,17,2,3296,0.6822366433300471,True,,0.026844431777823457,ransac,17,False,True,E9|chir|True,10000000.0,1237
30,20,1,3280,0.31745603082371576,True,,0.054104486192511736,ransac,18,False,True,E9|chir|True,10000000.0,1238
30,17,0,3296,0.29333325864969756,True,,0.05388899333706629,ransac,17,False,True,E9|chir|True,10000000.0,1239
30,15,2,3296,0.34499723596439374,True,,0.045568995536035044,ransac,13,False,True,E9|chir|True,10000000.0,1240
30,17,0,3248,0.8356118959756544,True,,0.053361709980621945,ransac,17,False,True,E9|chir|True,10000000.0,1241
30,16,0,3296,0.4282290932268463,True,,0.05807384741460585,ransac,16,False,True,E9|chir|True,10000000.0,1242
30,17,0,3296,0.8460669565772654,True,,0.04287178973539657,ransac,17,False,True,E9|chir|True,10000000.0,1243
30,17,0,3312,0.3226142288457365,True,,0.03183606648662931,ransac,17,False,True,E9|chir|True,10000000.0,1244
30,19,1,3280,0.6676208245802113,True,,0.054960864998139757,ransac,17,False,True,E9|chir|True,10000000.0,1245
30,17,3,3280,0.643015992252445,True,,0.029208322760127057,ransac,15,False,True,E9|chir|True,10000000.0,1246
30,14,2,3296,0.49567167395234435,True,,0.05918247726698808,ransac,14,False,True,E9|chir|True,10000000.0,1247
30,19,2,3296,0.1167346965519846,True,,0.06653766439029765,ransac,16,False,True,E9|chir|True,10000000.0,1248
30,16,1,3232,0.5432544141655073,True,,0.04551122669700487,ransac,15,False,True,E9|chir|True,10000000.0,1249
30,18,0,3296,0.39679178307858115,True,,0.06982815902465557,ransac,18,False,True,E9|chir|True,10000000.0,1250
30,20,1,3280,0.18407347273460803,True,,0.05751328162050079,ransac,19,False,True,E9|chir|True,10000000.0,1251
30,17,1,3312,0.28332761773983617,True,,0.04725328155394602,ransac,16,False,True,E9|chir|True,10000000.0,1252
30,16,0,3248,0.7545869067656334,True,,0.04541322133808147,ransac,16,False,True,E9|chir|True,10000000.0,1253
30,17,1,3280,0.5749881742151234,True,,0.03796894011080463,ransac,16,False,True,E9|chir|True,10000000.0,1254
30,17,0,3280,0.35183047044283916,True,,0.04635797496486993,ransac,16,False,True,E9|chir|True,10000000.0,1255
30,19,2,3312,0.7098891719025298,True,,0.05871652107996584,ransac,17,False,True,E9|chir|True,10000000.0,1256
30,19,1,3280,0.4323464180778213,True,,0.03508746061414134,ransac,19,False,True,E9|chir|True,10000000.0,1257
30,18,1,3200,0.44934481017022004,True,,0.058858166452350355,ransac,17,False,True,E9|chir|True,10000000.0,1258
30,18,1,3296,0.3290787503379731,True,,0.045735209286159595,ransac,16,False,True,E9|chir|True,10000000.0,1259
30,17,0,3280,0.413492343628888,True,,0.039785134208100856,ransac,17,False,True,E9|chir|True,10000000.0,1260
30,16,0,3296,0.23241093300484067,True,,0.05602137530099655,ransac,15,False,True,E9|chir|True,10000000.0,1261
30,18,1,3280,0.22074906230714056,True,,0.046797885596470766,ransac,17,False,True,E9|chir|True,10000000.0,1262
30,17,1,3280,0.05710648751444401,True,,0.042409834475858076,ransac,15,False,True,E9|chir|True,10000000.0,1263
30,15,0,3312,0.2912992125014838,True,,0.044171181572490816,ransac,15,False,True,E9|chir|True,10000000.0,1264
30,16,0,3248,0.6548106695363896,True,,0.034558218184921094,ransac,16,False,True,E9|chir|True,10000000.0,1265
30,19,1,3280,0.2154737464784493,True,,0.05011243815154703,ransac,18,False,True,E9|chir|True,10000000.0,1266
30,19,2,3216,0.07410705278125922,True,,0.03313457774518244,ransac,17,False,True,E9|chir|True,10000000.0,1267
30,20,1,3296,0.19423915182974028,True,,0.04247271715130334,ransac,18,False,True,E9|chir|True,10000000.0,1268
30,16,1,3200,0.313621865059897,True,,0.049985847986620945,ransac,14,False,True,E9|chir|True,10000000.0,1269
30,17,0,3312,0.29823280302940236,True,,0.04795859562394464,ransac,17,False,True,E9|chir|True,10000000.0,1270
30,17,0,3280,0.7586211469459935,True,,0.04376316008273263,ransac,17,False,True,E9|chir|True,10000000.0,1271
30,18,0,3296,0.3340137458680295,True,,0.045902712513364044,ransac,18,False,True,E9|chir|True,10000000.0,1272
30,15,0,3296,0.7556957382501517,True,,0.038828277871513904,ransac,15,False,True,E9|chir|True,10000000.0,1273
30,18,0,3312,0.3996864455225396,True,,0.0308775830693166,ransac,17,False,True,E9|chir|True,10000000.0,1274
30,20,1,3312,0.44982647350606003,True,,0.043672370379356895,ransac,19,False,True,E9|chir|True,10000000.0,1275
30,20,1,3280,0.05150577248781457,True,,0.03909967887302293,ransac,19,False,True,E9|chir|True,10000000.0,1276
30,15,0,3296,0.9394680124629504,True,,0.04619113098656731,ransac,15,False,True,E9|chir|True,10000000.0,1277
30,19,1,3280,0.44281524191894217,True,,0.056255436731680854,ransac,18,False,True,E9|chir|True,10000000.0,1278
30,17,0,3280,0.4905273047424471,True,,0.05635824695403408,ransac,17,False,True,E9|chir|True,10000000.0,1279
30,18,2,3296,0.467627557905521,True,,0.035844110332242794,ransac,16,False,True,E9|chir|True,10000000.0,1280
30,18,1,3248,0.3783429315058814,True,,0.0390667154094993,ransac,17,False,True,E9|chir|True,10000000.0,1281
30,19,2,3264,0.5012651028585858,True,,0.048717114159655885,ransac,17,False,True,E9|chir|True,10000000.0,1282
30,18,1,3264,0.6108030093258059,True,,0.051531936143295216,ransac,17,False,True,E9|chir|True,10000000.0,1283
30,16,0,3264,0.4370990415112449,True,,0.04136246349540349,ransac,16,False,True,E9|chir|True,10000000.0,1284
30,17,3,3280,0.6249968469505862,True,,0.040370105796626234,ransac,15,False,True,E9|chir|True,10000000.0,1285
30,17,0,3312,0.5662212317030508,True,,0.06603362702524097,ransac,17,False,True,E9|chir|True,10000000.0,1286
30,19,2,3296,0.5545626378679153,True,,0.04251552419263411,ransac,17,False,True,E9|chir|True,10000000.0,1287
30,18,3,3312,0.5726553916602762,True,,0.05604034819599778,ransac,15,False,True,E9|chir|True,10000000.0,1288
30,19,1,3296,0.42293290001879486,True,,0.05626307847920437,ransac,18,False,True,E9|chir|True,10000000.0,1289
30,17,0,3296,0.2911667020389599,True,,0.030305319321597583,ransac,17,False,True,E9|chir|True,10000000.0,1290
30,17,0,3280,0.4277704990080677,True,,0.03343415105233696,ransac,17,False,True,E9|chir|True,10000000.0,1291
30,17,0,3232,0.48921749039068385,True,,0.05205186861461089,ransac,17,False,True,E9|chir|True,10000000.0,1292
30,18,0,3312,0.23970306186454357,True,,0.042428138895327545,ransac,17,False,True,E9|chir|True,10000000.0,1293
30,14,2,3312,0.2528322422692318,True,,0.038997420937282146,ransac,12,False,True,E9|chir|True,10000000.0,1294
30,18,1,3328,0.1681633601632442,True,,0.04568330477032774,ransac,17,False,True,E9|chir|True,10000000.0,1295
30,17,0,3184,0.3962670219914826,True,,0.05073645788225902,ransac,16,False,True,E9|chir|True,10000000.0,1296
30,18,2,3264,0.3068764734202532,True,,0.055653370833693,ransac,18,False,True,E9|chir|True,10000000.0,1297
30,15,2,3264,0.4479956066346872,True,,0.03338705356899099,ransac,13,False,True,E9|chir|True,10000000.0,1298
30,20,3,3312,0.17273928639561603,True,,0.04217556303027615,ransac,18,False,True,E9|chir|True,10000000.0,1299
30,19,0,3248,0.6248333323488385,True,,0.031332377838895455,ransac,18,False,True,E9|chir|True,10000000.0,1300
30,19,1,3312,0.659849927602219,True,,0.03307603402651668,ransac,18,False,True,E9|chir|True,10000000.0,1301
30,18,0,3280,0.21791230161491965,True,,0.04384861337188486,ransac,18,False,True,E9|chir|True,10000000.0,1302
30,19,1,3280,0.1853380252346411,True,,0.04983484539257459,ransac,18,False,True,E9|chir|True,10000000.0,1303
30,20,0,3280,0.5224307832317754,True,,0.06055971766842799,ransac,20,False,True,E9|chir|True,10000000.0,1304
30,21,2,3264,0.5622684562456576,True,,0.05690371798428183,ransac,18,False,True,E9|chir|True,10000000.0,1305
30,15,0,3296,0.7336374562092156,True,,0.035858437503417565,ransac,14,False,True,E9|chir|True,10000000.0,1306
30,15,0,3296,0.5345651387354207,True,,0.022741212771065524,ransac,15,False,True,E9|chir|True,10000000.0,1307
30,19,2,3296,0.32898687812726685,True,,0.03834062079417997,ransac,19,False,True,E9|chir|True,10000000.0,1308
30,17,0,3312,0.41825805390092663,True,,0.044552668971675785,ransac,17,False,True,E9|chir|True,10000000.0,1309
30,18,0,3280,0.4887368043345785,True,,0.05491029045178092,ransac,18,False,True,E9|chir|True,10000000.0,1310
30,16,1,3280,0.8540968528878006,True,,0.04445720123321205,ransac,15,False,True,E9|chir|True,10000000.0,1311
30,19,0,3328,0.5467434920735207,True,,0.0369983966330917,ransac,19,False,True,E9|chir|True,10000000.0,1312
30,18,2,3248,0.4886169797639216,True,,0.0419554556814742,ransac,16,False,True,E9|chir|True,10000000.0,1313
30,19,2,3280,0.3865104929925652,True,,0.05812570133908667,ransac,19,False,True,E9|chir|True,10000000.0,1314
30,20,0,3296,0.43469244485339453,True,,0.03522977362460342,ransac,19,False,True,E9|chir|True,10000000.0,1315
30,19,3,3280,0.19922054701814723,True,,0.024578834325816874,ransac,16,False,True,E9|chir|True,10000000.0,1316
30,19,0,3296,0.5441528551804952,True,,0.05743407788587994,ransac,19,False,True,E9|chir|True,10000000.0,1317
30,17,0,3280,0.5255016629941267,True,,0.0358930085225943,ransac,17,False,True,E9|chir|True,10000000.0,1318
30,18,0,3280,0.5938165386609449,True,,0.045802675979690614,ransac,18,False,True,E9|chir|True,10000000.0,1319
30,18,1,3264,0.28381386096097805,True,,0.034207755815413556,ransac,16,False,True,E9|chir|True,10000000.0,1320
30,17,2,3296,0.311698622398049,True,,0.027571902557544298,ransac,17,False,True,E9|chir|True,10000000.0,1321
30,18,2,3312,0.7697707924122282,True,,0.03439125194098444,ransac,17,False,True,E9|chir|True,10000000.0,1322
30,16,0,3280,0.09171278736753405,True,,0.04900639327192517,ransac,16,False,True,E9|chir|True,10000000.0,1323
30,17,1,3264,0.4379845659417875,True,,0.04680708776045373,ransac,16,False,True,E9|chir|True,10000000.0,1324
30,15,0,3280,0.8002056014995894,True,,0.03743769156324567,ransac,15,False,True,E9|chir|True,10000000.0,1325
30,16,2,3312,0.4757200323442046,True,,0.04706340855155999,ransac,16,False,True,E9|chir|True,10000000.0,1326
30,18,2,3328,0.5558394457998475,True,,0.04646793132228491,ransac,18,False,True,E9|chir|True,10000000.0,1327
30,17,0,3280,0.30093500886445235,True,,0.04627420774623575,ransac,17,False,True,E9|chir|True,10000000.0,1328
30,19,1,3312,0.35207082691724223,True,,0.0440692924946935,ransac,18,False,True,E9|chir|True,10000000.0,1329
30,18,2,3264,0.2699087757434633,True,,0.041859481526631506,ransac,17,False,True,E9|chir|True,10000000.0,1330
30,18,0,3248,0.8765278327971926,True,,0.05962783987046565,ransac,18,False,True,E9|chir|True,10000000.0,1331
30,19,1,3248,0.4679237861128067,True,,0.053787215326824345,ransac,18,False,True,E9|chir|True,10000000.0,1332
30,18,2,3280,0.1389968540360488,True,,0.036564997022219166,ransac,16,False,True,E9|chir|True,10000000.0,1333
30,17,0,3296,0.5133630368676295,True,,0.04014193996358993,ransac,17,False,True,E9|chir|True,10000000.0,1334
30,19,0,3280,0.25785772289598186,True,,0.03635226502252139,ransac,19,False,True,E9|chir|True,10000000.0,1335
30,14,0,3264,1.093111900404773,True,,0.04986268019614404,ransac,14,False,True,E9|chir|True,10000000.0,1336
30,17,1,3248,0.25587183337917935,True,,0.0492722159014135,ransac,16,False,True,E9|chir|True,10000000.0,1337
30,17,1,3264,0.6544650933915497,True,,0.04691461728551075,ransac,16,False,True,E9|chir|True,10000000.0,1338
30,15,1,3296,0.26592856254810965,True,,0.027418516109850685,ransac,14,False,True,E9|chir|True,10000000.0,1339
30,15,0,3312,0.7239875504571697,True,,0.0196270092863092,ransac,14,False,True,E9|chir|True,10000000.0,1340
30,18,1,3280,0.29616756668403194,True,,0.04008805310465479,ransac,17,False,True,E9|chir|True,10000000.0,1341
30,17,0,3216,0.6501716866314898,True,,0.05068986707743425,ransac,17,False,True,E9|chir|True,10000000.0,1342
30,19,0,3280,0.3897526982046889,True,,0.04267812557236119,ransac,18,False,True,E9|chir|True,10000000.0,1343
30,19,1,3280,0.37077747187618104,True,,0.04406075317826274,ransac,18,False,True,E9|chir|True,10000000.0,1344
30,15,0,3280,0.3511158240656592,True,,0.027341005313165634,ransac,14,False,True,E9|chir|True,10000000.0,1345
30,16,1,3280,0.16707191900985366,True,,0.041684372131078944,ransac,15,False,True,E9|chir|True,10000000.0,1346
30,17,1,3296,0.06482320391941429,True,,0.02921266703478597,ransac,16,False,True,E9|chir|True,10000000.0,1347
30,19,0,3280,0.19582992998432383,True,,0.03942753182858781,ransac,19,False,True,E9|chir|True,10000000.0,1348
30,19,2,3296,0.3320627827032693,True,,0.056722018708009685,ransac,18,False,True,E9|chir|True,10000000.0,1349
30,16,0,3296,0.4302121774774348,True,,0.03548606368800562,ransac,15,False,True,E9|chir|True,10000000.0,1350
30,18,2,3296,1.1716613334228352,True,,0.04827179836936694,ransac,18,False,True,E9|chir|True,10000000.0,1351
30,15,0,3312,0.5021263756459659,True,,0.046831853843181157,ransac,15,False,True,E9|chir|True,10000000.0,1352
30,18,1,3280,0.29720234964325093,True,,0.05326835738997218,ransac,17,False,True,E9|chir|True,10000000.0,1353
30,18,3,3280,0.4391217438462324,True,,0.03469367729203668,ransac,18,False,True,E9|chir|True,10000000.0,1354
30,18,1,3328,0.25481352141229224,True,,0.038248733499037124,ransac,17,False,True,E9|chir|True,10000000.0,1355
30,18,1,3296,0.3260035667422731,True,,0.0331717819339452,ransac,17,False,True,E9|chir|True,10000000.0,1356
30,14,2,3264,0.7045374195368185,True,,0.040051922657037095,ransac,12,False,True,E9|chir|True,10000000.0,1357
30,16,1,3296,1.0735041925163955,True,,0.06607667821011405,ransac,15,False,True,E9|chir|True,10000000.0,1358
30,19,4,3296,0.13708260546364948,True,,0.03739847348232669,ransac,15,False,True,E9|chir|True,10000000.0,1359
30,17,2,3264,0.014639304672662806,True,,0.03741774205291736,ransac,17,False,True,E9|chir|True,10000000.0,1360
30,20,0,3312,1.2213087946793673,True,,0.046954687263858326,ransac,19,False,True,E9|chir|True,10000000.0,1361
30,17,0,3216,0.6930986266516166,True,,0.0547586465182309,ransac,17,False,True,E9|chir|True,10000000.0,1362
30,18,1,3296,0.44228683937583896,True,,0.05531807968225685,ransac,17,False,True,E9|chir|True,10000000.0,1363
30,17,1,3280,0.1937642373640632,True,,0.020907616364718547,ransac,16,False,True,E9|chir|True,10000000.0,1364
30,19,1,3312,0.05775790181019519,True,,0.027764936383961037,ransac,17,False,True,E9|chir|True,10000000.0,1365
30,16,0,3280,0.22700152043560587,True,,0.04640073854379452,ransac,16,False,True,E9|chir|True,10000000.0,1366
30,17,0,3328,0.9417136353043445,True,,0.03499935274327196,ransac,17,False,True,E9|chir|True,10000000.0,1367
30,17,0,3280,0.5603284639479976,True,,0.04285832933392022,ransac,17,False,True,E9|chir|True,10000000.0,1368
30,19,0,3296,0.3340665315975244,True,,0.040949436998976275,ransac,19,False,True,E9|chir|True,10000000.0,1369
30,20,2,3264,0.15347070799193865,True,,0.044101843339672,ransac,20,False,True,E9|chir|True,10000000.0,1370
30,17,0,3280,0.6664381775153809,True,,0.05407173915184686,ransac,16,False,True,E9|chir|True,10000000.0,1371
30,16,0,3312,0.07463084402631684,True,,0.05262776324462155,ransac,16,False,True,E9|chir|True,10000000.0,1372
30,19,1,3312,0.6798806616516998,True,,0.060962147899978114,ransac,18,False,True,E9|chir|True,10000000.0,1373
30,16,0,3248,0.24326487190695678,True,,0.0562437812415688,ransac,15,False,True,E9|chir|True,10000000.0,1374
30,19,0,3280,0.4658440592399973,True,,0.029215669285348304,ransac,19,False,True,E9|chir|True,10000000.0,1375
30,17,1,3280,0.6948193306671636,True,,0.04227384121091357,ransac,16,False,True,E9|chir|True,10000000.0,1376
30,15,1,3264,0.5314903605220437,True,,0.04268462068761113,ransac,14,False,True,E9|chir|True,10000000.0,1377
30,17,1,3280,0.5729780764620626,True,,0.04648380976806164,ransac,16,False,True,E9|chir|True,10000000.0,1378
30,20,0,3264,0.42828904669958223,True,,0.054676418116957955,ransac,20,False,True,E9|chir|True,10000000.0,1379
30,20,2,3264,0.23987673040237037,True,,0.05356331107642289,ransac,19,False,True,E9|chir|True,10000000.0,1380
30,19,1,3296,0.11538498173394518,True,,0.04631303809754931,ransac,18,False,True,E9|chir|True,10000000.0,1381
30,20,1,3296,0.2676095361448598,True,,0.05125771512092973,ransac,19,False,True,E9|chir|True,10000000.0,1382
30,15,1,3312,0.3032840498715882,True,,0.03711800312248777,ransac,14,False,True,E9|chir|True,10000000.0,1383
30,17,0,3280,0.19239084674073906,True,,0.0595650121420294,ransac,17,False,True,E9|chir|True,10000000.0,1384
30,17,1,3264,0.7044155004330297,True,,0.05805819871501732,ransac,15,False,True,E9|chir|True,10000000.0,1385
30,18,0,3248,0.48283238578935145,True,,0.055575765759620366,ransac,18,False,True,E9|chir|True,10000000.0,1386
30,18,1,3248,0.09456904521963291,True,,0.03300012100647366,ransac,17,False,True,E9|chir|True,10000000.0,1387
30,18,2,3312,0.06616008523618136,True,,0.02553822680067407,ransac,17,False,True,E9|chir|True,10000000.0,1388
30,17,0,3280,0.2355556219373548,True,,0.027253181919480566,ransac,17,False,True,E9|chir|True,10000000.0,1389
30,19,1,3296,0.11390853306750523,True,,0.02576251732140694,ransac,18,False,True,E9|chir|True,10000000.0,1390
30,20,0,3280,0.26585434385893186,True,,0.06318288989928775,ransac,19,False,True,E9|chir|True,10000000.0,1391
30,14,0,3280,0.5514936918662744,True,,0.05366480343563102,ransac,14,False,True,E9|chir|True,10000000.0,1392
30,15,1,3264,0.22432384279579462,True,,0.038815713167352786,ransac,14,False,True,E9|chir|True,10000000.0,1393
30,18,2,3296,0.4853338818172512,True,,0.05031817894438055,ransac,18,False,True,E9|chir|True,10000000.0,1394
30,19,0,3280,0.2508566911674842,True,,0.05015035804057248,ransac,19,False,True,E9|chir|True,10000000.0,1395
30,16,2,3280,0.15532555146463686,True,,0.03632593779125021,ransac,16,False,True,E9|chir|True,10000000.0,1396
30,17,0,3264,0.3497654409618525,True,,0.044113181713674704,ransac,17,False,True,E9|chir|True,10000000.0,1397
30,19,1,3264,0.28052820785940624,True,,0.04806561827035641,ransac,18,False,True,E9|chir|True,10000000.0,1398
30,18,1,3264,0.23412270970595447,True,,0.037853885732767364,ransac,16,False,True,E9|chir|True,10000000.0,1399
30,19,0,3264,0.5707852715629788,True,,0.05323172787370203,ransac,19,False,True,E9|chir|True,10000000.0,1400
30,18,0,3328,0.4989961857956661,True,,0.04483451355836159,ransac,17,False,True,E9|chir|True,10000000.0,1401
30,18,0,3264,0.3660162237801098,True,,0.04870480497077817,ransac,17,False,True,E9|chir|True,10000000.0,1402
30,17,0,3296,0.3806716600585251,True,,0.049935382589958444,ransac,17,False,True,E9|chir|True,10000000.0,1403
30,15,4,3232,0.40143331815586725,True,,0.047800244259104556,ransac,12,False,True,E9|chir|True,10000000.0,1404
30,16,0,3280,0.8169551652776313,True,,0.03455553987525287,ransac,15,False,True,E9|chir|True,10000000.0,1405
30,17,1,3232,0.3837330973049602,True,,0.04489714743179682,ransac,16,False,True,E9|chir|True,10000000.0,1406
30,20,1,3264,0.5398886342449174,True,,0.05416519730503338,ransac,18,False,True,E9|chir|True,10000000.0,1407
30,18,2,3328,0.4830793635059533,True,,0.04520800732100409,ransac,18,False,True,E9|chir|True,10000000.0,1408
30,18,1,3296,0.4031605599380034,True,,0.04723598851457674,ransac,18,False,True,E9|chir|True,10000000.0,1409
30,15,0,3264,0.5579825719087605,True,,0.04711474975235384,ransac,15,False,True,E9|chir|True,10000000.0,1410
30,15,1,3328,0.5585316387723112,True,,0.05932209148689905,ransac,14,False,True,E9|chir|True,10000000.0,1411
30,18,1,3296,0.17716211838778628,True,,0.041741585272161805,ransac,17,False,True,E9|chir|True,10000000.0,1412
30,16,1,3328,0.47534059817172125,True,,0.02893575092844935,ransac,15,False,True,E9|chir|True,10000000.0,1413
30,17,1,3296,0.43483052436471803,True,,0.05655391904720584,ransac,16,False,True,E9|chir|True,10000000.0,1414
30,20,1,3280,0.6837285341013261,True,,0.03023561230267189,ransac,18,False,True,E9|chir|True,10000000.0,1415
30,19,2,3264,0.5850220564895976,True,,0.03837609056369781,ransac,19,False,True,E9|chir|True,10000000.0,1416
30,17,0,3280,0.6783683094427806,True,,0.036721490515565426,ransac,17,False,True,E9|chir|True,10000000.0,1417
30,15,0,3264,0.658735909820746,True,,0.0327342160696759,ransac,15,False,True,E9|chir|True,10000000.0,1418
30,19,2,3296,0.19834951649094887,True,,0.031945883023765914,ransac,17,False,True,E9|chir|True,10000000.0,1419
30,17,0,3280,0.38404991009678296,True,,0.05797915233340548,ransac,17,False,True,E9|chir|True,10000000.0,1420
30,21,1,3264,0.6218115568446422,True,,0.056443348791700876,ransac,19,False,True,E9|chir|True,10000000.0,1421
30,15,2,3312,0.32450936417018994,True,,0.037301218801711465,ransac,15,False,True,E9|chir|True,10000000.0,1422
30,16,0,3296,1.0144721704585797,True,,0.0605274249938695,ransac,16,False,True,E9|chir|True,10000000.0,1423
30,15,1,3248,0.6602097674460803,True,,0.04325993070306968,ransac,14,False,True,E9|chir|True,10000000.0,1424
30,16,0,3280,0.10678763225323289,True,,0.05160612911320798,ransac,16,False,True,E9|chir|True,10000000.0,1425
30,18,0,3264,0.3359443091005524,True,,0.042308329966458454,ransac,18,False,True,E9|chir|True,10000000.0,1426
30,17,1,3248,0.39635246100492466,True,,0.04848987065251441,ransac,16,False,True,E9|chir|True,10000000.0,1427
30,19,2,3248,0.3705878796561593,True,,0.05178974025115398,ransac,19,False,True,E9|chir|True,10000000.0,1428
30,15,0,3296,0.3071018889593205,True,,0.03243065522557991,ransac,15,False,True,E9|chir|True,10000000.0,1429
30,18,1,3296,0.40535106249112246,True,,0.03692983597053069,ransac,17,False,True,E9|chir|True,10000000.0,1430
30,16,0,3280,0.4604210267960004,True,,0.05583784511607667,ransac,16,False,True,E9|chir|True,10000000.0,1431
30,19,1,3280,0.4361258213728509,True,,0.03571522351849198,ransac,18,False,True,E9|chir|True,10000000.0,1432
30,19,0,3312,0.08564225756088564,True,,0.04390030111852634,ransac,18,False,True,E9|chir|True,10000000.0,1433
30,18,0,3232,0.36247907934080476,True,,0.05341091221048623,ransac,18,False,True,E9|chir|True,10000000.0,1434
30,19,0,3264,0.1534505872941717,True,,0.04340436384728658,ransac,19,False,True,E9|chir|True,10000000.0,1435
30,17,0,3312,0.5381193097371613,True,,0.03371322689808999,ransac,17,False,True,E9|chir|True,10000000.0,1436
30,18,0,3296,0.08935582310118764,True,,0.04610847179803062,ransac,18,False,True,E9|chir|True,10000000.0,1437
30,19,0,3264,0.589404482211558,True,,0.056718749799546254,ransac,19,False,True,E9|chir|True,10000000.0,1438
30,17,1,3280,0.3943291241842137,True,,0.04898063985978088,ransac,16,False,True,E9|chir|True,10000000.0,1439
30,18,2,3280,0.20876316544644624,True,,0.04969438727946251,ransac,18,False,True,E9|chir|True,10000000.0,1440
30,17,2,3248,0.4797227797693305,True,,0.05730920839471812,ransac,17,False,True,E9|chir|True,10000000.0,1441
30,19,0,3264,0.43120751625169096,True,,0.07146513113752133,ransac,18,False,True,E9|chir|True,10000000.0,1442
30,17,0,3280,0.3660267298019514,True,,0.0415028202487569,ransac,17,False,True,E9|chir|True,10000000.0,1443
30,18,1,3264,0.4278621594664024,True,,0.03673246077546684,ransac,17,False,True,E9|chir|True,10000000.0,1444
30,18,0,3280,0.326602934835049,True,,0.05524827208754011,ransac,17,False,True,E9|chir|True,10000000.0,1445
30,17,4,3264,0.16598368247308556,True,,0.034889574778724,ransac,13,False,True,E9|chir|True,10000000.0,1446
30,16,1,3280,0.32138826335508835,True,,0.02921756379331488,ransac,15,False,True,E9|chir|True,10000000.0,1447
30,19,1,3312,0.592024326395282,True,,0.040736107102948206,ransac,18,False,True,E9|chir|True,10000000.0,1448
30,18,0,3280,1.3026686892065855,True,,0.06524407400369037,ransac,17,False,True,E9|chir|True,10000000.0,1449
30,14,0,3264,0.19513888745094343,True,,0.029954836153461097,ransac,13,False,True,E9|chir|True,10000000.0,1450
30,20,2,3248,0.7788114263713628,True,,0.035054344244134214,ransac,19,False,True,E9|chir|True,10000000.0,1451
30,18,0,3296,0.5425724086341791,True,,0.05279984442457684,ransac,18,False,True,E9|chir|True,10000000.0,1452
30,13,1,3296,0.2945707341492732,True,,0.045156579693639995,ransac,12,False,True,E9|chir|True,10000000.0,1453
30,16,0,3264,0.5396976639976482,True,,0.0301886027081796,ransac,16,False,True,E9|chir|True,10000000.0,1454
30,18,1,3280,0.5533641785727309,True,,0.05787598544437487,ransac,17,False,True,E9|chir|True,10000000.0,1455
30,20,2,3264,0.47791323730086227,True,,0.06066713336275095,ransac,18,False,True,E9|chir|True,10000000.0,1456
30,16,0,3296,0.17027358995811281,True,,0.03719663651721569,ransac,16,False,True,E9|chir|True,10000000.0,1457
30,20,1,3264,0.022240338403107282,True,,0.04114689247313591,ransac,18,False,True,E9|chir|True,10000000.0,1458
30,17,2,3312,0.8324191966062358,True,,0.04193210452114349,ransac,17,False,True,E9|chir|True,10000000.0,1459
30,15,0,3264,0.21698115793194167,True,,0.030052062497791472,ransac,15,False,True,E9|chir|True,10000000.0,1460
30,17,1,3280,0.1865173134092758,True,,0.04625368923811452,ransac,16,False,True,E9|chir|True,10000000.0,1461
30,17,1,3264,0.8453585458473819,True,,0.03700729343702542,ransac,16,False,True,E9|chir|True,10000000.0,1462
30,19,1,3296,0.4495138865046146,True,,0.05461264728826298,ransac,18,False,True,E9|chir|True,10000000.0,1463
30,17,0,3248,0.5618567932888529,True,,0.03441615006762446,ransac,16,False,True,E9|chir|True,10000000.0,1464
30,18,1,3312,0.3420590630057558,True,,0.03089563500746155,ransac,17,False,True,E9|chir|True,10000000.0,1465
30,17,1,3296,0.5834210432570233,True,,0.04543925423795204,ransac,16,False,True,E9|chir|True,10000000.0,1466
30,17,1,3328,0.39509864704366415,True,,0.03355509949096967,ransac,16,False,True,E9|chir|True,10000000.0,1467
30,18,2,3280,0.2867361847060235,True,,0.04456722513605542,ransac,18,False,True,E9|chir|True,10000000.0,1468
30,18,0,3296,0.6431254415371741,True,,0.047388600627809224,ransac,18,False,True,E9|chir|True,10000000.0,1469
30,16,1,3312,0.10009933152795884,True,,0.044900446722627496,ransac,15,False,True,E9|chir|True,10000000.0,1470
30,16,0,3264,0.614968575397549,True,,0.05544832044397096,ransac,16,False,True,E9|chir|True,10000000.0,1471
30,18,2,3328,0.46241556491381575,True,,0.043602758311920085,ransac,16,False,True,E9|chir|True,10000000.0,1472
30,19,1,3216,0.02874119877813953,True,,0.05484823893197978,ransac,17,False,True,E9|chir|True,10000000.0,1473
30,19,1,3248,0.3730660590995315,True,,0.04799914122223437,ransac,17,False,True,E9|chir|True,10000000.0,1474
30,19,1,3264,0.3504110795820377,True,,0.057348167399181686,ransac,18,False,True,E9|chir|True,10000000.0,1475
30,17,1,3296,0.4175754027098968,True,,0.05940819795212286,ransac,16,False,True,E9|chir|True,10000000.0,1476
30,19,2,3280,0.28749432146545995,True,,0.05867094869486399,ransac,19,False,True,E9|chir|True,10000000.0,1477
30,16,3,3312,0.6989468773574217,True,,0.02698146385435613,ransac,14,False,True,E9|chir|True,10000000.0,1478
30,16,1,3280,0.12015810443976352,True,,0.02878816134453559,ransac,15,False,True,E9|chir|True,10000000.0,1479
30,17,0,3280,0.10854950572652688,True,,0.03209960737897842,ransac,17,False,True,E9|chir|True,10000000.0,1480
30,17,0,3312,0.36053845442559834,True,,0.04527162951539196,ransac,17,False,True,E9|chir|True,10000000.0,1481
30,18,0,3296,0.35551255127909615,True,,0.07588401701312926,ransac,18,False,True,E9|chir|True,10000000.0,1482
30,17,0,3296,0.2711783647520616,True,,0.03860390307912913,ransac,17,False,True,E9|chir|True,10000000.0,1483
30,18,0,3296,0.3865482804873951,True,,0.03539199735242274,ransac,18,False,True,E9|chir|True,10000000.0,1484
30,19,0,3296,0.3275087726500952,True,,0.05117114847077111,ransac,19,False,True,E9|chir|True,10000000.0,1485
30,18,1,3312,0.06942546165628755,True,,0.04317700400322298,ransac,17,False,True,E9|chir|True,10000000.0,1486
30,16,1,3264,0.40945744325118855,True,,0.03529255658932094,ransac,15,False,True,E9|chir|True,10000000.0,1487
30,17,1,3264,0.2514286466759486,True,,0.03322242179974238,ransac,16,False,True,E9|chir|True,10000000.0,1488
30,16,0,3280,0.4759161932012293,True,,0.0444099375650897,ransac,16,False,True,E9|chir|True,10000000.0,1489
30,17,0,3264,0.2103368822933768,True,,0.03581417572543481,ransac,17,False,True,E9|chir|True,10000000.0,1490
30,20,2,3232,0.26898022630337937,True,,0.05836421507272196,ransac,19,False,True,E9|chir|True,10000000.0,1491
30,19,3,3296,0.18165221458860037,True,,0.04816649928915375,ransac,17,False,True,E9|chir|True,10000000.0,1492
30,19,1,3296,0.2947969859936924,True,,0.058146328614355335,ransac,18,False,True,E9|chir|True,10000000.0,1493
30,19,2,3280,0.3556607352634337,True,,0.05716164339723436,ransac,17,False,True,E9|chir|True,10000000.0,1494
30,14,1,3312,0.6963240189685219,True,,0.046326328702950045,ransac,13,False,True,E9|chir|True,10000000.0,1495
30,16,0,3280,0.029560357514868886,True,,0.057322930264989046,ransac,16,False,True,E9|chir|True,10000000.0,1496
30,16,2,3296,0.3236113428675617,True,,0.039839914100263336,ransac,14,False,True,E9|chir|True,10000000.0,1497
30,19,0,3280,0.6934023026281401,True,,0.045366727366940335,ransac,19,False,True,E9|chir|True,10000000.0,1498
30,17,1,3264,1.1502248151735561,True,,0.05269381932081067,ransac,15,False,True,E9|chir|True,10000000.0,1499
30,17,1,3232,0.7801897698736614,True,,0.02997230515788138,ransac,16,False,True,E9|chir|True,10000000.0,1500
30,17,0,3296,0.4819477072355239,True,,0.036007052999516856,ransac,17,False,True,E9|chir|True,10000000.0,1501
30,13,1,3280,0.19306193291241924,True,,0.039397472987427525,ransac,12,False,True,E9|chir|True,10000000.0,1502
30,19,1,3312,0.5758666309291854,True,,0.04909849978955857,ransac,18,False,True,E9|chir|True,10000000.0,1503
30,18,1,3296,0.8001903211303547,True,,0.05817669728439892,ransac,16,False,True,E9|chir|True,10000000.0,1504
30,20,1,3264,0.9949358473553872,True,,0.04987503737375182,ransac,19,False,True,E9|chir|True,10000000.0,1505
30,21,2,3280,0.26492917579209907,True,,0.04574531881340022,ransac,20,False,True,E9|chir|True,10000000.0,1506
30,13,0,3280,0.5842949256078348,True,,0.04634384412919951,ransac,13,False,True,E9|chir|True,10000000.0,1507
30,19,1,3296,0.5134502435898531,True,,0.03839621616879743,ransac,18,False,True,E9|chir|True,10000000.0,1508
30,18,0,3312,0.24637169941431095,True,,0.055531755953495916,ransac,18,False,True,E9|chir|True,10000000.0,1509
30,19,0,3280,0.42503141162967517,True,,0.04593647674074198,ransac,19,False,True,E9|chir|True,10000000.0,1510
30,18,1,3264,0.41695247865492485,True,,0.05095325182261486,ransac,18,False,True,E9|chir|True,10000000.0,1511
30,17,1,3280,0.5532424606970189,True,,0.06118175820072583,ransac,16,False,True,E9|chir|True,10000000.0,1512
30,18,0,3264,0.1664574677263241,True,,0.04549223236747357,ransac,18,False,True,E9|chir|True,10000000.0,1513
30,18,1,3264,0.23752412420565935,True,,0.020496826871814203,ransac,17,False,True,E9|chir|True,10000000.0,1514
30,18,1,3280,0.5336164991946926,True,,0.04568187890969075,ransac,17,False,True,E9|chir|True,10000000.0,1515
30,16,1,3264,0.48203646679676787,True,,0.03205166031130849,ransac,15,False,True,E9|chir|True,10000000.0,1516
30,17,3,3280,0.32793292041301325,True,,0.025884702924957884,ransac,14,False,True,E9|chir|True,10000000.0,1517
30,18,3,3296,0.41214912204929216,True,,0.03470722020719236,ransac,16,False,True,E9|chir|True,10000000.0,1518
30,16,3,3280,0.6854721413830763,True,,0.039681906281464056,ransac,12,False,True,E9|chir|True,10000000.0,1519
30,17,0,3264,0.3521999565046154,True,,0.03723666110057666,ransac,16,False,True,E9|chir|True,10000000.0,1520
30,18,0,3232,0.27409737656329564,True,,0.04522728108611893,ransac,18,False,True,E9|chir|True,10000000.0,1521
30,19,2,3328,0.4292247270314804,True,,0.03919380546100057,ransac,18,False,True,E9|chir|True,10000000.0,1522
30,17,0,3264,0.3583153593198301,True,,0.035866371890050534,ransac,16,False,True,E9|chir|True,10000000.0,1523
30,16,0,3280,1.0021087501914532,True,,0.035517352064978226,ransac,16,False,True,E9|chir|True,10000000.0,1524
30,16,0,3312,0.3506124075385143,True,,0.04668205548428195,ransac,16,False,True,E9|chir|True,10000000.0,1525
30,17,0,3296,0.514333894036415,True,,0.06762193772788487,ransac,17,False,True,E9|chir|True,10000000.0,1526
30,17,1,3280,0.2157057472233968,True,,0.03342493231263113,ransac,16,False,True,E9|chir|True,10000000.0,1527
30,20,1,3296,0.4951773049394246,True,,0.0501372948564097,ransac,19,False,True,E9|chir|True,10000000.0,1528
30,19,2,3296,0.1980464450815222,True,,0.05002466885989405,ransac,17,False,True,E9|chir|True,10000000.0,1529
30,15,0,3248,0.12763049075026892,True,,0.03485202607717258,ransac,15,False,True,E9|chir|True,10000000.0,1530
30,19,1,3296,0.6616335501028274,True,,0.05557209424679028,ransac,18,False,True,E9|chir|True,10000000.0,1531
30,17,0,3312,0.77387495928468,True,,0.06569541126930972,ransac,17,False,True,E9|chir|True,10000000.0,1532
30,18,1,3328,0.5539736876300254,True,,0.04429954662849294,ransac,17,False,True,E9|chir|True,10000000.0,1533
30,16,0,3280,0.2424378874419697,True,,0.0432727645265845,ransac,16,False,True,E9|chir|True,10000000.0,1534
30,19,0,3280,0.19709310272286734,True,,0.04443786689774955,ransac,17,False,True,E9|chir|True,10000000.0,1535
30,17,0,3280,0.586013534252332,True,,0.0355225687664971,ransac,17,False,True,E9|chir|True,10000000.0,1536
30,20,2,3296,0.3827432402155917,True,,0.057509360855379374,ransac,20,False,True,E9|chir|True,10000000.0,1537
30,17,1,3264,0.4665264565026628,True,,0.04391716646074408,ransac,15,False,True,E9|chir|True,10000000.0,1538
30,16,0,3312,0.39983420729362085,True,,0.04464852687773587,ransac,16,False,True,E9|chir|True,10000000.0,1539
30,16,1,3296,0.23357525351621405,True,,0.03718464183887921,ransac,15,False,True,E9|chir|True,10000000.0,1540
30,18,0,3280,0.3197090966184743,True,,0.03916190414085335,ransac,18,False,True,E9|chir|True,10000000.0,1541
30,17,0,3312,0.4754984645509189,True,,0.033616391207933825,ransac,17,False,True,E9|chir|True,10000000.0,1542
30,16,0,3264,0.23298931808616852,True,,0.03746284598623497,ransac,16,False,True,E9|chir|True,10000000.0,1543
30,17,2,3264,0.6182455078453127,True,,0.03153727704098836,ransac,14,False,True,E9|chir|True,10000000.0,1544
30,16,1,3264,0.4755784201468077,True,,0.04184264714284227,ransac,15,False,True,E9|chir|True,10000000.0,1545
30,17,0,3296,0.3812188798247848,True,,0.037287089567869997,ransac,17,False,True,E9|chir|True,10000000.0,1546
30,17,2,3280,0.7177963112305535,True,,0.041817199880300984,ransac,17,False,True,E9|chir|True,10000000.0,1547
30,17,0,3280,0.5126199544616475,True,,0.05293890932534761,ransac,17,False,True,E9|chir|True,10000000.0,1548
30,18,3,3264,0.9362938850402903,True,,0.043163282308150315,ransac,15,False,True,E9|chir|True,10000000.0,1549
30,18,0,3296,0.3366535486349971,True,,0.0538331651490586,ransac,17,False,True,E9|chir|True,10000000.0,1550
30,18,1,3264,0.09088398815185662,True,,0.04468685470933722,ransac,17,False,True,E9|chir|True,10000000.0,1551
30,20,0,3312,0.4308751020294894,True,,0.03383551908134532,ransac,19,False,True,E9|chir|True,10000000.0,1552
30,16,1,3232,0.710256843994213,True,,0.044420308430994024,ransac,15,False,True,E9|chir|True,10000000.0,1553
30,18,0,3312,0.19229893243541019,True,,0.038566146260257526,ransac,18,False,True,E9|chir|True,10000000.0,1554
30,18,0,3280,0.4894403191860395,True,,0.047187318878913705,ransac,18,False,True,E9|chir|True,10000000.0,1555
30,15,1,3296,0.487075094623896,True,,0.03433850487328075,ransac,14,False,True,E9|chir|True,10000000.0,1556
30,19,0,3280,0.27172573281455487,True,,0.04611067914106293,ransac,19,False,True,E9|chir|True,10000000.0,1557
30,18,1,3248,0.09231993585539959,True,,0.04230847359958923,ransac,17,False,True,E9|chir|True,10000000.0,1558
30,17,0,3312,0.37166583677413617,True,,0.043816037917305956,ransac,17,False,True,E9|chir|True,10000000.0,1559
30,15,0,3232,0.3880914862814312,True,,0.036755389811238666,ransac,15,False,True,E9|chir|True,10000000.0,1560
30,17,1,3296,0.37810167990797877,True,,0.04541607290191704,ransac,16,False,True,E9|chir|True,10000000.0,1561
30,18,1,3280,0.5700424749912862,True,,0.04713137899867485,ransac,17,False,True,E9|chir|True,10000000.0,1562
30,16,1,3264,0.5169601010235534,True,,0.04159978828074583,ransac,16,False,True,E9|chir|True,10000000.0,1563
30,19,0,3264,0.583988542019911,True,,0.05406103142798389,ransac,19,False,True,E9|chir|True,10000000.0,1564
30,17,0,3296,0.37984167474776087,True,,0.050552914218614055,ransac,17,False,True,E9|chir|True,10000000.0,1565
30,17,0,3264,0.1485921023041952,True,,0.03843407899896684,ransac,16,False,True,E9|chir|True,10000000.0,1566
30,17,1,3296,0.18506926650364072,True,,0.05368323578774961,ransac,16,False,True,E9|chir|True,10000000.0,1567
30,18,2,3248,0.8356607259377703,True,,0.04764186627147512,ransac,18,False,True,E9|chir|True,10000000.0,1568
30,19,1,3280,0.5616200838359554,True,,0.04673518350192692,ransac,18,False,True,E9|chir|True,10000000.0,1569
30,18,1,3296,0.7186273635159872,True,,0.03716242045458204,ransac,17,False,True,E9|chir|True,10000000.0,1570
30,17,4,3296,0.19252214382833194,True,,0.034266355875951705,ransac,14,False,True,E9|chir|True,10000000.0,1571
30,18,1,3280,0.3157382092654106,True,,0.04071246428516983,ransac,17,False,True,E9|chir|True,10000000.0,1572
30,18,1,3248,0.6364991838954057,True,,0.05269141442268692,ransac,17,False,True,E9|chir|True,10000000.0,1573
30,18,0,3264,0.2906072808924355,True,,0.04862480786310797,ransac,16,False,True,E9|chir|True,10000000.0,1574
30,18,1,3280,0.7710422285296485,True,,0.06370750753969599,ransac,16,False,True,E9|chir|True,10000000.0,1575
30,17,1,3280,0.6047656640371327,True,,0.04719330335575293,ransac,15,False,True,E9|chir|True,10000000.0,1576
30,17,1,3248,0.2853252352114272,True,,0.03184720586311871,ransac,16,False,True,E9|chir|True,10000000.0,1577
30,17,1,3264,0.17247775671511284,True,,0.03510016062909579,ransac,16,False,True,E9|chir|True,10000000.0,1578
30,14,1,3280,0.08861415813445754,True,,0.037519212179943286,ransac,13,False,True,E9|chir|True,10000000.0,1579
30,16,0,3280,0.293682058822044,True,,0.05557696618278342,ransac,16,False,True,E9|chir|True,10000000.0,1580
30,21,3,3232,0.29088152323879796,True,,0.03103919261033796,ransac,17,False,True,E9|chir|True,10000000.0,1581
30,19,1,3264,0.09794776256992313,True,,0.058404477509302,ransac,18,False,True,E9|chir|True,10000000.0,1582
30,16,1,3312,0.33350741965694664,True,,0.03492617395581404,ransac,15,False,True,E9|chir|True,10000000.0,1583
30,18,0,3296,0.15225393982909421,True,,0.03056921701786803,ransac,18,False,True,E9|chir|True,10000000.0,1584
30,16,2,3296,0.8762011140277188,True,,0.04301592933714936,ransac,16,False,True,E9|chir|True,10000000.0,1585
30,16,1,3248,0.5668636932525728,True,,0.056705305440103805,ransac,14,False,True,E9|chir|True,10000000.0,1586
30,17,0,3280,0.331946456402597,True,,0.036391279064004786,ransac,17,False,True,E9|chir|True,10000000.0,1587
30,15,2,3280,0.45893453848375476,True,,0.03256073710944545,ransac,13,False,True,E9|chir|True,10000000.0,1588
30,17,1,3248,0.5902451326786948,True,,0.04189275146200379,ransac,16,False,True,E9|chir|True,10000000.0,1589
30,19,1,3312,0.1975060169446224,True,,0.057877691286775675,ransac,18,False,True,E9|chir|True,10000000.0,1590
30,19,2,3280,0.4810397559393978,True,,0.04027057720668799,ransac,19,False,True,E9|chir|True,10000000.0,1591
30,20,0,3296,0.6308883664942164,True,,0.06885001561957767,ransac,20,False,True,E9|chir|True,10000000.0,1592
30,18,1,3280,0.15255942146567109,True,,0.03406799998332119,ransac,17,False,True,E9|chir|True,10000000.0,1593
30,15,2,3264,0.35447879833154866,True,,0.03887925651138906,ransac,15,False,True,E9|chir|True,10000000.0,1594
30,20,0,3280,0.3851413420213568,True,,0.06256347627384526,ransac,19,False,True,E9|chir|True,10000000.0,1595
30,19,0,3280,0.22341066066539417,True,,0.05454564254133957,ransac,19,False,True,E9|chir|True,10000000.0,1596
30,18,1,3280,0.6243020777455146,True,,0.036206781591631786,ransac,17,False,True,E9|chir|True,10000000.0,1597
30,17,2,3312,0.9104920386813334,True,,0.04949911602110957,ransac,17,False,True,E9|chir|True,10000000.0,1598
30,19,1,3280,0.07695355056983964,True,,0.058686203133825866,ransac,17,False,True,E9|chir|True,10000000.0,1599
30,20,0,3312,0.49143939133662645,True,,0.04830829447821144,ransac,19,False,True,E9|chir|True,10000000.0,1600
30,15,0,3264,0.35993796012170265,True,,0.0528140806344591,ransac,15,False,True,E9|chir|True,10000000.0,1601
30,16,1,3184,0.3941808249848509,True,,0.042414380670949,ransac,15,False,True,E9|chir|True,10000000.0,1602
30,17,1,3264,0.22819338858433036,True,,0.06307355820136677,ransac,16,False,True,E9|chir|True,10000000.0,1603
30,18,0,3296,0.567023205331772,True,,0.0677034654280283,ransac,18,False,True,E9|chir|True,10000000.0,1604
30,16,0,3312,0.26596745328871796,True,,0.030620746626145372,ransac,15,False,True,E9|chir|True,10000000.0,1605
30,16,1,3232,0.49864364112417886,True,,0.04680311672395035,ransac,15,False,True,E9|chir|True,10000000.0,1606
30,14,0,3280,0.15335973863772948,True,,0.04101074017042498,ransac,14,False,True,E9|chir|True,10000000.0,1607
30,18,2,3280,0.598609017524134,True,,0.03508370715614844,ransac,16,False,True,E9|chir|True,10000000.0,1608
30,21,1,3280,0.3572956906563156,True,,0.03260926467653679,ransac,18,False,True,E9|chir|True,10000000.0,1609
30,20,0,3280,0.4018840344542331,True,,0.04525836521881479,ransac,20,False,True,E9|chir|True,10000000.0,1610
30,19,2,3280,0.5001350099172612,True,,0.06740401833535282,ransac,19,False,True,E9|chir|True,10000000.0,1611
30,15,3,3296,0.4417697095302397,True,,0.03818714832799047,ransac,15,False,True,E9|chir|True,10000000.0,1612
30,19,2,3232,0.5434253790935176,True,,0.03967139946295058,ransac,17,False,True,E9|chir|True,10000000.0,1613
30,21,0,3280,0.07008215359470461,True,,0.052958088386056805,ransac,20,False,True,E9|chir|True,10000000.0,1614
30,20,2,3280,0.8506259821426024,True,,0.05003476942883201,ransac,20,False,True,E9|chir|True,10000000.0,1615
30,19,2,3312,1.2646464238367456,True,,0.054571172970342065,ransac,15,False,True,E9|chir|True,10000000.0,1616
30,17,1,3280,0.28977281562412643,True,,0.04103654089039873,ransac,16,False,True,E9|chir|True,10000000.0,1617
30,16,0,3232,0.5894519107145745,True,,0.04078230875543623,ransac,16,False,True,E9|chir|True,10000000.0,1618
30,18,0,3264,0.4515617975532769,True,,0.029591869276559733,ransac,17,False,True,E9|chir|True,10000000.0,1619
30,17,3,3248,0.05538502374535521,True,,0.021157881882955556,ransac,15,False,True,E9|chir|True,10000000.0,1620
30,17,4,3312,1.319355631612399,True,,0.0637799376391306,ransac,14,False,True,E9|chir|True,10000000.0,1621
30,19,0,3280,0.187211581376185,True,,0.05991721612213007,ransac,19,False,True,E9|chir|True,10000000.0,1622
30,17,0,3296,0.7140783494244484,True,,0.03693033891783778,ransac,17,False,True,E9|chir|True,10000000.0,1623
30,16,0,3216,0.11459627847553071,True,,0.02381901607359373,ransac,16,False,True,E9|chir|True,10000000.0,1624
30,18,0,3264,0.22037312263169553,True,,0.05493479870617217,ransac,18,False,True,E9|chir|True,10000000.0,1625
30,18,1,3264,0.06168138506983992,True,,0.05179768152744557,ransac,17,False,True,E9|chir|True,10000000.0,1626
30,18,3,3280,0.543847840053205,True,,0.053601343472961395,ransac,15,False,True,E9|chir|True,10000000.0,1627
30,16,2,3296,0.7024416808046918,True,,0.04640325624031319,ransac,16,False,True,E9|chir|True,10000000.0,1628
30,17,1,3264,0.4916519494718754,True,,0.04080156274858125,ransac,15,False,True,E9|chir|True,10000000.0,1629
30,18,0,3264,0.39144531875214306,True,,0.05346560190069011,ransac,18,False,True,E9|chir|True,10000000.0,1630
30,19,1,3248,0.37527152036741185,True,,0.04193672619226604,ransac,17,False,True,E9|chir|True,10000000.0,1631
30,20,0,3248,0.4968636425308068,True,,0.04408759873519425,ransac,20,False,True,E9|chir|True,10000000.0,1632
30,18,1,3296,0.11812811575645393,True,,0.046591511728156274,ransac,17,False,True,E9|chir|True,10000000.0,1633
30,17,0,3312,0.41290937838246305,True,,0.05259608577562322,ransac,16,False,True,E9|chir|True,10000000.0,1634
30,17,0,3280,0.45081458058911067,True,,0.05308143803400783,ransac,17,False,True,E9|chir|True,10000000.0,1635
30,15,0,3328,0.22780066718061,True,,0.042855260533524495,ransac,14,False,True,E9|chir|True,10000000.0,1636
30,20,3,3312,0.9415093054034636,True,,0.05256361294399414,ransac,18,False,True,E9|chir|True,10000000.0,1637
30,16,0,3264,0.40560840127177455,True,,0.033110057968694304,ransac,15,False,True,E9|chir|True,10000000.0,1638
30,15,3,3264,0.5628588496423856,True,,0.03421009221611458,ransac,13,False,True,E9|chir|True,10000000.0,1639
30,18,1,3328,0.15367950118400872,True,,0.058624240322328235,ransac,17,False,True,E9|chir|True,10000000.0,1640
30,18,0,3280,0.9378866828892255,True,,0.04695017768323232,ransac,16,False,True,E9|chir|True,10000000.0,1641
30,18,0,3264,0.29489678857948537,True,,0.04430924036391536,ransac,18,False,True,E9|chir|True,10000000.0,1642
30,19,2,3264,1.400891016048768,True,,0.05649605158306914,ransac,15,False,True,E9|chir|True,10000000.0,1643
30,17,0,3232,0.45438309412721306,True,,0.0588033076139378,ransac,17,False,True,E9|chir|True,10000000.0,1644
30,17,0,3312,0.33110247710470386,True,,0.05597979486363009,ransac,17,False,True,E9|chir|True,10000000.0,1645
30,17,0,3280,0.2742185165829563,True,,0.043124240466608774,ransac,16,False,True,E9|chir|True,10000000.0,1646
30,18,0,3264,0.6489456916191595,True,,0.03196275545409616,ransac,18,False,True,E9|chir|True,10000000.0,1647
30,14,0,3248,0.761758530460272,True,,0.0369903985437514,ransac,14,False,True,E9|chir|True,10000000.0,1648
30,18,2,3280,0.8323788556874067,True,,0.04211707683629157,ransac,16,False,True,E9|chir|True,10000000.0,1649
30,17,0,3296,0.14475267815247858,True,,0.05623440148643229,ransac,17,False,True,E9|chir|True,10000000.0,1650
30,16,1,3296,0.7468943477745674,True,,0.037000088155236685,ransac,15,False,True,E9|chir|True,10000000.0,1651
30,19,0,3248,0.3406647183949465,True,,0.05679328084560938,ransac,19,False,True,E9|chir|True,10000000.0,1652
30,18,0,3312,0.19693935657694364,True,,0.05913870256270677,ransac,18,False,True,E9|chir|True,10000000.0,1653
30,18,0,3296,0.6487979673880045,True,,0.04052518832560654,ransac,18,False,True,E9|chir|True,10000000.0,1654
30,18,2,3264,0.33368925184258025,True,,0.03312146435182282,ransac,16,False,True,E9|chir|True,10000000.0,1655
30,17,0,3296,0.678301601286512,True,,0.05332212867165083,ransac,17,False,True,E9|chir|True,10000000.0,1656
30,18,1,3264,0.7483293952501628,True,,0.039714672751437176,ransac,18,False,True,E9|chir|True,10000000.0,1657
30,20,3,3232,0.17113845854111834,True,,0.057352488946619484,ransac,18,False,True,E9|chir|True,10000000.0,1658
30,20,2,3280,0.10543129488700807,True,,0.04340311795613914,ransac,18,False,True,E9|chir|True,10000000.0,1659
30,17,1,3264,0.18493011514093896,True,,0.03723625251350443,ransac,16,False,True,E9|chir|True,10000000.0,1660
30,19,0,3312,0.3343704163545927,True,,0.03506453350338954,ransac,19,False,True,E9|chir|True,10000000.0,1661
30,17,0,3264,0.1521876240480201,True,,0.04708975295907018,ransac,17,False,True,E9|chir|True,10000000.0,1662
30,17,0,3312,0.07419165814385106,True,,0.03725839164198507,ransac,17,False,True,E9|chir|True,10000000.0,1663
30,18,0,3328,0.18004776979518147,True,,0.04782838281949126,ransac,18,False,True,E9|chir|True,10000000.0,1664
30,17,0,3232,0.41191903703169314,True,,0.06271571166604123,ransac,17,False,True,E9|chir|True,10000000.0,1665
30,19,0,3280,0.12302815241477702,True,,0.04823140744027859,ransac,19,False,True,E9|chir|True,10000000.0,1666
30,16,0,3312,0.30928465505997943,True,,0.045828291843421735,ransac,16,False,True,E9|chir|True,10000000.0,1667
30,19,3,3280,0.6894250939788442,True,,0.06171407497863584,ransac,16,False,True,E9|chir|True,10000000.0,1668
30,15,0,3248,0.6962918716644124,True,,0.044662222151599915,ransac,15,False,True,E9|chir|True,10000000.0,1669
30,18,3,3248,0.05005172092674777,True,,0.039514710697074115,ransac,16,False,True,E9|chir|True,10000000.0,1670
30,18,1,3280,0.47128567161408413,True,,0.052987473906387084,ransac,17,False,True,E9|chir|True,10000000.0,1671
30,18,0,3280,0.2806342255313552,True,,0.051234218440556624,ransac,18,False,True,E9|chir|True,10000000.0,1672
30,15,1,3312,0.5484092355963627,True,,0.04975852295702374,ransac,13,False,True,E9|chir|True,10000000.0,1673
30,18,0,3248,0.47172077993363754,True,,0.05202066067346076,ransac,18,False,True,E9|chir|True,10000000.0,1674
30,19,0,3312,0.5285481198108939,True,,0.04909572142064396,ransac,18,False,True,E9|chir|True,10000000.0,1675
30,16,1,3264,0.31412623542955115,True,,0.04130617037875169,ransac,15,False,True,E9|chir|True,10000000.0,1676
30,18,0,3280,0.3353557133565742,True,,0.03945749068611229,ransac,18,False,True,E9|chir|True,10000000.0,1677
30,17,1,3264,0.7710399476846138,True,,0.04716174852500612,ransac,16,False,True,E9|chir|True,10000000.0,1678
30,16,0,3264,0.6714657016587455,True,,0.03073162768234554,ransac,16,False,True,E9|chir|True,10000000.0,1679
30,20,0,3312,0.6175710891735585,True,,0.04476860250382061,ransac,19,False,True,E9|chir|True,10000000.0,1680
30,21,0,3328,0.18535787482929628,True,,0.03195068653679084,ransac,19,False,True,E9|chir|True,10000000.0,1681
30,18,0,3264,0.3554893534179598,True,,0.03708538881411311,ransac,17,False,True,E9|chir|True,10000000.0,1682
30,19,1,3280,0.3140817287584173,True,,0.05034820001745111,ransac,18,False,True,E9|chir|True,10000000.0,1683
30,16,0,3280,0.14592178201778075,True,,0.030475931587239068,ransac,16,False,True,E9|chir|True,10000000.0,1684
30,14,2,3248,0.7110762250871802,True,,0.03510509150922775,ransac,13,False,True,E9|chir|True,10000000.0,1685
30,20,2,3280,0.22724930974879215,True,,0.03139280952336793,ransac,17,False,True,E9|chir|True,10000000.0,1686
30,15,2,3296,0.507775340387413,True,,0.04558754443921561,ransac,13,False,True,E9|chir|True,10000000.0,1687
30,18,1,3232,0.6666760485991132,True,,0.060203476906202855,ransac,17,False,True,E9|chir|True,10000000.0,1688
30,17,2,3280,0.3713683162099941,True,,0.036602787342800765,ransac,15,False,True,E9|chir|True,10000000.0,1689
30,18,1,3264,0.18512448796689693,True,,0.04049841729336315,ransac,17,False,True,E9|chir|True,10000000.0,1690
30,17,1,3232,0.37110777116220517,True,,0.04054369412989678,ransac,16,False,True,E9|chir|True,10000000.0,1691
30,17,3,3216,0.6789510345496841,True,,0.045636720953245676,ransac,15,False,True,E9|chir|True,10000000.0,1692
30,17,0,3264,0.24617708053339263,True,,0.036240757649942126,ransac,17,False,True,E9|chir|True,10000000.0,1693
30,18,1,3280,0.10450748558464998,True,,0.03855825596062903,ransac,17,False,True,E9|chir|True,10000000.0,1694
30,18,1,3280,0.22638561116581038,True,,0.06248079281197163,ransac,17,False,True,E9|chir|True,10000000.0,1695
30,18,0,3248,0.1205341003633128,True,,0.03797724742695807,ransac,18,False,True,E9|chir|True,10000000.0,1696
30,21,0,3280,0.2735212002081311,True,,0.048079221208262614,ransac,20,False,True,E9|chir|True,10000000.0,1697
30,17,0,3312,0.5480824886462498,True,,0.07528476039758389,ransac,17,False,True,E9|chir|True,10000000.0,1698
30,15,0,3280,0.46190470015160484,True,,0.037561735572325644,ransac,15,False,True,E9|chir|True,10000000.0,1699
30,17,0,3264,0.5843509046692213,True,,0.03190809503318578,ransac,17,False,True,E9|chir|True,10000000.0,1700
30,15,1,3296,0.21389623437572097,True,,0.03256003193399378,ransac,14,False,True,E9|chir|True,10000000.0,1701
30,16,1,3280,0.39669040796265836,True,,0.052824130677899976,ransac,15,False,True,E9|chir|True,10000000.0,1702
30,17,0,3264,0.5104573104123103,True,,0.04673367532803354,ransac,17,False,True,E9|chir|True,10000000.0,1703
30,17,0,3296,0.48138951213425707,True,,0.06282060382995688,ransac,17,False,True,E9|chir|True,10000000.0,1704
30,16,0,3280,0.5327891572665376,True,,0.05128905885599298,ransac,16,False,True,E9|chir|True,10000000.0,1705
30,17,2,3280,0.12426287399018618,True,,0.04234958709440996,ransac,16,False,True,E9|chir|True,10000000.0,1706
30,20,1,3328,0.7996232890527983,True,,0.057975136275585114,ransac,19,False,True,E9|chir|True,10000000.0,1707
30,18,2,3280,0.4086995784481514,True,,0.04147711703977159,ransac,16,False,True,E9|chir|True,10000000.0,1708
30,15,3,3264,0.22134861828065663,True,,0.036581875316788165,ransac,12,False,True,E9|chir|True,10000000.0,1709
30,20,4,3296,0.5419606629933819,True,,0.04529995614815805,ransac,16,False,True,E9|chir|True,10000000.0,1710
30,19,2,3264,0.4061948154202039,True,,0.05667495173094615,ransac,19,False,True,E9|chir|True,10000000.0,1711
30,20,1,3328,0.2793635037447012,True,,0.05649836514991637,ransac,19,False,True,E9|chir|True,10000000.0,1712
30,17,1,3248,0.3077430937143967,True,,0.048218994546738385,ransac,16,False,True,E9|chir|True,10000000.0,1713
30,16,2,3296,0.6280503314495549,True,,0.06181116530186859,ransac,16,False,True,E9|chir|True,10000000.0,1714
30,19,1,3296,0.854083746267806,True,,0.05687557955373668,ransac,18,False,True,E9|chir|True,10000000.0,1715
30,18,0,3264,0.5867164379714548,True,,0.05595294792727284,ransac,17,False,True,E9|chir|True,10000000.0,1716
30,15,0,3264,0.2599541445412872,True,,0.057395839876545375,ransac,14,False,True,E9|chir|True,10000000.0,1717
30,19,2,3216,0.4040774362743159,True,,0.05223598673172212,ransac,17,False,True,E9|chir|True,10000000.0,1718
30,18,0,3264,0.49177179948765487,True,,0.05492554249809431,ransac,18,False,True,E9|chir|True,10000000.0,1719
30,15,0,3280,1.1944105055700291,True,,0.05592600935737218,ransac,14,False,True,E9|chir|True,10000000.0,1720
30,19,0,3264,0.30692072324377573,True,,0.04600233028862538,ransac,18,False,True,E9|chir|True,10000000.0,1721
30,19,0,3296,0.8458722849426734,True,,0.0345548627689392,ransac,19,False,True,E9|chir|True,10000000.0,1722
30,17,1,3280,0.25379184862509413,True,,0.03376071508676824,ransac,16,False,True,E9|chir|True,10000000.0,1723
30,19,1,3264,0.40025171361406925,True,,0.05615165467538447,ransac,18,False,True,E9|chir|True,10000000.0,1724
30,18,0,3280,1.1902885159715437,True,,0.06868299531570586,ransac,17,False,True,E9|chir|True,10000000.0,1725
30,17,0,3296,0.8734734134724118,True,,0.0509094315588691,ransac,17,False,True,E9|chir|True,10000000.0,1726
30,15,0,3328,0.16149465262930457,True,,0.030793579792097254,ransac,15,False,True,E9|chir|True,10000000.0,1727
30,19,0,3232,0.13488618769064634,True,,0.04040210975965008,ransac,19,False,True,E9|chir|True,10000000.0,1728
30,18,0,3280,0.13829921584122523,True,,0.051442791118362675,ransac,18,False,True,E9|chir|True,10000000.0,1729
30,19,2,3296,0.2925699875894389,True,,0.04558124611130682,ransac,16,False,True,E9|chir|True,10000000.0,1730
30,19,0,3296,0.21118715841132485,True,,0.051500302225169846,ransac,19,False,True,E9|chir|True,10000000.0,1731
30,18,1,3328,0.7011767637629901,True,,0.046596205775238396,ransac,17,False,True,E9|chir|True,10000000.0,1732
30,15,2,3328,0.3723620574440756,True,,0.04269144161395282,ransac,15,False,True,E9|chir|True,10000000.0,1733
30,16,0,3248,0.40953918556575586,True,,0.04452231181669601,ransac,16,False,True,E9|chir|True,10000000.0,1734
30,16,3,3264,1.1934724867114146,True,,0.049955576508109216,ransac,14,False,True,E9|chir|True,10000000.0,1735
30,16,1,3232,0.3300690097371395,True,,0.044404257993058326,ransac,15,False,True,E9|chir|True,10000000.0,1736
30,19,0,3248,0.6984579421290851,True,,0.06013533898903657,ransac,19,False,True,E9|chir|True,10000000.0,1737
30,17,0,3296,0.9413834572234783,True,,0.054117343324438544,ransac,17,False,True,E9|chir|True,10000000.0,1738
30,18,0,3312,0.49047211867098833,True,,0.04191620313075969,ransac,18,False,True,E9|chir|True,10000000.0,1739
30,17,3,3296,0.3634457081181112,True,,0.03287852504640389,ransac,15,False,True,E9|chir|True,10000000.0,1740
30,18,2,3280,0.5221605264647078,True,,0.048318372580037176,ransac,14,False,True,E9|chir|True,10000000.0,1741
30,16,1,3280,0.260073540094897,True,,0.03785457342463953,ransac,15,False,True,E9|chir|True,10000000.0,1742
30,19,0,3248,0.22901858595561933,True,,0.047465055032093466,ransac,18,False,True,E9|chir|True,10000000.0,1743
30,19,0,3280,0.9836709588455148,True,,0.03700950241561764,ransac,18,False,True,E9|chir|True,10000000.0,1744
30,19,1,3264,0.5694866724052099,True,,0.03923557643959425,ransac,18,False,True,E9|chir|True,10000000.0,1745
30,18,1,3264,0.5922531908190913,True,,0.05048931657779443,ransac,17,False,True,E9|chir|True,10000000.0,1746
30,20,2,3312,0.17766870892236175,True,,0.043931868366946375,ransac,18,False,True,E9|chir|True,10000000.0,1747
30,17,1,3312,0.49706338962935304,True,,0.03706373863110164,ransac,17,False,True,E9|chir|True,10000000.0,1748
30,19,0,3296,0.2690404293286172,True,,0.039314293640180076,ransac,19,False,True,E9|chir|True,10000000.0,1749
30,18,1,3264,0.3122098286961945,True,,0.05025277189946048,ransac,17,False,True,E9|chir|True,10000000.0,1750
30,19,1,3264,0.62012548099213,True,,0.052691945668725565,ransac,18,False,True,E9|chir|True,10000000.0,1751
30,17,0,3280,0.21469020141947082,True,,0.04915025218407447,ransac,16,False,True,E9|chir|True,10000000.0,1752
30,15,2,3264,0.2661548642294584,True,,0.03356152878996003,ransac,13,False,True,E9|chir|True,10000000.0,1753
30,17,0,3280,0.6652252077189058,True,,0.046116610614060576,ransac,17,False,True,E9|chir|True,10000000.0,1754
30,16,0,3264,0.4268870216138897,True,,0.03326782184651881,ransac,16,False,True,E9|chir|True,10000000.0,1755
30,20,0,3312,0.26669252675848587,True,,0.07158594613895726,ransac,20,False,True,E9|chir|True,10000000.0,1756
30,17,0,3264,0.4098431542526234,True,,0.037252915858117436,ransac,17,False,True,E9|chir|True,10000000.0,1757
30,19,1,3280,0.36129499252231084,True,,0.034341318427894695,ransac,18,False,True,E9|chir|True,10000000.0,1758
30,17,2,3280,0.26969161936197067,True,,0.046236470319033544,ransac,15,False,True,E9|chir|True,10000000.0,1759
30,17,2,3264,0.35865826630171405,True,,0.042060512918069386,ransac,14,False,True,E9|chir|True,10000000.0,1760
30,17,0,3312,0.45136921137700875,True,,0.020377363325230467,ransac,17,False,True,E9|chir|True,10000000.0,1761
30,18,0,3280,0.2913504402260442,True,,0.03451004324285533,ransac,18,False,True,E9|chir|True,10000000.0,1762
30,19,1,3280,0.6162892672671989,True,,0.0688215051029163,ransac,16,False,True,E9|chir|True,10000000.0,1763
30,18,0,3296,0.4124919763685516,True,,0.06125921258820404,ransac,18,False,True,E9|chir|True,10000000.0,1764
30,19,0,3280,0.2234336555777555,True,,0.04698563685459703,ransac,18,False,True,E9|chir|True,10000000.0,1765
30,20,2,3312,0.35437452120201207,True,,0.06450198921367564,ransac,19,False,True,E9|chir|True,10000000.0,1766
30,14,0,3280,0.6675555117855734,True,,0.03372148852991298,ransac,14,False,True,E9|chir|True,10000000.0,1767
30,18,1,3296,0.4152385716262421,True,,0.057239972145367066,ransac,17,False,True,E9|chir|True,10000000.0,1768
30,17,1,3248,0.32201972102690485,True,,0.04053030529441868,ransac,16,False,True,E9|chir|True,10000000.0,1769
30,17,0,3328,0.4978312778305752,True,,0.031001161100180925,ransac,17,False,True,E9|chir|True,10000000.0,1770
30,16,0,3312,0.797257145580935,True,,0.055508879835621985,ransac,16,False,True,E9|chir|True,10000000.0,1771
30,19,1,3296,0.18081417192304483,True,,0.05462923805646467,ransac,18,False,True,E9|chir|True,10000000.0,1772
30,18,3,3248,0.2719886497869689,True,,0.051615924259533416,ransac,16,False,True,E9|chir|True,10000000.0,1773
30,18,1,3280,0.6438312496561057,True,,0.03304385318083178,ransac,17,False,True,E9|chir|True,10000000.0,1774
30,15,1,3280,0.7154360825841999,True,,0.04167788526402167,ransac,14,False,True,E9|chir|True,10000000.0,1775
30,18,0,3280,0.17464398108963225,True,,0.04571485084772179,ransac,18,False,True,E9|chir|True,10000000.0,1776
30,17,0,3280,0.3005120196676906,True,,0.04703879498320238,ransac,17,False,True,E9|chir|True,10000000.0,1777
30,18,0,3312,0.7251016148409367,True,,0.053146566304298225,ransac,18,False,True,E9|chir|True,10000000.0,1778
30,18,0,3296,0.44859248553547626,True,,0.0629248107423053,ransac,18,False,True,E9|chir|True,10000000.0,1779
30,17,1,3216,0.3213595699003124,True,,0.05517308672729185,ransac,16,False,True,E9|chir|True,10000000.0,1780
30,20,1,3280,0.8847882580235108,True,,0.05630297063269225,ransac,18,False,True,E9|chir|True,10000000.0,1781
30,20,0,3312,0.2947979451603571,True,,0.03246655530257625,ransac,19,False,True,E9|chir|True,10000000.0,1782
30,18,2,3264,0.5559021300134975,True,,0.0338592639574256,ransac,18,False,True,E9|chir|True,10000000.0,1783
30,17,0,3296,0.4998992591702544,True,,0.039467149713292383,ransac,16,False,True,E9|chir|True,10000000.0,1784
30,17,0,3296,0.5437585677370415,True,,0.037856083722063116,ransac,17,False,True,E9|chir|True,10000000.0,1785
30,18,0,3296,0.5058620435745272,True,,0.05045331693106248,ransac,18,False,True,E9|chir|True,10000000.0,1786
30,15,0,3312,0.6086900758839063,True,,0.042692989811213035,ransac,15,False,True,E9|chir|True,10000000.0,1787
30,18,0,3280,0.3552751543880925,True,,0.05863045378504239,ransac,18,False,True,E9|chir|True,10000000.0,1788
30,19,1,3296,0.07696314397699858,True,,0.056459928049730455,ransac,18,False,True,E9|chir|True,10000000.0,1789
30,18,0,3312,0.9808535768802473,True,,0.05153257468804957,ransac,18,False,True,E9|chir|True,10000000.0,1790
30,16,1,3312,0.47001038247660054,True,,0.047613859431356834,ransac,15,False,True,E9|chir|True,10000000.0,1791
30,20,1,3296,0.13521247397655015,True,,0.04934029581785784,ransac,20,False,True,E9|chir|True,10000000.0,1792
30,20,2,3280,1.1026724451713754,True,,0.04141746949199917,ransac,17,False,True,E9|chir|True,10000000.0,1793
30,16,1,3264,0.34542539574737585,True,,0.041141760688161375,ransac,15,False,True,E9|chir|True,10000000.0,1794
30,17,0,3216,0.44246546997164254,True,,0.028210257481244207,ransac,16,False,True,E9|chir|True,10000000.0,1795
30,19,1,3312,0.4894045709691531,True,,0.05059324610002968,ransac,18,False,True,E9|chir|True,10000000.0,1796
30,18,0,3248,0.05106829910948332,True,,0.05416594282175808,ransac,18,False,True,E9|chir|True,10000000.0,1797
30,17,1,3280,0.24351089982925797,True,,0.024514245923003445,ransac,16,False,True,E9|chir|True,10000000.0,1798
30,19,1,3296,0.4165748908670261,True,,0.06567467623272484,ransac,17,False,True,E9|chir|True,10000000.0,1799
30,16,2,3248,0.427709312010862,True,,0.04053152261852482,ransac,16,False,True,E9|chir|True,10000000.0,1800
30,14,1,3296,0.42749476699832095,True,,0.03698214811750942,ransac,13,False,True,E9|chir|True,10000000.0,1801
30,18,2,3296,0.7943002479706326,True,,0.04326347793904268,ransac,18,False,True,E9|chir|True,10000000.0,1802
30,17,2,3248,0.25728301317658475,True,,0.027664413241842416,ransac,17,False,True,E9|chir|True,10000000.0,1803
30,19,2,3280,0.34615028097313816,True,,0.04406253973043826,ransac,19,False,True,E9|chir|True,10000000.0,1804
30,19,0,3280,0.38794625905351826,True,,0.04833378337414729,ransac,18,False,True,E9|chir|True,10000000.0,1805
30,20,0,3296,0.2807602658902707,True,,0.046610101520440046,ransac,20,False,True,E9|chir|True,10000000.0,1806
30,20,1,3296,0.40690134797193495,True,,0.05814684005569636,ransac,18,False,True,E9|chir|True,10000000.0,1807
30,19,0,3296,0.7824225341553988,True,,0.05473381466804415,ransac,19,False,True,E9|chir|True,10000000.0,1808
30,18,0,3280,0.48658829892845346,True,,0.03518072046103323,ransac,18,False,True,E9|chir|True,10000000.0,1809
30,20,3,3280,0.10791736031216607,True,,0.03958627572247478,ransac,17,False,True,E9|chir|True,10000000.0,1810
30,19,0,3280,0.17656813360885412,True,,0.041201088572117975,ransac,19,False,True,E9|chir|True,10000000.0,1811
30,20,0,3264,0.598333747082262,True,,0.055941207983594296,ransac,20,False,True,E9|chir|True,10000000.0,1812
30,16,0,3248,1.011499024011089,True,,0.0384132685389776,ransac,16,False,True,E9|chir|True,10000000.0,1813
30,19,1,3312,0.35120405022837375,True,,0.04191685171264084,ransac,18,False,True,E9|chir|True,10000000.0,1814
30,15,0,3280,0.6300403724472141,True,,0.03352068833875609,ransac,15,False,True,E9|chir|True,10000000.0,1815
30,20,1,3296,1.0521121380339373,True,,0.044280663672343915,ransac,19,False,True,E9|chir|True,10000000.0,1816
30,20,2,3296,0.19857619226291323,True,,0.04431758839418073,ransac,19,False,True,E9|chir|True,10000000.0,1817
30,18,1,3296,0.37848923489144437,True,,0.050829535372742034,ransac,17,False,True,E9|chir|True,10000000.0,1818
30,14,1,3248,0.23876442748166388,True,,0.038570590272947264,ransac,13,False,True,E9|chir|True,10000000.0,1819
30,18,2,3216,0.2042202852373332,True,,0.05460924665536036,ransac,18,False,True,E9|chir|True,10000000.0,1820
30,19,0,3312,0.29254886400366914,True,,0.06798017502497151,ransac,18,False,True,E9|chir|True,10000000.0,1821
30,19,2,3280,0.4773032942111657,True,,0.025608428148171866,ransac,17,False,True,E9|chir|True,10000000.0,1822
30,18,2,3280,1.0101406192948292,True,,0.05637285079665852,ransac,18,False,True,E9|chir|True,10000000.0,1823
30,19,0,3296,0.18287605234292256,True,,0.04891049744047003,ransac,19,False,True,E9|chir|True,10000000.0,1824
30,15,0,3232,0.4694668317190751,True,,0.06224176470633022,ransac,15,False,True,E9|chir|True,10000000.0,1825
30,20,2,3248,0.5946190038208401,True,,0.035802987801921454,ransac,18,False,True,E9|chir|True,10000000.0,1826
30,18,1,3264,0.5563746711901881,True,,0.04111293317934197,ransac,16,False,True,E9|chir|True,10000000.0,1827
30,16,0,3232,0.2463700300166054,True,,0.03603741456120717,ransac,16,False,True,E9|chir|True,10000000.0,1828
30,20,0,3312,0.6551077311619365,True,,0.0637555810172243,ransac,19,False,True,E9|chir|True,10000000.0,1829
30,18,1,3312,0.6080789461391924,True,,0.049747347256747454,ransac,17,False,True,E9|chir|True,10000000.0,1830
30,18,1,3280,0.398753372431168,True,,0.052355284157500064,ransac,17,False,True,E9|chir|True,10000000.0,1831
30,17,0,3296,0.18011834543793462,True,,0.029951128338249606,ransac,17,False,True,E9|chir|True,10000000.0,1832
30,18,2,3264,0.15568824278654814,True,,0.05310848940634353,ransac,16,False,True,E9|chir|True,10000000.0,1833
30,17,0,3280,0.4211399377109865,True,,0.05324413496311398,ransac,17,False,True,E9|chir|True,10000000.0,1834
30,15,0,3296,0.5232748321710926,True,,0.04964720318960349,ransac,15,False,True,E9|chir|True,10000000.0,1835
30,15,0,3296,0.41203098014218104,True,,0.037650843570505584,ransac,15,False,True,E9|chir|True,10000000.0,1836
30,17,1,3264,0.38700586286099065,True,,0.04070079611828625,ransac,16,False,True,E9|chir|True,10000000.0,1837
30,18,2,3264,0.6060066524219399,True,,0.05383142102183787,ransac,16,False,True,E9|chir|True,10000000.0,1838
30,17,2,3296,0.5035034010400166,True,,0.045710493801540505,ransac,17,False,True,E9|chir|True,10000000.0,1839
30,17,1,3312,0.22753760940345974,True,,0.028937662882960877,ransac,16,False,True,E9|chir|True,10000000.0,1840
30,19,1,3296,0.7210229694675632,True,,0.042860058572200696,ransac,18,False,True,E9|chir|True,10000000.0,1841
30,14,0,3312,0.35729028833007986,True,,0.044924037774206886,ransac,14,False,True,E9|chir|True,10000000.0,1842
30,18,1,3248,0.22639131155610534,True,,0.031419560719898466,ransac,17,False,True,E9|chir|True,10000000.0,1843
30,17,1,3264,0.37868417347700184,True,,0.04393029254810688,ransac,16,False,True,E9|chir|True,10000000.0,1844
30,19,0,3280,0.7443271202018132,True,,0.04419005207235472,ransac,18,False,True,E9|chir|True,10000000.0,1845
30,20,1,3264,0.9526566206957016,True,,0.05154892167417836,ransac,19,False,True,E9|chir|True,10000000.0,1846
30,19,1,3296,0.6003097833663527,True,,0.04274507090575584,ransac,18,False,True,E9|chir|True,10000000.0,1847
30,19,0,3280,0.41989758522084963,True,,0.051614816381285615,ransac,19,False,True,E9|chir|True,10000000.0,1848
30,16,3,3296,0.3594910147251179,True,,0.04577315269923132,ransac,14,False,True,E9|chir|True,10000000.0,1849
30,15,0,3280,0.13089666687735632,True,,0.044692771149622605,ransac,15,False,True,E9|chir|True,10000000.0,1850
30,19,1,3264,0.17620517651253054,True,,0.0390282313895925,ransac,18,False,True,E9|chir|True,10000000.0,1851
30,15,0,3264,0.7448445997935593,True,,0.048953376907115466,ransac,15,False,True,E9|chir|True,10000000.0,1852
30,16,0,3296,0.7126908531792021,True,,0.05161712155390574,ransac,16,False,True,E9|chir|True,10000000.0,1853
30,15,0,3264,0.5098743199066565,True,,0.048014580761333296,ransac,15,False,True,E9|chir|True,10000000.0,1854
30,19,0,3264,0.10527908345111016,True,,0.05729540021209169,ransac,17,False,True,E9|chir|True,10000000.0,1855
30,15,0,3280,0.31618594845246123,True,,0.03782931827928681,ransac,15,False,True,E9|chir|True,10000000.0,1856
30,17,1,3264,0.3099599560526222,True,,0.04178752963880251,ransac,16,False,True,E9|chir|True,10000000.0,1857
30,18,0,3248,0.5429686757397957,True,,0.03389303497192712,ransac,18,False,True,E9|chir|True,10000000.0,1858
30,17,1,3296,0.19101228295555012,True,,0.043404819163614536,ransac,17,False,True,E9|chir|True,10000000.0,1859
30,18,3,3280,0.30339452506773384,True,,0.036781805376076136,ransac,18,False,True,E9|chir|True,10000000.0,1860
30,19,1,3296,0.5518960592076135,True,,0.06172389893929448,ransac,17,False,True,E9|chir|True,10000000.0,1861
30,16,1,3264,0.4927823575222513,True,,0.020787188960562825,ransac,15,False,True,E9|chir|True,10000000.0,1862
30,18,1,3248,0.3572860197445221,True,,0.035871968835329324,ransac,17,False,True,E9|chir|True,10000000.0,1863
30,19,0,3280,0.5691957597176657,True,,0.04303853758226035,ransac,19,False,True,E9|chir|True,10000000.0,1864
30,15,1,3264,0.5056167353341898,True,,0.03024941588601638,ransac,14,False,True,E9|chir|True,10000000.0,1865
30,16,2,3312,0.8092524149371404,True,,0.030084145882647743,ransac,14,False,True,E9|chir|True,10000000.0,1866
30,15,0,3312,0.5030084483058183,True,,0.04808689440288744,ransac,15,False,True,E9|chir|True,10000000.0,1867
30,19,1,3264,0.20308284872546462,True,,0.04202676319380965,ransac,18,False,True,E9|chir|True,10000000.0,1868
30,16,1,3248,0.2526830335281572,True,,0.03936717465113255,ransac,15,False,True,E9|chir|True,10000000.0,1869
30,19,1,3296,0.257397546183543,True,,0.04758088690076234,ransac,18,False,True,E9|chir|True,10000000.0,1870
30,16,2,3248,0.5133567630472627,True,,0.04963000711744771,ransac,14,False,True,E9|chir|True,10000000.0,1871
30,19,0,3264,0.8272174489285937,True,,0.06498502444667098,ransac,19,False,True,E9|chir|True,10000000.0,1872
30,18,0,3296,0.35207175933942436,True,,0.027099283158198505,ransac,18,False,True,E9|chir|True,10000000.0,1873
30,16,2,3296,0.8793943121115393,True,,0.056984176386593435,ransac,16,False,True,E9|chir|True,10000000.0,1874
30,17,0,3296,0.9583044954987644,True,,0.05509356125747517,ransac,16,False,True,E9|chir|True,10000000.0,1875
30,15,0,3248,0.22346661836044218,True,,0.051223903740945355,ransac,15,False,True,E9|chir|True,10000000.0,1876
30,17,2,3248,0.26201963094984826,True,,0.04242721858802505,ransac,17,False,True,E9|chir|True,10000000.0,1877
30,18,0,3296,0.30911342233888905,True,,0.05617880532595771,ransac,17,False,True,E9|chir|True,10000000.0,1878
30,19,2,3280,0.35019858442313473,True,,0.06179773608045352,ransac,17,False,True,E9|chir|True,10000000.0,1879
30,17,1,3248,0.4658616943582677,True,,0.025797798439592352,ransac,16,False,True,E9|chir|True,10000000.0,1880
30,17,1,3296,0.4797610328929636,True,,0.05009261215260039,ransac,16,False,True,E9|chir|True,10000000.0,1881
30,18,1,3248,0.1445066621602068,True,,0.05073086066648048,ransac,17,False,True,E9|chir|True,10000000.0,1882
30,19,2,3280,0.24478703474714972,True,,0.04055158584506623,ransac,16,False,True,E9|chir|True,10000000.0,1883
30,17,2,3312,0.39096874521723374,True,,0.05027669987624751,ransac,17,False,True,E9|chir|True,10000000.0,1884
30,17,0,3296,0.6698432230460686,True,,0.02643080433195001,ransac,17,False,True,E9|chir|True,10000000.0,1885
30,18,0,3264,0.3014584390934744,True,,0.055643605573450494,ransac,18,False,True,E9|chir|True,10000000.0,1886
30,20,0,3280,0.2270137265301786,True,,0.02416975121685382,ransac,20,False,True,E9|chir|True,10000000.0,1887
30,17,1,3328,0.6143470835729954,True,,0.04032233965630703,ransac,16,False,True,E9|chir|True,10000000.0,1888
30,16,0,3312,0.20018280884655795,True,,0.028826409184680497,ransac,16,False,True,E9|chir|True,10000000.0,1889
30,18,0,3296,0.3733587405869704,True,,0.05712589732128434,ransac,18,False,True,E9|chir|True,10000000.0,1890
30,18,2,3280,0.6747705299376834,True,,0.046631852786538246,ransac,18,False,True,E9|chir|True,10000000.0,1891
30,16,2,3264,0.7976600450195401,True,,0.04361330978708807,ransac,16,False,True,E9|chir|True,10000000.0,1892
30,18,0,3296,0.3244090392317987,True,,0.05792287986122602,ransac,18,False,True,E9|chir|True,10000000.0,1893
30,20,1,3264,0.6782907948245622,True,,0.05673335991079384,ransac,19,False,True,E9|chir|True,10000000.0,1894
30,15,1,3280,0.5574985066737205,True,,0.026225335633966625,ransac,14,False,True,E9|chir|True,10000000.0,1895
30,16,0,3328,1.1028229339300608,True,,0.04112915260402056,ransac,16,False,True,E9|chir|True,10000000.0,1896
30,18,0,3296,0.7093312167662286,True,,0.04693674899431534,ransac,16,False,True,E9|chir|True,10000000.0,1897
30,15,0,3264,1.2250855127906448,True,,0.048187926881494376,ransac,15,False,True,E9|chir|True,10000000.0,1898
30,19,2,3280,0.3525147140633167,True,,0.039141703133548714,ransac,19,False,True,E9|chir|True,10000000.0,1899
30,16,2,3312,0.2748956255259779,True,,0.04430478307293825,ransac,16,False,True,E9|chir|True,10000000.0,1900
30,16,1,3280,0.5381026214143645,True,,0.01624732906733602,ransac,15,False,True,E9|chir|True,10000000.0,1901
30,19,0,3296,0.44643606456225576,True,,0.060503353222105434,ransac,19,False,True,E9|chir|True,10000000.0,1902
30,15,1,3248,0.5305441170979716,True,,0.05295287048978721,ransac,14,False,True,E9|chir|True,10000000.0,1903
30,19,0,3328,0.9528179934405717,True,,0.0558629462186115,ransac,19,False,True,E9|chir|True,10000000.0,1904
30,18,2,3280,0.5554811918032603,True,,0.04866677678626913,ransac,18,False,True,E9|chir|True,10000000.0,1905
30,20,0,3328,0.3287661082178638,True,,0.050858923741561306,ransac,20,False,True,E9|chir|True,10000000.0,1906
30,19,3,3184,0.1716560227974302,True,,0.036598088270555496,ransac,17,False,True,E9|chir|True,10000000.0,1907
30,19,0,3232,0.6542302147741995,True,,0.06471415138916911,ransac,19,False,True,E9|chir|True,10000000.0,1908
30,18,1,3264,0.13057119671805384,True,,0.05972501995979108,ransac,16,False,True,E9|chir|True,10000000.0,1909
30,16,1,3312,0.16537955750211375,True,,0.04505599829639559,ransac,15,False,True,E9|chir|True,10000000.0,1910
30,18,0,3280,0.30591117083095065,True,,0.06074805521800985,ransac,18,False,True,E9|chir|True,10000000.0,1911
30,17,0,3280,1.0739839197455943,True,,0.05125052509353645,ransac,17,False,True,E9|chir|True,10000000.0,1912
30,19,1,3264,0.4460896963388217,True,,0.044439740361591915,ransac,18,False,True,E9|chir|True,10000000.0,1913
30,19,0,3280,0.0825803122338952,True,,0.03283076494684567,ransac,18,False,True,E9|chir|True,10000000.0,1914
30,20,2,3296,0.6514022295364579,True,,0.045244312654609486,ransac,18,False,True,E9|chir|True,10000000.0,1915
30,18,0,3264,0.8679434693688138,True,,0.03900132637686508,ransac,18,False,True,E9|chir|True,10000000.0,1916
30,18,1,3296,0.20910570985460053,True,,0.03570528365998677,ransac,17,False,True,E9|chir|True,10000000.0,1917
30,17,3,3264,0.5614899518578477,True,,0.027441556404421908,ransac,14,False,True,E9|chir|True,10000000.0,1918
30,17,1,3248,0.7624246798532169,True,,0.042126165616970794,ransac,16,False,True,E9|chir|True,10000000.0,1919
30,18,1,3184,0.2462171074498347,True,,0.028417417456488157,ransac,17,False,True,E9|chir|True,10000000.0,1920
30,18,0,3248,0.9253712284671288,True,,0.05436219188187116,ransac,18,False,True,E9|chir|True,10000000.0,1921
30,19,1,3296,0.28795092084335716,True,,0.06698966759983699,ransac,18,False,True,E9|chir|True,10000000.0,1922
30,19,0,3264,0.3063924090872637,True,,0.045982448534364825,ransac,19,False,True,E9|chir|True,10000000.0,1923
30,17,0,3264,0.9315349848924612,True,,0.04311949663273096,ransac,17,False,True,E9|chir|True,10000000.0,1924
30,14,1,3280,0.14332147108754356,True,,0.029658006956863495,ransac,14,False,True,E9|chir|True,10000000.0,1925
30,18,1,3296,0.7162558101387434,True,,0.0468364921647717,ransac,17,False,True,E9|chir|True,10000000.0,1926
30,18,1,3296,0.6191291028844671,True,,0.048477977306922514,ransac,17,False,True,E9|chir|True,10000000.0,1927
30,17,2,3312,0.1207691865130014,True,,0.03586707179931659,ransac,17,False,True,E9|chir|True,10000000.0,1928
30,16,1,3264,0.7219164699748254,True,,0.028481008570114305,ransac,15,False,True,E9|chir|True,10000000.0,1929
30,18,2,3312,0.34994942293856063,True,,0.0580883522991736,ransac,18,False,True,E9|chir|True,10000000.0,1930
30,20,0,3280,0.45254686117331194,True,,0.030575703643736355,ransac,20,False,True,E9|chir|True,10000000.0,1931
30,20,0,3280,0.4615093500760865,True,,0.0613220100890025,ransac,20,False,True,E9|chir|True,10000000.0,1932
30,19,0,3280,0.39536226429185634,True,,0.040527854427002935,ransac,19,False,True,E9|chir|True,10000000.0,1933
30,18,0,3312,0.5423805482326499,True,,0.038344088226041004,ransac,18,False,True,E9|chir|True,10000000.0,1934
30,18,2,3296,0.20032842818365493,True,,0.05009225291258554,ransac,18,False,True,E9|chir|True,10000000.0,1935
30,18,0,3264,0.46000980650762047,True,,0.06199305947442884,ransac,18,False,True,E9|chir|True,10000000.0,1936
30,14,1,3248,0.27837760479888796,True,,0.03795609430380319,ransac,13,False,True,E9|chir|True,10000000.0,1937
30,16,1,3264,0.6697775377806208,True,,0.031011869174542787,ransac,15,False,True,E9|chir|True,10000000.0,1938
30,16,1,3312,0.602156606157677,True,,0.03729010040209156,ransac,14,False,True,E9|chir|True,10000000.0,1939
30,20,1,3296,0.5276125835542284,True,,0.058145725364503305,ransac,19,False,True,E9|chir|True,10000000.0,1940
30,18,1,3264,0.772362008626942,True,,0.04234376105334603,ransac,17,False,True,E9|chir|True,10000000.0,1941
30,18,1,3280,0.6048856707376363,True,,0.05492865403071115,ransac,17,False,True,E9|chir|True,10000000.0,1942
30,16,0,3280,0.2881945643619989,True,,0.06425650853704336,ransac,16,False,True,E9|chir|True,10000000.0,1943
30,17,0,3248,0.15267049330148194,True,,0.027091487264647485,ransac,17,False,True,E9|chir|True,10000000.0,1944
30,15,1,3296,0.6106243616283273,True,,0.04398847057917077,ransac,15,False,True,E9|chir|True,10000000.0,1945
30,19,1,3280,0.2431956903546439,True,,0.044254239982643176,ransac,18,False,True,E9|chir|True,10000000.0,1946
30,16,0,3312,0.6280594654098001,True,,0.04912968841177955,ransac,15,False,True,E9|chir|True,10000000.0,1947
30,17,2,3264,0.5250025391495202,True,,0.060505627488593124,ransac,15,False,True,E9|chir|True,10000000.0,1948
30,20,1,3264,0.17060767967066964,True,,0.05274117705672133,ransac,19,False,True,E9|chir|True,10000000.0,1949
30,18,0,3296,0.46741889702142086,True,,0.04385955404560097,ransac,18,False,True,E9|chir|True,10000000.0,1950
30,18,1,3200,0.4052447384434643,True,,0.04331992228433143,ransac,17,False,True,E9|chir|True,10000000.0,1951
30,18,0,3216,0.9983704424678699,True,,0.03935410823207303,ransac,17,False,True,E9|chir|True,10000000.0,1952
30,15,0,3312,0.20472152512246933,True,,0.04959645837089286,ransac,15,False,True,E9|chir|True,10000000.0,1953
30,16,3,3280,0.5204666897875287,True,,0.02894693147807589,ransac,16,False,True,E9|chir|True,10000000.0,1954
30,19,1,3296,0.4813512531472458,True,,0.05310756527365675,ransac,18,False,True,E9|chir|True,10000000.0,1955
30,20,2,3296,0.9738368200887908,True,,0.046148463745483106,ransac,18,False,True,E9|chir|True,10000000.0,1956
30,18,0,3280,0.9748685752179106,True,,0.04753685653727167,ransac,18,False,True,E9|chir|True,10000000.0,1957
30,19,1,3280,0.5684462982755693,True,,0.04519822491134528,ransac,18,False,True,E9|chir|True,10000000.0,1958
30,17,2,3264,0.2360801468835555,True,,0.046669402502690874,ransac,17,False,True,E9|chir|True,10000000.0,1959
30,15,1,3264,0.6195237067913892,True,,0.03638423916643637,ransac,13,False,True,E9|chir|True,10000000.0,1960
30,15,1,3280,0.9726971404885136,True,,0.05969915385598346,ransac,13,False,True,E9|chir|True,10000000.0,1961
30,17,1,3248,0.2841866587706925,True,,0.03765661631065295,ransac,16,False,True,E9|chir|True,10000000.0,1962
30,18,0,3280,0.21193576340443757,True,,0.052331824822357334,ransac,18,False,True,E9|chir|True,10000000.0,1963
30,19,0,3264,0.6072424705039987,True,,0.04457652847075229,ransac,19,False,True,E9|chir|True,10000000.0,1964
30,19,2,3296,0.7897569029011178,True,,0.030535457905302106,ransac,19,False,True,E9|chir|True,10000000.0,1965
30,17,2,3264,0.4651649078229191,True,,0.04696958183792114,ransac,17,False,True,E9|chir|True,10000000.0,1966
30,19,1,3296,0.6210805526260131,True,,0.05420968826655408,ransac,18,False,True,E9|chir|True,10000000.0,1967
30,20,1,3264,0.39483694181897605,True,,0.05551310447160025,ransac,18,False,True,E9|chir|True,10000000.0,1968
30,18,2,3264,0.47782422236161526,True,,0.060175356055920254,ransac,16,False,True,E9|chir|True,10000000.0,1969
30,18,0,3296,0.21629714819546605,True,,0.05568877002370573,ransac,18,False,True,E9|chir|True,10000000.0,1970
30,17,0,3264,0.5692610303991995,True,,0.03300691040979808,ransac,17,False,True,E9|chir|True,10000000.0,1971
30,15,0,3296,0.34881739427923497,True,,0.0354291102407023,ransac,14,False,True,E9|chir|True,10000000.0,1972
30,18,0,3312,0.322401467383287,True,,0.03327746622316734,ransac,17,False,True,E9|chir|True,10000000.0,1973
30,17,1,3280,0.8798268061341354,True,,0.03346674388808137,ransac,16,False,True,E9|chir|True,10000000.0,1974
30,18,1,3280,0.8438100170264169,True,,0.03538243849576979,ransac,17,False,True,E9|chir|True,10000000.0,1975
30,17,1,3296,0.45733328229881687,True,,0.05532916638585043,ransac,16,False,True,E9|chir|True,10000000.0,1976
30,18,1,3264,0.4759483892440737,True,,0.04381003722467413,ransac,16,False,True,E9|chir|True,10000000.0,1977
30,17,2,3328,0.42777776830560704,True,,0.039901712219494206,ransac,15,False,True,E9|chir|True,10000000.0,1978
30,16,1,3232,0.7469711005969706,True,,0.04513767180809345,ransac,16,False,True,E9|chir|True,10000000.0,1979
30,19,0,3328,0.45132297790325265,True,,0.04935539315877878,ransac,19,False,True,E9|chir|True,10000000.0,1980
30,20,0,3328,0.41080863048818067,True,,0.05569525186412235,ransac,19,False,True,E9|chir|True,10000000.0,1981
30,17,0,3264,0.6300002186258256,True,,0.05522971898044787,ransac,17,False,True,E9|chir|True,10000000.0,1982
30,17,1,3296,0.29461756876680834,True,,0.04822746777198839,ransac,16,False,True,E9|chir|True,10000000.0,1983
30,19,1,3312,0.7527839977027572,True,,0.05816858560923717,ransac,18,False,True,E9|chir|True,10000000.0,1984
30,17,1,3264,0.3731071294934223,True,,0.04164926762273833,ransac,16,False,True,E9|chir|True,10000000.0,1985
30,18,1,3296,0.8004021008219352,True,,0.05538009586002444,ransac,16,False,True,E9|chir|True,10000000.0,1986
30,18,2,3312,0.339176611532742,True,,0.03544974012299377,ransac,18,False,True,E9|chir|True,10000000.0,1987
30,18,2,3328,0.42706630287200203,True,,0.02933292100868404,ransac,16,False,True,E9|chir|True,10000000.0,1988
30,19,2,3312,0.5851181643292871,True,,0.04990724717787673,ransac,19,False,True,E9|chir|True,10000000.0,1989
30,18,4,3280,0.90586336011973,True,,0.05734019572384071,ransac,14,False,True,E9|chir|True,10000000.0,1990
30,19,2,3296,0.4224640458341821,True,,0.02902327554971405,ransac,17,False,True,E9|chir|True,10000000.0,1991
30,16,0,3264,0.2762290078819118,True,,0.03772514208177641,ransac,15,False,True,E9|chir|True,10000000.0,1992
30,19,0,3232,0.2116885511527865,True,,0.049650841552818716,ransac,18,False,True,E9|chir|True,10000000.0,1993
30,18,3,3312,0.4862036131281241,True,,0.05502740951377806,ransac,15,False,True,E9|chir|True,10000000.0,1994
30,16,3,3264,0.7318923793543581,True,,0.05812122357254386,ransac,16,False,True,E9|chir|True,10000000.0,1995
30,15,0,3280,0.3412164212477552,True,,0.044855388424825504,ransac,15,False,True,E9|chir|True,10000000.0,1996
30,17,2,3296,0.2691648097614715,True,,0.05294639729300878,ransac,17,False,True,E9|chir|True,10000000.0,1997
30,17,0,3296,0.3769165812903878,True,,0.027788908266295997,ransac,17,False,True,E9|chir|True,10000000.0,1998
30,20,0,3264,0.8992072770111625,True,,0.05636407165961355,ransac,19,False,True,E9|chir|True,10000000.0,1999
